temperature,humidity,ph,rainfall,N,P,K,water_score,crop_label,crop_name
26.988962852336698,47.01086944283389,7.0739814522761675,201.51194714179016,146.85090555000517,40.495877754336355,67.15910054573533,16.439408691584184,2,Maize (Corn)
40.81714335383799,46.053621939679985,8.12444548184994,68.26818138944654,140.58377083849427,36.62664914198331,12.603094127763981,17.87409770245273,3,Pearl Millet (Bajra)
35.56785460347372,88.90654773386738,7.920724184055715,264.27047773934817,28.193297746037956,21.734621687771707,28.021332088105204,67.37368682522055,1,Cotton
32.36780362072888,46.220502990217895,5.192549571121981,191.67254693938762,185.28875693210202,62.690333659641354,78.49953791552882,52.85078276505385,4,Groundnut (Peanut)
21.744447370618477,47.676732198361016,5.171622613836632,64.01708739594719,118.00971840979572,50.27929524831974,55.22515609948787,79.5565420280905,7,Sugarcane
21.743868488068863,79.36088705716764,5.70678465485211,289.4546560947379,79.10784901578,87.24159427078035,93.15706086976925,90.63183368623076,7,Sugarcane
19.394006692036786,59.2330897592851,6.124836268534668,165.14232973388977,153.74233086410825,8.050410145795535,45.73138379242866,44.17628523509618,5,Soybean
38.788227498598445,80.48618620208677,6.338050116338172,40.4115665240634,58.89943709631047,66.16745311773701,87.6321747523227,62.48408233944887,6,Chilli
32.42676028183701,34.24880024168504,7.558637475750054,195.51321323621883,141.76686903880088,77.4801434585983,47.650766560432565,54.06130324598727,1,Cotton
34.99374186710509,61.69212758876998,4.755061944746259,90.89569396358687,17.545129438726974,77.15122407288916,98.0285864766886,96.38173769653409,4,Groundnut (Peanut)
18.49402786309926,32.18488401191337,4.656027169017299,245.03416652564468,169.48752714576167,89.17702687407488,96.1842662328933,83.13542784738037,5,Soybean
41.277836451887865,34.072458224598044,6.263597533247591,248.99018059853339,95.15246093405051,74.25820556880194,36.26798702782763,90.23291832840711,0,Paddy (Rice)
37.97862337921012,88.9184344673867,7.637236614620912,294.1052596393053,130.97165372800893,93.14195585653115,89.1627486895963,32.38192770682917,3,Pearl Millet (Bajra)
23.096138656278626,39.05094912264369,5.370459043304171,160.52346868686104,52.035185763269894,36.602376982984694,85.52308055048668,77.9823252383083,0,Paddy (Rice)
22.363799212970413,64.60734434788911,7.386770165653132,147.3879263237664,138.6440054051051,52.80489459139659,25.014637746118467,33.3616437997931,2,Maize (Corn)
22.401708236482413,56.72121416904592,5.669226620731347,230.97316952501458,156.72565241972256,6.337568011874614,64.30758807441063,28.36934294169831,5,Soybean
25.301813831028905,52.577316206824776,8.487387489660824,57.09178377573944,99.91050550803575,5.660970793812665,11.90481998103241,93.09542204968847,1,Cotton
30.594154359173707,88.48916746967271,8.530604749199775,173.13634386207477,127.36811557174092,27.81202894289439,84.48751845542886,11.698788671172265,3,Pearl Millet (Bajra)
28.36668044741078,31.418520790406816,5.837792419265969,172.94932803663826,96.70192552625572,14.5766837282131,21.58185893283217,94.95420592238182,0,Paddy (Rice)
24.989499364753005,73.1463296014133,5.534971892834582,45.05247438690842,179.87736015899065,29.720079953896594,11.727396631647629,23.135046935014948,8,Red Gram (Arhar)
32.6844694733371,92.62063822388077,6.350867874298041,137.0355439419358,104.59514429772064,21.819112980197755,43.020814076187065,82.1105511978076,5,Soybean
21.347852655649003,66.41093192501972,5.58239213331067,258.9197435988166,169.9436547154756,7.709402359671582,59.80760316696613,34.281184669993074,5,Soybean
25.011471564845237,90.89346003215097,7.525727294812667,259.72301415850484,162.25689107134724,91.38389390857469,86.21711106317825,40.86180481390401,1,Cotton
26.7926842390486,33.396762153591546,8.217291080467284,47.78654617751068,87.99591605618774,5.7811974819446945,97.55303992456497,29.074678596334678,8,Red Gram (Arhar)
28.94567962120886,57.22156573982049,7.528914589100476,45.40184716939264,53.71605345292026,74.92780371202312,46.75178869413705,61.525235738335006,1,Cotton
36.844223073432325,46.91025641253333,8.209577012622074,93.55473356054188,87.15560518635648,19.45404925735407,10.74245768360067,40.63240818069292,1,Cotton
22.792170771800635,77.50336272374744,6.286464729933634,264.9344975151182,166.98130139729182,91.66181408996201,76.16598000745772,67.85058747553036,2,Maize (Corn)
30.341626521926678,93.78431088232104,5.203426368189874,56.09272382057971,53.25018180568455,89.81561426103914,58.691459341274054,11.376963978901806,3,Pearl Millet (Bajra)
32.217949652689015,46.67445405887611,7.820779263289165,221.59910473568496,109.64290571297238,67.12060890507945,47.549677760224,15.664989749323485,3,Pearl Millet (Bajra)
19.114809905279945,72.52134909581484,6.122135273136992,48.3263734916689,163.15838211254203,68.86224423105749,34.380543485258016,18.77018144034988,8,Red Gram (Arhar)
32.58107644563452,42.87634612938311,7.520718713531096,194.4785990493911,77.16072027439198,5.5072184871204115,52.727860145135885,46.87144430730034,1,Cotton
22.092578968494998,66.74646654715465,5.717897738917945,119.69884375336055,132.0198310305125,98.56279878079219,37.17456242341794,81.7020631940779,5,Soybean
19.56123823164671,60.15561163474185,4.865533356630027,240.89590963044276,56.66999906927476,88.39409733970237,76.91612743599923,88.15965611329767,8,Red Gram (Arhar)
40.77325289408,93.18034642604991,8.966618079694936,85.43332567110181,30.763094619950387,90.03509144435874,56.669901166800905,31.543345125359266,3,Pearl Millet (Bajra)
41.175168793789425,69.55427272527032,5.202906785687697,198.97651222918876,160.9330027676427,67.62823101983284,88.30053854464063,60.54453573303323,4,Groundnut (Peanut)
37.40153635479507,52.717914185643224,8.947894472835664,85.99110968124779,28.804038447654296,37.75475822218097,56.636671891697,77.61611935694884,1,Cotton
25.310730460160897,37.41622601771567,8.897759696549013,219.82487927140306,61.562465065121074,89.89662166359568,27.63492926729335,35.416989832925566,8,Red Gram (Arhar)
20.34413073615321,39.831043867770745,8.072181467586178,264.62984967700964,172.4707901795136,32.69410817436327,85.85372881205373,45.99268083279205,5,Soybean
34.42159263629176,44.64560044683028,7.467403329368989,55.50450375549281,75.82916454494676,58.457596617509274,57.93580926835417,56.10972983634282,1,Cotton
28.56365984975043,46.312832987119364,7.100131726129881,262.646792806741,194.8786164076906,14.474442372668827,24.649898623638318,21.8689864839082,2,Maize (Corn)
20.92891763627469,85.29004375967395,8.397456954200257,186.20107123600343,196.14952360703336,92.58578486261126,64.2332419458411,12.286441847868668,5,Soybean
29.884245842670484,66.47948123836412,5.802477847287696,55.590937442766716,60.972443886175775,18.373193488265265,38.98309266953062,23.446911220008925,3,Pearl Millet (Bajra)
18.82532450676524,64.02040923933382,6.6045654561819465,139.71171950071937,17.785862227479186,26.36519654438869,85.21853316774624,65.16311867031094,8,Red Gram (Arhar)
39.82368964989077,37.459976671499135,7.2872548621492585,65.04088217582742,143.96202399902202,58.02274502218042,48.063475171421565,16.478407014963988,3,Pearl Millet (Bajra)
24.210719558400406,85.90908006771328,6.35035714141271,216.09740888263946,95.68743550318531,77.58883502023325,74.01192902020459,26.69328010681129,2,Maize (Corn)
33.900534824495566,76.98292970855144,6.423689043406206,232.4830776370259,29.143040352319495,63.8383740639484,14.075939725442531,39.73114194118673,3,Pearl Millet (Bajra)
25.481065826145862,34.398443523500106,5.98628100375938,49.623025676383705,144.42933560582813,27.052721716014837,42.62231289872289,16.852565658960238,4,Groundnut (Peanut)
30.48163250826746,76.00928131993496,7.039043175080412,161.71915875450043,15.923232731265031,5.089589040111582,98.40793646487788,26.86953586222383,2,Maize (Corn)
31.12104670423871,65.32998412727198,8.327585376068022,248.09501568725682,175.337371193526,76.92930512920672,81.80372750032909,90.19174143054897,0,Paddy (Rice)
22.436506932612648,35.312147473540584,5.4068777010284075,282.125651634279,36.343980531527706,98.59469596155391,20.19437622485822,11.69832363597466,8,Red Gram (Arhar)
41.270031066349404,59.78954169936267,8.704948674390486,163.7850026876956,34.189256961877746,81.94174642907859,31.387584700339232,67.50200932734387,1,Cotton
36.60318776066675,61.50525866345305,7.600894441867034,286.078182611194,43.37773661403106,48.719628724878454,36.3325018413543,43.82798592053627,1,Cotton
40.54797459754054,40.775345110612925,8.204729457060136,169.99291172768835,192.45060811349265,90.85788983291512,66.78472824706733,69.19308907004866,1,Cotton
39.475856410263575,91.47037955501835,7.0028581168350525,130.37333848797422,141.70217844823074,43.93552894624325,76.91450215151728,61.8048713919796,1,Cotton
32.349599491466044,85.24839914624303,8.007825156408286,257.4968759948107,162.26059173809097,54.868738003129415,76.20502783675143,29.667890383208697,3,Pearl Millet (Bajra)
40.12498164055481,73.48645192639205,4.572901788027602,158.03515892826493,85.55064728922308,50.32732790258991,53.43803534910827,84.5544349064582,0,Paddy (Rice)
20.123820049246067,60.04921146503947,8.182711911507909,152.13270295806646,73.89941822594156,47.52426790322487,82.02795109462437,53.290753669623385,8,Red Gram (Arhar)
22.703588698059484,56.76476020299305,4.680624865884149,157.28749703475194,54.55196128880229,78.64312308292105,46.52241786196013,82.3831696643855,0,Paddy (Rice)
19.085454933852915,72.31327536481203,8.504610193632882,257.0998005235287,101.32312537935769,55.04304619060174,16.76865370307838,45.729103184563286,5,Soybean
25.807927938318343,65.45307151144885,8.963832362573894,252.9436316726546,114.84745937149202,35.088126592395525,58.621974957112265,96.65232874454104,0,Paddy (Rice)
27.328254952547567,34.047751882322565,5.8233035797955,132.98559788325912,130.03722029402354,29.52502592755544,95.46863153710514,77.80306354811407,4,Groundnut (Peanut)
24.512376762573503,63.31267217007156,5.446433503286071,113.32396076374701,58.85251575975196,8.585995111906172,80.33439688228857,95.00361804990646,4,Groundnut (Peanut)
37.8897002196463,82.41623512013456,7.944135137361183,157.7398467309562,190.24427537156822,60.40354037888937,59.97656153076303,55.26073014406758,1,Cotton
26.562079840646142,59.85059204380227,5.6386185341411394,180.37630272639052,42.25411465935581,26.84633446309825,66.4465377331642,51.68481964158164,4,Groundnut (Peanut)
24.74242823249714,33.37717754102745,8.395030724274916,86.73441897583915,193.47410320561835,19.072722591556392,93.4033925683794,76.47993522062269,7,Sugarcane
31.024705995797962,81.10808295996216,4.962791664708645,242.30742372036536,12.82266327642572,67.11384656362938,45.692565471321245,87.46563114518186,0,Paddy (Rice)
21.382181399394305,43.08864583883833,5.066798383707113,156.21517440507841,101.41388144520067,69.71487949304714,36.482443199550545,94.84483003616911,5,Soybean
37.25272753809695,46.810354267722516,8.906181997952771,113.53275355758869,73.33988924214694,76.45471476447827,97.83794867504265,38.56056773085997,3,Pearl Millet (Bajra)
19.7892154483145,40.70591297309923,7.532275042215021,49.90987802991737,95.33344864674766,52.83980515216619,87.02709768348167,80.28600249815223,8,Red Gram (Arhar)
41.685286478412415,51.463979216647346,8.310992509930287,86.87664491300994,118.42627000634992,89.93518749436923,35.68914053876723,28.53681259192723,3,Pearl Millet (Bajra)
36.53387446311978,79.18884786976128,5.959482198081831,285.79872809167546,92.76194002241472,93.95256157283164,49.059156749287666,58.010542513599184,5,Soybean
22.76917635682014,63.760080867755924,7.54417687284272,105.42791230946744,88.82090155730305,81.7002392802865,44.43242225574091,25.826637060009524,5,Soybean
18.132530810966458,43.31728281979632,7.174088222888687,67.28060102276989,149.21744892852826,65.38138079077778,19.16408947378622,40.570967834029815,8,Red Gram (Arhar)
37.571074282916015,87.05895507988265,7.214175540553262,148.9883816633981,140.31649226642827,33.853490591162924,95.99283576225962,91.95953631416842,1,Cotton
34.96457625234281,87.1728205718494,7.571396067919747,105.98456814086963,168.3215435868111,98.37976755392101,43.40968096587709,22.855981580031575,3,Pearl Millet (Bajra)
35.496172032983694,86.58759762799045,7.089116279080944,29.844590075934363,57.49220643550416,31.042935883234144,88.15626285060125,65.6512787718973,1,Cotton
36.5104883204627,45.521753739800054,6.430780661861997,110.48066083823683,125.81041685327209,24.25240758909095,22.98884162966318,62.179976017611494,4,Groundnut (Peanut)
19.777071641618168,59.33055737176423,5.741652124712461,172.3504147030512,121.18700922464224,47.00464080972536,57.04772701053588,20.624975038390808,5,Soybean
26.60317748506254,94.02432764915687,7.9586159891094095,174.47946416559074,80.25018406581086,10.399854217676904,7.276331586805632,38.68615585165547,5,Soybean
20.780857428603113,80.18081096014937,5.518225935014338,119.83649792952883,102.35093296150937,97.95697414382012,77.6009459650193,59.542372397343385,5,Soybean
38.714482221014244,31.765882379661388,7.615594377694864,145.24477175072818,69.61860722808845,60.90118785956036,60.18682033339645,26.471717590987144,3,Pearl Millet (Bajra)
32.95915504386139,34.23829843193198,5.54999770192197,290.3450171057346,36.95043554722719,57.91044870809665,64.4310104296265,80.45488176432775,0,Paddy (Rice)
25.94155259646358,60.15553949280163,7.313985764795042,125.65757362448726,50.62223002591924,67.30064659047339,9.913483842692077,95.549772839058,1,Cotton
19.525400406864566,89.09931338100141,7.86185220208063,92.30350771279524,30.047592816228207,52.21724653883463,25.048641369818462,28.898827196697543,8,Red Gram (Arhar)
25.463575721175893,65.01561686692642,5.484212500079426,88.17077233869283,139.7832192861236,8.04603412398145,12.061432873590114,26.448252901570683,4,Groundnut (Peanut)
25.80439972864193,62.35781302222887,4.7697448538758875,148.17409155715757,135.53820469073878,63.169572439837694,32.44686000136212,50.03428631817513,4,Groundnut (Peanut)
35.51054828011354,36.85579049718099,5.089381843473784,232.66564164074433,190.61521060017583,73.03651831086091,64.60670572980435,75.80334438832283,0,Paddy (Rice)
33.301379312525114,72.69070680707911,7.2269863527196145,77.6766915727725,148.63889859297583,44.591160759285046,58.787668510150645,34.780853700702124,3,Pearl Millet (Bajra)
39.29310582183184,83.43670543901466,8.32250882801581,218.60291559941507,19.888709363664972,76.94307934676333,63.15423305327207,11.749431965360674,3,Pearl Millet (Bajra)
29.333158203886782,54.727300487991556,4.702485695559409,25.92195053783656,178.0065830465013,26.565123437149957,57.178870780899956,57.627415266894666,4,Groundnut (Peanut)
20.87026190251924,80.41477031014628,7.803680665687408,137.3012338355049,173.9082809596879,26.02127615128748,30.93773558920664,94.18084996352307,5,Soybean
35.11787489335188,92.69098250355276,6.0359339067752344,237.24221825678032,94.23086094681275,20.334613830319526,28.228212247720396,44.43236327581121,3,Pearl Millet (Bajra)
36.25884116680554,43.244819843299794,6.653377664637851,114.84522761684079,121.31397960030509,40.339502179970374,18.02066993597522,46.971840768112834,1,Cotton
31.47065274166791,64.01642602765818,8.679867974305045,177.84638840471186,195.45488316977858,85.46614336196293,85.66173311583175,95.26335110603534,0,Paddy (Rice)
36.50321231890946,48.66396727549741,5.993871771311305,77.39418519125502,111.13782913115159,83.65164590416111,63.56553906141823,71.12546982315209,4,Groundnut (Peanut)
29.851094312745378,81.53553723719955,6.594016202727687,227.75870951532823,182.01114739145706,41.36829975653286,22.71854618788568,73.28712921010701,0,Paddy (Rice)
30.545587905167856,67.54356878227523,4.5615708664230645,34.63814891525269,25.777363983935423,60.966279918122474,21.834891083017755,59.51777647265395,4,Groundnut (Peanut)
28.260984440605192,71.24785714076975,4.867194240021773,258.71194056514014,46.29985505464974,73.47755006511699,87.93838214498298,95.76561055596525,0,Paddy (Rice)
18.610059041858285,81.86442037503312,5.663662160106528,75.49498819806709,93.74343925385038,27.914643589662184,75.55943205751534,70.62025062944893,8,Red Gram (Arhar)
20.58939424783931,55.73808072305957,4.625335083694835,264.8314488783326,121.1037935840879,20.97340316000097,67.64291259101029,88.76288214125492,5,Soybean
18.754300456481623,89.48085444645781,7.341188967217129,118.70818756414485,165.08329185393205,97.34911935516955,43.65209021623348,71.54534018452347,5,Soybean
33.27384987033073,64.6468763709991,6.418792605607301,222.35140085285624,197.7698018772055,63.667944754913755,29.887678606459165,74.69019258595485,0,Paddy (Rice)
25.54454354583184,40.26706348429762,6.966653412276099,109.38308338013277,83.88178433008213,98.23449357419807,98.04782249571825,35.55616114851769,2,Maize (Corn)
30.205696587952865,75.23344268097216,5.2859123365334835,273.6552679457013,19.00897086661614,37.08681877756177,80.73775962716601,36.70612542521607,3,Pearl Millet (Bajra)
39.78159537422623,81.56198777848654,5.831694132464772,55.45839514514482,162.2225856261117,71.7880114975425,33.669026197946266,78.90264916269057,6,Chilli
23.983013499572998,50.58950900938923,7.4872101368372626,69.98554099632764,124.83233662573355,26.147345471417584,85.51865564645699,36.110153446951166,2,Maize (Corn)
27.849190152855115,85.71665170491895,8.843862256336799,158.04843504446464,47.72314318495832,29.81401627102173,77.09853511839474,59.52376623053478,1,Cotton
36.13322732503317,88.89931155977482,4.726875481209941,42.942762930680914,104.01740675806982,53.63070152061428,33.22265223840985,31.94300335978977,3,Pearl Millet (Bajra)
23.49115597179894,47.998791679557584,8.506729443848698,74.87445171649334,151.03894665140763,35.363721923266766,45.52252115295577,81.89453751119811,7,Sugarcane
19.847517835891033,93.92889572648943,7.095965405900438,284.254587019364,156.37823954304233,20.924048564855525,22.665577312147533,19.724118908036722,5,Soybean
24.95403486993043,39.1462493231693,7.037638050400307,293.4171051214084,104.92749827976478,29.973666688985972,15.549982215920387,82.99130429902647,0,Paddy (Rice)
21.869310894096106,43.131018446161846,6.751253408434922,125.35261221251814,67.99076072448324,8.396097474257141,73.6623931197712,63.04022244466896,2,Maize (Corn)
40.312743656221755,41.9746145504717,4.812273386568825,278.52008588390197,195.01109058731376,71.92024404036123,30.41362644861733,26.4480390647828,3,Pearl Millet (Bajra)
37.39488910954601,88.10933115051158,4.904445832812723,172.5509091885609,136.03889608173364,51.75108242315685,82.90563974589409,57.6991139245384,5,Soybean
33.201690156250166,72.52901590112252,7.204104025465887,95.52789044465477,87.56512867579676,13.953091308429935,99.58282759387048,34.85989764256596,3,Pearl Millet (Bajra)
38.91505416450522,39.886778409447736,6.034313571460013,216.67164190256761,63.28801259888396,21.310929347206663,12.278882323316623,38.4651254562837,3,Pearl Millet (Bajra)
37.28812984557875,58.62102219394268,8.627706299599563,204.49250584096,148.9095667706768,14.74078112070118,49.938336882951525,40.93446766052547,1,Cotton
22.47768141326486,69.99437162953714,6.329657418117625,296.95508935044535,56.014854662815864,63.196316786208264,81.19594313452629,15.572093733564243,2,Maize (Corn)
39.421415963759465,35.42516552430992,5.144766564161885,94.21324047459932,42.62489790500075,13.949984543186911,79.95033517141718,96.76462822732474,4,Groundnut (Peanut)
30.944213805975618,87.35706394647701,7.7162347507591615,208.17666074528591,110.66843890279335,76.65682163834553,77.19973004144201,12.77504727554772,3,Pearl Millet (Bajra)
37.3785637239375,82.23422980369978,5.820090396484544,34.56665140824513,65.09760460238695,6.948537335437162,38.15451885368154,68.2997248402165,6,Chilli
39.50619119816383,62.838440282481486,6.864616383101519,51.820890835081435,129.49197753548685,28.69069985960975,48.11605929007997,42.668033002653885,1,Cotton
25.632083399324735,92.86322999184608,7.640247534773265,21.097144986306112,32.408348226104366,89.61333420973118,61.521993947439675,66.8489056033095,1,Cotton
20.64124618866424,57.15446365288148,8.551188500409317,299.8489906967085,134.4388098677911,73.26047522161338,97.52435543945943,41.34984627170738,5,Soybean
23.4704439010066,93.96717073737236,8.064860376607543,244.63663520129379,63.82634031956342,11.931991627940334,36.116990739156826,69.29005687077957,8,Red Gram (Arhar)
28.250586927030152,73.41479992223576,7.5436248054272586,240.2824441253914,10.046157542557419,83.00697992609207,92.69866933310149,74.17272483321575,0,Paddy (Rice)
37.63235438213984,71.2536327615062,7.558349320778146,162.7233010806903,34.11785095809351,51.838336546319454,30.58890722714694,70.76863235516873,0,Paddy (Rice)
38.657533998152246,40.78706819422602,8.75666089814439,104.01878321352318,187.38692178866788,85.44438758103878,98.96207422000194,20.0286543595174,3,Pearl Millet (Bajra)
18.166851132748576,87.32530428980186,5.8312084387344125,62.35399964954926,174.79738143191798,62.07027857278737,68.67505024862122,67.80660464961224,8,Red Gram (Arhar)
30.257935261861576,57.78682971483998,4.505004423882843,99.70892687700983,54.385716086885,69.77413804312158,49.03359063406234,34.63890435196056,3,Pearl Millet (Bajra)
28.017864075570696,40.54517137586116,5.723795517291894,125.27194214015896,157.89066186364332,99.38264823759228,63.272090666042466,12.53452061010135,3,Pearl Millet (Bajra)
23.330587451297525,30.819488798424338,5.4805112083203475,231.76682715448234,125.62860270305511,27.071876862781725,30.890461058819646,46.50509912622795,5,Soybean
20.876768816008386,66.38411943649487,7.478255633012992,171.10530089288267,194.4718951754752,64.27482960233189,31.046516463589327,48.15179304673449,2,Maize (Corn)
26.102764113687073,64.28097543797396,7.3517021989448805,41.69541543553515,80.98507531147123,48.73053205545284,15.787681665131915,51.11132373501529,1,Cotton
40.629832893900456,76.7579854539953,7.170576222171257,25.048122508495428,139.47751637826255,8.747935527655686,15.834778282012882,72.02452655438303,1,Cotton
25.756870368498127,87.86677344615714,4.5730954944425415,48.65301026953768,22.071787260544532,6.374710942772178,38.02881543954658,37.1782552045364,6,Chilli
30.450974921840785,35.16142800179692,7.779501245027914,134.93963983526623,85.28699589511713,16.32671489269657,77.4712704001553,37.744685153145184,3,Pearl Millet (Bajra)
34.87245501348427,77.54727187212356,5.955886856184712,281.2940167737251,193.12535562575428,66.66371535116207,62.757260921825434,15.328598549230932,3,Pearl Millet (Bajra)
26.727110457103056,42.181776366342845,7.49275195052984,198.47269473858205,112.40636614552291,58.88049335177226,14.745533231446977,70.44026700732203,0,Paddy (Rice)
41.322769985303054,85.78150845521566,7.00460292825969,244.51125196514423,64.69710563362047,57.57580831055411,85.96246987271154,59.96869604316339,1,Cotton
41.09873507861067,83.23912840100765,6.042289164425583,150.58488646127358,32.8514829944353,8.026392440184708,62.12992456405631,40.74940991705335,3,Pearl Millet (Bajra)
24.04277509980874,65.15159407406038,5.105593201968485,121.26650329461198,143.67038463449077,49.58378465420067,96.28127979455408,72.05663014472721,4,Groundnut (Peanut)
29.93396414141725,76.16578191051525,4.924885039472164,50.352104360654366,132.5226482516481,92.83916769504022,68.66761940406471,57.28748193196519,6,Chilli
25.221079435602473,50.43275735694365,8.241832499005007,265.2612462121374,81.04835558471717,42.77122758451143,21.641612051897194,51.29355523660749,1,Cotton
24.83617186505922,60.62591343063295,8.63278893936701,239.2848081278128,190.67885685450852,64.36763462990335,50.009419419243116,54.996559842179124,5,Soybean
18.88528673650879,83.40639835118066,7.424046210439348,67.07306732736303,14.21853446769156,79.08277418419864,66.6072717669844,65.99863502350098,8,Red Gram (Arhar)
32.629544015517524,59.852237816258906,4.965453516872175,163.43295788535295,67.7075318100469,79.47290151847932,7.685146599747881,68.08022920256475,4,Groundnut (Peanut)
30.064296557492675,53.25688724615372,6.309122475997083,156.46494621794858,185.00320239692047,54.331607827550776,6.41647509470675,35.42828808438311,2,Maize (Corn)
19.235490029999745,62.12380907126949,7.780226400473207,195.025634752228,70.97773328069367,86.50543481322195,17.29328505686395,22.385415978421484,8,Red Gram (Arhar)
24.687515141678674,83.83620140841919,8.009193978045307,284.9323303175531,57.928038432482374,42.18091886955596,28.908121329319723,23.78380794476565,8,Red Gram (Arhar)
39.79838126319969,51.788523079106724,5.031983800309899,182.3360036934943,111.501877886937,89.42585540455585,45.807166734464175,66.26639795946414,4,Groundnut (Peanut)
23.74948537600734,41.29450355382335,4.500138234804221,171.2608346980132,166.5223324849022,27.821580807576805,51.306845007179895,86.81284914750708,0,Paddy (Rice)
21.477476930189354,76.28091132150075,7.704616706462723,34.0904212217059,29.5978845668886,31.620558664104248,18.112622849100195,46.03567249440856,8,Red Gram (Arhar)
29.74686624666151,83.68858382602531,6.104682791937925,37.6140932850467,189.17393483268987,10.046459298905106,68.97220001600392,24.91777410899269,2,Maize (Corn)
41.655610898654416,36.541436104029664,5.6451659922821715,72.45710157150089,161.06384742442117,80.58027447151687,61.63311586117081,76.5810198498592,4,Groundnut (Peanut)
23.80932651627601,45.591817329136404,4.558038614052864,29.091816073689518,44.437548554794866,44.62024744210703,32.97408938991022,83.25907374891148,7,Sugarcane
34.13125313774108,39.2281793344646,6.931347330426749,228.13881075960347,145.2815126276509,26.76607832158291,6.297688926352741,87.49125499464506,0,Paddy (Rice)
36.278870767889224,52.616191752840834,8.330178309416919,222.5324851183097,83.14215730113585,27.02007637357507,12.37655195856262,63.40116574440852,1,Cotton
23.70330105581759,59.27281362885182,8.809342408226644,58.095745640860024,86.43598883450055,90.63299441677715,42.211003673529746,85.74411322615146,7,Sugarcane
35.47719236668463,78.67371190261491,7.045852277759801,254.10209222267866,158.82511756338462,84.2220770437985,19.627563360739973,11.356516343459877,3,Pearl Millet (Bajra)
26.82679518526208,72.32459301730881,6.815075974829524,63.340089756911354,192.9291135163391,57.58543410893242,40.79786258405723,19.43675055571807,2,Maize (Corn)
33.17533993424591,70.36035688609803,4.882753734701585,104.32916435926046,34.06461584096685,63.5305260394935,64.67734742848373,18.14669390058469,3,Pearl Millet (Bajra)
33.204713058261476,52.90437152962754,6.969927606941699,89.7135317651822,89.91974500697569,50.06092920227765,56.98755564853194,72.70921221441651,1,Cotton
30.858592417794203,84.6940909505094,6.209905855344276,124.24598760045338,101.37890553601767,42.20832157348684,26.961708898052454,16.123196951834956,2,Maize (Corn)
20.1669544813058,60.6336658808807,7.232108763976097,91.30585444918933,81.49924522144954,91.9703037157415,37.663136669581476,53.68006477703502,2,Maize (Corn)
38.04725989414171,93.64182097098504,6.24926856544446,156.90625940276658,79.00593350608276,16.933206834428695,63.33296385262181,51.59820707999344,6,Chilli
25.698721559321662,71.2192389892229,5.58134605552665,134.0742067793119,19.93104683670334,44.75244502304165,86.78122766412763,37.341910073125206,6,Chilli
22.4764442495965,38.20720820169268,4.927343738527695,296.23945741821143,140.25233790689842,37.733381258848155,76.55527668019334,86.59565495490479,0,Paddy (Rice)
18.978603397314334,73.95154153490321,5.917133000650031,35.65937803590319,92.88073925280862,52.3243184238591,57.57300254917442,24.99812176543965,8,Red Gram (Arhar)
32.1814306365178,51.13176100306043,4.934901754294885,59.810785388458456,47.01082250234609,48.475028081791635,39.41783484006619,41.016725027133106,3,Pearl Millet (Bajra)
34.261544684214776,74.61126778459634,5.296036278707928,34.7912502944087,165.046365437393,54.29450550685274,39.67987136647152,78.12709200201776,6,Chilli
18.39810789426855,34.52667463055637,8.943012713607956,195.23553459506522,162.4865421488093,18.29230283656444,88.54464447511762,12.677163666609014,5,Soybean
30.290233399182743,41.36729341643736,6.498466006079784,35.262597675841484,102.41440933688982,53.74844264376132,8.728139723851909,69.21963522168045,2,Maize (Corn)
23.435898604750513,85.62292182887612,6.8934229492725745,254.20312646531454,66.70562561807449,28.02978731928503,98.85835121992478,81.84299991981821,0,Paddy (Rice)
33.484146969826796,44.76667120652847,8.431283379317469,163.34281659093978,131.23761790132596,22.51147815387817,68.11566403089842,92.03956981775872,0,Paddy (Rice)
22.184794296119794,84.4076731407911,8.980060052208096,167.56213488282944,64.74890579770658,11.159250784688165,69.7080814118771,87.11410436325068,0,Paddy (Rice)
34.58250571445918,48.15294574953668,7.122215022051067,177.2464621594144,54.841506761505286,77.4519930818334,8.609794543950505,38.10580228136429,3,Pearl Millet (Bajra)
27.281648311212898,71.787324153816,8.156132194698772,67.827837765739,148.79778426500206,45.606982481373194,62.525281114670854,61.60004443641982,1,Cotton
40.48151972968163,75.11978727813901,5.971234609515038,75.35328487205652,17.661795546980635,64.53114991461705,51.05391570859246,16.801827397240995,3,Pearl Millet (Bajra)
21.300502659503838,63.32255895442844,5.87584780851281,109.26885040444131,28.00600949657285,74.12136761395062,15.048996154936365,32.69256031222476,8,Red Gram (Arhar)
26.185592425206202,49.84519398528754,6.312166744475521,186.1789964301184,11.289753064482058,69.53508320478758,31.402591023089112,18.29156932978065,2,Maize (Corn)
20.723364509774136,43.82188446412125,7.526282682031422,78.83297726326006,39.05920543033097,49.69756831351982,89.57987334029687,37.73648153354882,8,Red Gram (Arhar)
40.192646838685505,32.1573080465577,7.5698626016479444,52.572883597313144,23.108101654987298,41.85036025041433,57.24889950726553,87.01647478436814,1,Cotton
39.05614448114355,49.756516080647046,5.918577455922529,291.632728197161,199.20244987818452,40.71619141586305,44.274574641521326,40.55068189133775,3,Pearl Millet (Bajra)
24.190599065163735,72.45558138453339,5.099444658614829,26.154908146694417,64.87389429127703,65.80463570835535,11.90480480487704,59.44703306412552,8,Red Gram (Arhar)
33.8396171048203,90.98981319915137,7.345783154094788,244.75527349408605,38.36092240715698,52.00546371947797,72.84154510321903,48.137514634114794,1,Cotton
37.613332804829184,86.62829134709838,5.07746637984944,240.64984188100618,55.78928901922441,85.66756355890851,71.7708282226231,50.38465413828871,6,Chilli
31.324819478387095,79.79421047479467,7.1032162870319855,103.21995187662688,187.86385859262558,88.09668851103766,63.33414266239354,95.32234056161712,1,Cotton
30.711613880544157,81.24907731146442,7.620399576253391,57.97545248204776,108.83044237463518,21.203235910619256,53.47495139096168,36.0615932072195,3,Pearl Millet (Bajra)
23.80445498161084,73.22401872593969,7.652751733775032,60.77602107751856,79.31543829849281,17.942196896843935,46.209518209700406,65.20455331803907,8,Red Gram (Arhar)
20.23446642734158,46.9186457417902,7.890624497968185,215.2808528264139,175.94437700275168,64.88808797341996,61.36075383385927,46.96551492299134,5,Soybean
39.53317819087984,88.96767699587895,8.42786739704549,199.98584550412863,85.04815140431617,33.61644606591655,27.172567914198638,15.380863932196387,3,Pearl Millet (Bajra)
39.61003337191993,73.59760027387921,6.749815463841548,239.16878879038828,73.6516282919622,6.764218282684391,94.41961109687654,53.061113182932765,1,Cotton
33.19443497455843,66.4286410137286,7.78612135288307,282.4947282717493,49.383679284449755,89.42105358948074,60.93548027212181,81.57421295596953,0,Paddy (Rice)
26.136714985168815,37.21431549887627,7.286277309146265,213.73966171464576,81.78139654278819,26.555572888161784,34.56328221366577,18.690261243988576,2,Maize (Corn)
26.381029790703863,59.058610347417655,5.339879729089572,63.63843023440417,70.17002764321595,93.28166191015187,47.71958583408994,16.12408257087519,4,Groundnut (Peanut)
35.422936292885744,59.92328762812521,4.615603401912336,88.163932694315,138.68775226664678,73.1562728334341,81.54005494330477,23.519573794607467,3,Pearl Millet (Bajra)
39.53064623886185,86.19663461897355,5.780436235546202,255.81424464447207,65.02071388743815,77.45208154159101,20.35352576937826,77.26720980225893,0,Paddy (Rice)
39.290074182362815,65.53213431220625,6.493651678519287,78.6057012335784,119.66795182028667,24.13884210035024,32.81938413372474,73.71159380473694,4,Groundnut (Peanut)
36.717013100582975,54.72603568307663,7.276976749928954,40.3062487472548,22.519511356074815,27.248470433597227,69.55326215997276,59.721563663737726,1,Cotton
33.40875950770291,93.49202135319285,8.324816987264423,216.91841513183013,46.34493977233773,54.52043661328625,34.971474615811275,51.20392356015165,1,Cotton
20.019359159881173,37.196838566210516,5.383105725177746,132.70737953723977,87.40700160615627,21.349486001736906,80.28765977683926,88.17267169383074,5,Soybean
21.87908913827073,57.465647840276404,5.064974054543147,277.611214712853,188.02035824265212,34.01601080488807,17.393081281849277,77.46940849734646,5,Soybean
39.5653005246499,32.73160388614134,8.835659763634474,202.07141990622523,81.67787728598212,35.53893540504143,77.45518619318781,81.45091811455886,0,Paddy (Rice)
32.55429743183016,78.09376784985048,4.986200517193832,45.31731378166501,136.1740830279685,20.16484365901259,11.493412910803793,81.56708251885757,6,Chilli
18.220729238799112,89.67497589294479,6.653209815482351,285.399838831025,58.46657226006565,24.492369172540272,6.196298203412004,66.5591096176091,8,Red Gram (Arhar)
20.43531702878477,48.20242642078181,7.135036779569859,92.39603381926885,34.136379434914026,79.91242499078437,90.3312342890554,50.30528693980324,2,Maize (Corn)
33.92404245859334,85.79220899194286,6.936184894083472,114.41949731376002,21.121954015209525,20.883606181990494,60.22722560856837,86.09164222753724,1,Cotton
18.121478012309247,48.994184980023356,4.887144706648244,132.63291583139176,68.02856472312276,7.7034522251726365,38.42355522324709,91.48865274908606,8,Red Gram (Arhar)
21.85939323401997,89.2000605068545,4.756621113016287,34.34280299320771,39.95559509141251,64.78871954974915,27.09649051156579,12.094931806734184,8,Red Gram (Arhar)
31.169610944798066,79.00752373379095,4.97467542357466,159.02431822456936,43.0619851230636,97.71839634228274,63.604149409777534,14.536828847430115,3,Pearl Millet (Bajra)
34.60548474462464,82.31894049469352,7.135144577426756,54.52917750108183,154.5442685935205,36.46531238919653,53.35520743599013,94.36941012794249,1,Cotton
33.64707022806241,31.170426114029542,6.9495519943544455,132.2716914727385,13.0092334795261,16.272291803643967,99.2017886753486,34.39013401828914,3,Pearl Millet (Bajra)
23.382463427053434,92.58267320981169,5.551833564165349,118.1987406377836,115.98392388973254,59.186795909915425,98.40551873210585,86.85651068914885,5,Soybean
35.092301312340865,77.233614484571,7.369983638305162,236.39522335942092,82.09766231275832,91.10365005408639,65.32733378345291,44.21397046860343,1,Cotton
23.6939780999232,49.80882120009866,8.190303759250423,244.88774325716471,106.24449998262396,79.48586908370548,47.0726980800596,20.480805069623294,5,Soybean
25.809592755822425,83.91065321582505,4.687105319309672,62.955607068944644,116.93774507077455,64.13900749920802,51.658392067792896,17.079001618421415,6,Chilli
35.915793722832575,48.298877896970446,6.741584745966191,122.63433246618334,69.53986194688287,34.93036717772194,69.83551129250189,23.77269511908017,3,Pearl Millet (Bajra)
33.59118957713315,86.72899957179831,7.601896854462106,124.53888508891288,66.0706834350142,56.4786164612409,14.64958170236123,31.990601148328096,3,Pearl Millet (Bajra)
38.38136185186027,37.317725376775904,5.635403671813592,62.39492430210382,149.34635137363207,13.668259923904259,36.193447012018225,52.98961514591271,4,Groundnut (Peanut)
33.782709415208245,75.73958853495172,5.884969073819171,243.56698141433333,175.54262774301986,69.49981530666365,12.150862895342367,71.73181524978895,0,Paddy (Rice)
31.63940648005132,65.14540098191918,7.2613705634522265,218.0239319339185,46.5905101671203,73.88412179527683,11.969272154107358,96.8030747307064,0,Paddy (Rice)
20.248194427874218,36.274740562703656,8.540708820496816,73.30690016316973,28.547564501678302,96.67800417644229,23.604727979952205,48.85259340944705,8,Red Gram (Arhar)
26.825179273426404,45.72309883682453,8.144659891363048,122.68213440626373,180.58120321448493,29.737749080781807,51.099059186356556,55.60027492619367,1,Cotton
24.36485682436141,30.80626235802546,7.124085985948126,49.62540695982398,76.48013809300575,6.753359809087151,79.55356051046499,55.919781721726494,2,Maize (Corn)
23.855751441098008,60.46991775519288,7.7859977299076215,195.8978471860523,114.75030422593468,56.83280412057931,51.12210966075789,57.47022328293837,5,Soybean
41.35225331405869,49.58224194940003,6.141701115935094,53.98413887361351,78.31319745880066,72.14509791769737,36.87027800328262,55.56117782519268,4,Groundnut (Peanut)
27.43434539200225,68.89323647935433,7.38434487644441,296.061567214977,33.90244390574975,80.08871020888385,12.823534081992022,10.77217844544877,2,Maize (Corn)
39.409117324250715,49.32045750106012,6.5978171600740065,238.59098091260145,121.97301254006832,23.405198637357007,57.27807470239731,10.151784345665982,3,Pearl Millet (Bajra)
33.14732702393431,49.49474224795401,5.354712614059024,129.26679388351863,109.77676183622964,29.866522558517246,30.77051571590179,18.594635995098816,3,Pearl Millet (Bajra)
37.075471284999566,78.30755791755422,7.657822232447657,181.99790103821925,48.568776246327474,53.696137900393154,63.41874690212901,18.936981101767735,3,Pearl Millet (Bajra)
30.06329023452461,33.129284338592974,7.004090868069699,275.1757085405944,95.85511848393278,36.40707694715017,97.83283521757974,72.03092798802206,0,Paddy (Rice)
31.84569323103262,88.68817468747918,6.113797118791162,175.1477985108313,161.4200257629727,86.74859122580727,15.574860540367265,28.03261086140798,2,Maize (Corn)
29.820424651652733,85.3971518354268,8.601026355353838,68.85957619142745,122.18095959049936,50.007214605178426,25.15191287858429,88.73484121849393,1,Cotton
22.685831707153067,73.40730440971643,4.5942035302203,126.03693956272461,28.41429214272902,80.95997118969028,49.9439811194406,91.71735700277772,7,Sugarcane
35.338850766276124,68.55940205697998,5.920979180622732,256.08056220832873,114.12408447353566,60.158877245823604,97.0183124578633,95.87861373483909,0,Paddy (Rice)
24.73853669858054,87.99966237907739,4.755966289999409,200.379644477093,143.52027686502151,78.44356345362564,78.32192874564959,92.63915483005778,0,Paddy (Rice)
18.583583194354894,42.04646166936644,7.9493729229973225,202.20282761346408,160.61364709834277,36.603933720380766,90.33177335046886,33.92617232883017,5,Soybean
33.49133510177202,35.13299554240386,7.659483543512067,262.71001599277696,129.53233994051067,83.98457908337956,36.70291060520033,54.860362333909094,1,Cotton
22.250656305769176,45.568161044119975,5.991084984313426,270.3124560895013,39.00505126274891,31.08436997734705,99.24365500896648,25.44003737733081,8,Red Gram (Arhar)
40.571006024469945,81.64758811551238,7.540483059931828,277.54192009824214,144.93292065213052,56.87938676031263,14.769117526094952,80.94644965517412,0,Paddy (Rice)
40.8942858480621,32.25356733722142,6.281717517881774,46.55777411088371,138.69495075548812,25.33067575151805,10.032426074379579,88.18199005268046,4,Groundnut (Peanut)
39.956745365290764,67.88244428042682,7.903142061400954,172.35528054966827,14.641107758720313,50.175019554488365,86.28224957013268,84.9134178581813,0,Paddy (Rice)
26.883808806130666,94.70343855243514,6.543826482315177,227.3426659411292,88.2320568421462,35.2266449033268,93.0901626696637,48.13629148532147,1,Cotton
18.37095879669282,85.62024609944007,6.355258775242495,231.93951663556388,73.26054692285092,30.336825910535353,13.605608966879666,76.76330185243673,8,Red Gram (Arhar)
40.27964550210541,63.89396978783331,8.706284619697353,189.8805365516011,137.18829220819225,96.86357671266356,15.775605540854942,18.58696692271171,3,Pearl Millet (Bajra)
28.276419559615544,34.13665910363175,5.628955949508152,66.70045385142876,51.06580433907494,20.207040021239408,8.151544986798513,13.541539814494062,3,Pearl Millet (Bajra)
41.199715657048074,84.03927843507114,5.0420130299845445,243.277755103666,122.26566536510911,79.79595455845255,14.92821845105879,76.28480445917096,0,Paddy (Rice)
41.12687945014207,68.93360303151869,7.130444009667562,221.6311733841848,183.50913274469275,98.49567115090542,24.894882596026683,47.43126414092416,1,Cotton
38.47222693121664,37.470644808871846,8.861948155278805,44.11801603373016,161.58245071963546,6.8906409553073935,97.15727879645009,97.60833529708209,1,Cotton
25.066773409670056,36.100723513518155,6.20027646177234,149.86675090882534,185.07696988114077,71.40760433399903,68.44672111276964,18.55837099528685,2,Maize (Corn)
27.242345486446204,89.1257432633785,4.779165436329517,68.713671866105,195.9161337172111,29.026621527847276,78.9625374242615,85.29523597510057,6,Chilli
38.42728011640457,73.4980170909751,6.026873702893053,114.49357279963212,12.027324131170925,8.846343311188923,78.73324335069461,52.238509766551275,6,Chilli
25.606128123750665,83.90364195558911,6.776692444438013,25.062705817591922,128.32084251172074,43.27451000087993,55.83200622902539,82.78921720434118,1,Cotton
22.06782592046622,87.13362851834738,5.228653529844962,132.09236315501232,88.43948557419222,93.84569196623313,80.76145288273663,81.90720083097274,5,Soybean
31.363230299000403,67.16520288314095,7.461459981254214,173.96553792373894,173.37235316367313,6.11768396486478,61.601715577047116,90.60729611986281,0,Paddy (Rice)
40.46771457985874,63.63401286407768,8.989872250545902,193.4831259915843,57.84479338173502,60.84914073332926,34.88187927231897,36.210800993177045,3,Pearl Millet (Bajra)
34.70471512019935,57.97778167086436,6.532827641916497,205.7772966360388,196.39560293186446,52.632665466555814,58.30546033299807,93.58234310465627,0,Paddy (Rice)
31.68146808214476,50.601528206422756,6.096278505285957,254.1615676686888,126.60451421331199,87.97149561524951,55.683315682778776,23.346692511470586,2,Maize (Corn)
20.332235850498446,58.24873745581627,6.3031687507551,80.32961403720441,160.77210642347788,12.980162879459439,83.22804010713546,17.213252428227165,2,Maize (Corn)
32.76017344078007,80.30217762246016,5.018157802778405,53.734910282771025,26.26391503632598,69.74497283923178,98.2640856512576,47.98216552876673,3,Pearl Millet (Bajra)
41.76129240250232,69.12502301598354,8.474731206418006,258.4304081314192,44.856998104184356,69.61042135116134,44.0490437149884,82.89242124048215,0,Paddy (Rice)
21.362016365676578,88.014013847065,6.366715449846084,63.85158816994197,154.0966978764986,68.56260160191691,77.52211445192917,51.66105949574321,2,Maize (Corn)
30.43991165672968,58.8197009346472,6.242734851411786,292.9328227741347,14.177439187471485,94.52177701882852,14.477485383622687,82.97722762268523,0,Paddy (Rice)
39.05695372627093,69.46082261671901,7.468606228187134,255.91070423161835,165.20681731981873,83.19331525565364,78.79898009758742,74.21243890989886,0,Paddy (Rice)
35.778446826100904,71.03499095097926,6.489150394190056,160.24544964908776,12.650313551463176,8.987408993133071,40.28460663935705,28.429697980226152,3,Pearl Millet (Bajra)
34.72837778388643,68.46031554991116,7.417050609635307,294.7979989781671,134.85257942164193,49.75287081692875,8.742065474520233,93.50158299115282,0,Paddy (Rice)
34.85961801569062,75.67119525055855,4.776508305588544,47.26548415024118,79.36784484404312,42.80554033912668,39.508386963406835,15.348742839387501,3,Pearl Millet (Bajra)
26.627787629274124,45.433175444362405,8.161755046750024,104.85841312902846,126.18402201664783,34.4639860036262,63.01106133755626,89.04861426385395,1,Cotton
25.046204262347842,63.303645540476396,8.732267787957312,198.7028362113712,142.2459673279316,47.87698888963924,16.328765929739326,36.791023511152915,5,Soybean
37.42466773148433,36.7746121825426,7.4194442377172365,118.00192317249005,75.0702916453978,41.49844756796786,92.78327678087419,54.013031318467135,1,Cotton
37.442721472300335,54.99323629691281,8.795546679864648,279.9443145546217,30.512865141058754,46.071720488473204,12.378879260919664,47.16696479766463,1,Cotton
38.80973564592249,61.698359460382186,5.181445414664835,38.37530468978892,23.232714872170472,98.02987723282104,93.35063838415078,25.121441008688624,3,Pearl Millet (Bajra)
39.91777326135531,72.39457687045571,6.648372852661591,173.8353129770701,121.8978442868841,13.420132601210172,72.17806420389022,41.516924243348996,1,Cotton
30.272217572662505,91.78451841810323,7.208130302754513,185.44255487063205,108.9245172094812,92.61193263467933,36.32265666434934,26.978230393765983,2,Maize (Corn)
30.03639107249279,69.04231932564313,7.11781491339534,202.76387465762275,151.0181917330152,50.62248777974754,42.121283032363856,27.942009840526097,2,Maize (Corn)
37.159084295202604,78.33360455147638,6.306578005900695,91.58654253290804,106.84974690074806,64.25551332245641,75.37688964961069,26.46100157032147,3,Pearl Millet (Bajra)
33.59913433866636,62.90729386718818,6.021379842148177,122.07859970556204,90.26470010586704,83.86738182868092,62.1397545837147,53.0335294705003,4,Groundnut (Peanut)
34.84720505418488,71.21676203946154,5.070708101476884,256.2305483061937,85.63656386488387,39.24398776917928,68.8060775382198,80.21796034099577,0,Paddy (Rice)
37.09902406646643,34.610594048695276,6.262841027530252,74.58397531164475,15.024911493556818,45.89008126835685,41.9706385687806,60.06936297098921,4,Groundnut (Peanut)
39.36012820362159,46.535452754720055,5.2319736679746836,251.52299720854137,73.75586832236486,43.90425562647783,51.3422807717219,88.60217979247409,0,Paddy (Rice)
26.11188376443686,53.52045105833402,7.804645544214983,177.54351841276787,195.4438299296539,40.59944714089718,99.03741098359987,66.01591499475172,1,Cotton
27.013990863358657,60.71206807542338,5.439739209725655,233.41250313434298,175.97555948314687,92.92528555645502,25.32267269747318,70.6619301756692,0,Paddy (Rice)
20.255566556180856,32.96716845765494,4.763543873780402,219.81006255377204,72.58183273650135,83.74833966333615,44.69633771960248,68.74943621597627,8,Red Gram (Arhar)
31.878723383908174,39.10156634096565,6.985647620177554,78.10321870776613,121.68112696261072,15.35499903698273,32.72320281952689,49.55240900016922,1,Cotton
18.86261457112181,47.992930006434875,7.178533797237307,179.2675662014844,170.98638165174384,15.271718485324124,77.68559349178574,70.66181635360729,5,Soybean
29.174352435179046,93.14962490856828,8.423608775762276,262.9624827854259,93.84212398251304,45.64760391103416,77.58119943824347,16.134281689268583,3,Pearl Millet (Bajra)
31.02347123298184,51.537555461698304,7.096417255879569,140.9925463045402,13.411994112528681,14.37245078961686,32.78231879475261,85.66692952857835,1,Cotton
24.876990051078828,61.33266877728536,6.054663841755506,290.6454156625287,24.156987745541613,63.813844050756366,12.732080080133375,78.44746862306472,0,Paddy (Rice)
32.17999825365626,42.74635132799554,8.113553466868442,146.62022802848105,106.97461705625426,18.650702689864723,6.086104283859385,31.580236324387734,3,Pearl Millet (Bajra)
18.732005998537186,69.70070461992493,6.931255019343395,59.97997826700771,194.1934813784169,54.6254600768461,45.60780065803612,77.58685597435925,8,Red Gram (Arhar)
18.896356529981148,48.24440900853833,4.856761280840363,129.04171042174852,141.70981302158486,5.685894965353187,43.98207146189824,11.112548923201627,5,Soybean
37.742413455831795,43.454517598497745,7.04632752140961,286.4766737893504,23.47407637332821,35.07665309920144,98.89703847078698,29.117698378317478,3,Pearl Millet (Bajra)
26.64457539387031,63.57722084898864,8.586083454397482,109.52183781515919,45.97856640045393,69.33311874890227,49.63119719127956,15.732077003038842,6,Chilli
21.049452303645236,30.357876945427353,6.283406814741992,263.0674847627776,156.5513972112015,50.9836993216456,29.35974510966496,78.65996866237474,2,Maize (Corn)
30.533838241315305,30.498162122199645,5.8334661085491,266.75019087092915,169.8735543916865,97.93560116990388,89.6667968979894,76.51692530369807,0,Paddy (Rice)
36.47984527436666,44.23947259162075,5.14561255658109,118.0522268129491,127.36197137583227,88.03986062629002,51.65145521708995,81.5999700945611,4,Groundnut (Peanut)
23.179704659924237,32.386888562553374,5.181504848709108,43.31214425417699,132.44040222966515,39.11172400909936,61.921685345004896,10.394389012646538,8,Red Gram (Arhar)
32.949371419656,37.02167401849494,6.447471679538185,222.8762145644691,15.384115572843083,9.321221439866086,14.088527490680205,54.108479947699905,4,Groundnut (Peanut)
20.048339159850432,52.02594220701886,7.1805592087268835,107.22344372391609,167.4207493204866,85.33449851092679,41.37705869632853,72.02558538152562,2,Maize (Corn)
19.240361308046584,82.16806917268784,4.862769323263208,239.21861199212026,159.77228955245764,91.56725947989378,94.70124907500974,23.67529932903336,5,Soybean
30.752511157635553,67.18316181900455,8.728058650613246,143.94335751292127,59.21667737963596,82.9596023748085,61.003011496665415,67.18158402111098,1,Cotton
30.975242918642557,63.32340218716707,7.898101278503382,155.87468785593404,144.64857679344632,17.155244387377664,37.72767623853386,17.401688739252343,3,Pearl Millet (Bajra)
33.298317635956955,49.07677350852791,7.139807632276482,237.8146338895903,50.822375220749635,99.80193776916734,64.43838216000134,25.95667533717956,3,Pearl Millet (Bajra)
35.42619200934388,90.56399176313306,8.227974019225458,127.0617326972558,17.66273059978747,29.565501047513514,91.48905350992104,51.870119719524894,1,Cotton
41.42044990710083,55.805977680417456,4.86084040565451,144.07565669041605,48.215943092171685,73.79946671679515,31.029107044896055,67.51373343593698,4,Groundnut (Peanut)
30.39120835922869,35.661029841725146,6.64577494979906,125.3333312554942,43.939486583316906,91.26331325189355,52.98608825471407,22.836483171942856,2,Maize (Corn)
25.750955350589905,70.10932354765708,7.335419070877485,122.85534427763838,74.17211937962098,27.390275861417397,96.07561212161676,26.299653113122535,2,Maize (Corn)
37.084468674448885,37.39949557597909,8.228938077532302,167.26504153240865,89.50540446333704,91.28456269432128,21.377633613353,27.991280301778342,3,Pearl Millet (Bajra)
24.49997403028978,52.439504282109986,8.025613020221705,246.4638444603222,106.6223893845645,34.40075002351236,73.36807293168759,31.005670813510108,5,Soybean
28.535314096935267,62.98177601665758,5.746811623710299,121.29512733831844,100.58323634658235,97.75925612648534,63.375695779283326,29.93673867031363,3,Pearl Millet (Bajra)
19.882953152214384,86.82446410453642,8.73396076301642,166.79132175056628,61.42817513340498,31.719701936145086,69.5691374583603,44.77312154779203,8,Red Gram (Arhar)
18.60841784197098,62.08052772210771,5.059556286438917,207.80365112392823,15.542427029074148,95.57640335199434,38.36586491341912,67.53348927363162,8,Red Gram (Arhar)
41.1035619522702,75.64681979205818,8.438101283795184,95.4430449650234,124.96930822505863,10.086741834804116,34.818540480957665,48.54679691583333,1,Cotton
38.06352289229294,94.53309453493958,8.869231123220784,97.70638537266991,85.19151767099733,72.38084110863224,69.9999187058952,78.28570396999015,1,Cotton
34.70338094624875,38.54679279336881,5.297190854501815,281.35567556656736,66.74770990363444,55.55055771451535,25.47661208493181,73.2956285234781,0,Paddy (Rice)
27.81487066594248,47.85754915876877,7.749297288917034,222.58968053270482,174.71879813779734,50.39832232665941,44.86720076160549,21.13436843631866,5,Soybean
22.1590636817003,55.64744491384702,4.681284834500993,181.61226934252647,151.88122848165037,26.231959854304797,22.87659137502721,14.298062852225467,5,Soybean
21.754489024106064,57.41883160502404,6.324402713126197,201.36161523777136,172.97545419076403,72.03160002876673,5.788959906716325,87.25885763196534,2,Maize (Corn)
24.00582955595029,56.716369892260474,6.823274846389533,28.203844068957142,104.04673099536758,23.126901687399176,97.1554492036166,17.02513385753286,2,Maize (Corn)
31.181439952946892,88.99471516617606,7.112903516593353,193.06883035727512,34.876937904087725,57.51997061855298,46.01178297235981,23.053847903334752,2,Maize (Corn)
35.1503021448015,76.41212189034567,8.711717617118518,162.66248450277652,142.28207286304175,29.058309488823827,97.0882133698834,11.94772824911439,3,Pearl Millet (Bajra)
33.84473704122555,69.51383891589575,7.525128092823876,172.809910338242,49.1540181880633,95.78403107922882,18.33073437794348,65.29360014628153,1,Cotton
24.718413526702626,50.10922666108084,6.665750780486567,120.63867151262879,93.83363712742619,7.719963414387019,60.799844048461175,61.24860955793467,2,Maize (Corn)
40.91676673591666,83.54637497438415,8.143537663196502,42.81269135962373,22.350149900288812,23.97418661056747,24.09253311516776,96.8475226463025,1,Cotton
35.709526000698446,92.07893324652429,8.77739769429484,74.13498541137461,166.80859646036666,28.019507606807533,80.0570420615111,88.05005087591114,1,Cotton
31.304497260273617,83.37788836576473,4.5992976690703085,286.2085196995481,33.92872179902511,44.33644344794256,79.45178393229264,46.15419961832006,3,Pearl Millet (Bajra)
32.681297909624455,30.10173183744574,8.921345725152175,134.43587743586153,181.58852633936885,27.109372977655084,15.697679158734621,42.69955400030308,1,Cotton
28.070401498266957,71.36608906192146,4.887594625786561,150.67128363264197,174.20381442969585,51.6781635755346,91.64612302325698,36.12297901663869,3,Pearl Millet (Bajra)
23.94554374802778,33.32379979373655,8.164740506709427,34.75874115896292,98.27072524345675,87.88422470956121,23.48981648430634,23.41180896333356,8,Red Gram (Arhar)
26.543344287630276,46.74446932169192,5.761506386481356,30.518544272314564,151.42995881775823,72.64602503387123,63.23284745098923,22.151361780976796,4,Groundnut (Peanut)
36.188306651144856,33.86910552260516,5.094808459892423,220.81080517309215,127.69456402544913,60.09638815083555,98.63519390833189,21.64096630484528,3,Pearl Millet (Bajra)
18.34544372711414,69.2467044417102,6.479350378712257,170.66650595391116,162.58437204417152,13.455301908354567,88.82767080280456,20.042098632436513,5,Soybean
20.78574337216599,74.62834437701943,7.397804607514261,162.43767558055467,92.04296914932328,70.92925029698118,95.87357321331106,31.16505973168725,2,Maize (Corn)
19.104063408522066,37.44169647428383,6.214283302605637,88.07486851834723,159.3036120064265,20.809357009539283,37.54688326572135,36.98683946755425,8,Red Gram (Arhar)
18.977491255655284,54.94952739792367,4.745544337272145,228.53020485637822,97.86679524237812,79.70490166636131,15.02968601084902,94.6189494514246,5,Soybean
38.53105401626417,59.65537308211023,7.197575128464225,67.10624215037772,188.78349969013084,28.75539205846455,22.89295296249776,60.905646088165945,1,Cotton
34.887788625120564,53.988446414459574,8.560814742498035,73.1817282250856,102.41069915677804,44.61962919048558,52.54701503227831,96.90842815716873,1,Cotton
29.380171898095803,37.866625031537545,6.224469146762633,148.99940797751714,97.89766166740861,38.294669220203154,80.3568194359656,42.777091408659246,2,Maize (Corn)
20.348019855624035,57.2316063621859,5.4734974993387215,100.15836139134345,159.16365369706742,86.5873218941114,19.264596197468144,50.27114366787081,5,Soybean
29.798781002803977,78.82657310754718,6.491598056697669,89.28963474528098,166.0997614345592,17.021723577773773,67.67449556477192,38.56292200654457,2,Maize (Corn)
29.363322498733577,34.615498194661605,4.717632199719514,200.66654047493287,115.35293172102244,58.73626382655492,35.73987238375363,26.094113278896636,3,Pearl Millet (Bajra)
22.156844877840363,35.211700915323725,8.192194130161237,202.27208866119247,44.16158456406433,18.495852897090913,37.41419687725458,22.598494284426966,8,Red Gram (Arhar)
28.412439581711354,53.06013396933898,8.218533649275841,250.86477954398018,98.8740638819401,71.95560443255773,67.882184365003,93.16696940708921,0,Paddy (Rice)
27.56411362553696,91.21217125523012,7.146002085433327,136.95839875243325,193.93377555283888,90.9824221404757,49.36494485565592,96.83933999829051,1,Cotton
32.780402353253194,73.4572220369894,6.088963000222753,40.46382548732207,153.06737667744517,46.287727117389075,82.14316283746942,13.952035692768376,3,Pearl Millet (Bajra)
33.24224762082345,74.11354718371672,8.099025140006026,96.62658777800814,164.12089473703512,51.36876472517271,19.81225841796857,23.230436976395453,3,Pearl Millet (Bajra)
19.08729623452907,53.52479940446122,6.996091611547652,294.40152969510876,16.236844775655626,93.10516946586242,80.04508562786866,47.27012012248999,8,Red Gram (Arhar)
26.990702751035307,68.58795142855499,8.216695388475074,186.95240106515658,98.89329790049038,54.49418192168893,11.102348565454982,26.397345918307845,5,Soybean
33.020637977141675,30.658526961803318,7.3415645666235925,218.72638374428567,132.85801539493553,51.32185161470829,23.435118623332475,42.02147463916573,1,Cotton
30.075270205922106,71.34624301662024,8.029824629457588,22.06019229511607,167.7062098893342,59.94126475690889,67.33422287780071,21.360478787647736,3,Pearl Millet (Bajra)
38.55575618851974,89.3636515924554,7.19353346947992,165.09760501110583,19.36199418072658,70.47682495448043,86.21793736855176,50.17303459151754,1,Cotton
33.80864715885468,69.81727544241325,6.363634806970498,30.508024108904873,171.9633882719559,15.153920633267981,29.00456463523816,33.90912622289481,3,Pearl Millet (Bajra)
21.910426249954313,86.79040857531243,8.810756369667619,179.38445938560542,114.19617798096323,83.00550013544402,36.08320255374673,40.96764490676215,5,Soybean
19.693649937610317,77.0582486052961,6.935012211954801,277.8158378981011,47.48965440945138,46.37297760805963,56.026471087240296,18.299513328721787,8,Red Gram (Arhar)
33.41806267695158,37.836297066239865,7.222902833432423,291.1573565401142,70.278491125443,11.873108440261126,25.099416616483722,47.67526846249247,1,Cotton
18.636271452998923,88.6594649735797,5.4921943773663715,171.35474910889877,63.566614832796546,79.68735357383025,82.05984485081304,96.52666976461815,8,Red Gram (Arhar)
32.05861395056312,34.31884988312537,7.315428552422745,148.29734547062046,110.8632165148104,40.81024731019585,78.49548127554728,38.937308125544746,3,Pearl Millet (Bajra)
40.56552579419898,64.70788571560465,7.072234422673247,284.6047863895783,19.820279183115048,14.534912034030125,18.802712636749256,87.12577618613429,0,Paddy (Rice)
31.811380269021093,39.23891304657475,5.331772790761613,208.61075295907463,40.12187011498547,65.2090087566088,49.06382452258005,84.2015244628843,0,Paddy (Rice)
27.316078228956528,30.760929697508764,4.768141938089147,38.17179827075465,164.41167824139865,88.61247857619595,78.60863783218903,93.78114081015454,4,Groundnut (Peanut)
33.438917242616476,57.432226908296535,7.21961693871647,150.40316174689931,35.19475824189411,89.3365833943287,37.046305454824406,79.52963707950431,0,Paddy (Rice)
28.998069371796397,49.17764599752016,7.936615212076442,87.26860517000509,54.345291197044126,95.97803010685246,65.14514815818451,68.04452078117572,1,Cotton
31.094802943582437,61.5900320968442,6.855306169149037,151.54521000563085,96.14041506478989,87.43201867783536,9.77024653846941,85.37943109201628,0,Paddy (Rice)
40.59515541063661,67.5179926377458,5.520476813938406,147.5303601617813,108.25296874153278,5.203387337820146,62.82543225028521,16.656731897846768,3,Pearl Millet (Bajra)
27.266463307218583,32.843039700081576,7.499348895118658,183.00054478812777,155.08599112669015,41.12291080927207,19.502033100057666,50.72909783349508,1,Cotton
41.06857353177394,37.995214183043466,4.86047576974321,119.89573729779035,94.99316106657568,82.7615450910228,83.90541588587287,97.05454899812518,4,Groundnut (Peanut)
39.72841540694553,66.31175576927765,6.488251671608795,65.99572584765986,160.07427799675236,39.79403556985505,38.76769904014545,77.72481331393644,4,Groundnut (Peanut)
22.698987234943115,52.30587795622279,5.2351504127928905,161.04144168518775,127.48579833863691,62.14710810607208,31.747616959178593,94.66263326727564,0,Paddy (Rice)
19.66467122100397,77.39627669071412,5.330065729769475,252.45680761681336,31.488950490526268,62.60011000058054,84.88445278759107,78.60782333974616,8,Red Gram (Arhar)
20.41867203305824,72.39895715847608,5.410322771211916,205.92342385892863,39.702973294639335,39.67740388368819,9.76368219182197,86.9896131349087,7,Sugarcane
18.437323815637193,84.96428359434395,6.2401817566979005,114.74300245906043,93.03640783545646,90.92502309172232,42.677835936762754,72.1746076426808,5,Soybean
20.26663105814228,75.01203373349963,4.730175925291789,281.94644637248,85.40898468691752,52.806692811681174,40.15033635462798,76.9241763887171,5,Soybean
34.39216256199256,57.94552003035963,6.290070484180942,275.41811994977104,151.27341123108596,49.154499564062576,32.05603555370733,56.03966486587606,4,Groundnut (Peanut)
19.708527563045497,73.74283045563811,6.802683512016154,78.61755182754766,120.34005656149685,99.76380583788011,91.61666154014031,91.3329176716437,8,Red Gram (Arhar)
25.655415127050272,47.89977632660221,6.674824282348464,31.036923833701632,83.74528539042737,51.88253458689858,76.33819738408862,82.60342413485583,1,Cotton
38.27700746326691,49.91037742058383,6.222528451813682,227.56643833821343,42.44445385557327,21.9478339332152,11.072700598234183,84.26187697857563,0,Paddy (Rice)
18.55852645765982,81.28403539485157,8.276159736318386,251.73087317776293,53.09904944184408,53.741595172026614,72.89530769632064,69.2248008847486,8,Red Gram (Arhar)
37.547243582134456,59.01726856610284,5.153970115892268,291.0020784663795,119.3451935091212,82.33158987439336,55.09341764723543,36.80303534367791,3,Pearl Millet (Bajra)
24.764514594561597,81.89472213369291,6.775635347016182,269.154190344727,90.45337293096057,78.80173105533673,90.58244996815003,13.135421994332262,2,Maize (Corn)
20.83595586291975,83.4574542884381,4.779186376304494,188.14973509779614,107.8362266835277,79.91526768530474,34.72983364809406,92.33765138803992,5,Soybean
34.72169196873962,85.74155194798345,4.820200554950594,168.41465497946663,42.428712707424395,72.26225947980161,59.54538996291038,61.57859069488373,6,Chilli
33.09462832271721,89.58129032967847,7.082396323546933,27.795494353524163,135.9521879454675,29.15069376133538,52.57175110039367,36.236581461036344,3,Pearl Millet (Bajra)
39.05932832464927,58.01403933336425,7.047082911995194,89.0638051165378,171.98236076263373,86.89798815482199,51.508286091622544,23.123889490583327,3,Pearl Millet (Bajra)
35.64170505129326,50.726343190874026,8.451150807800056,148.6921304852194,59.00850628951111,89.87712921074518,48.3300129541352,82.9980385640664,1,Cotton
37.28354232923637,67.8429185286174,7.0104315404703295,195.981092023399,103.38770290804705,23.44450617876216,24.534800175566723,83.61377711138694,0,Paddy (Rice)
24.768829741711357,54.12620752344579,8.819059591821826,176.03051332915499,195.35019251397134,17.393285472382424,76.79244263677731,81.67670119548677,0,Paddy (Rice)
22.25854905071335,69.06982084201513,4.719126817799684,227.93807711087334,73.31593070463825,97.68247201596564,47.876923110232426,66.7672768930772,8,Red Gram (Arhar)
36.0147540393806,75.8630810718486,4.9410345815133345,98.33474064837144,123.05880553551462,87.49077654678496,96.05904612524755,42.20935410808508,3,Pearl Millet (Bajra)
37.364033742414335,74.7463262019889,4.6982963770667165,178.1867301426925,27.13718303804643,89.85743398494493,29.776800583313747,36.75818506066261,3,Pearl Millet (Bajra)
41.77212340801616,54.34593765630789,5.33374582650093,44.679828149421795,125.1428504710942,89.20575653931753,69.86066476456891,10.752819770398975,3,Pearl Millet (Bajra)
27.902824245874235,40.845913110418934,6.935715499237551,135.82634660329796,27.030036927877404,56.460248283204194,94.3681225657153,83.35746516456516,1,Cotton
26.928434059026795,57.98440700004349,7.405074816423426,230.0450332272883,192.2547327115262,66.40816498325097,68.0285406865288,17.694077379440536,2,Maize (Corn)
36.63391105780792,39.26861936532407,4.705133210769009,214.1522389601323,145.97590389373917,56.80947095269596,87.7709262236525,65.50643982758754,4,Groundnut (Peanut)
26.17928496607243,87.85630728694754,8.756869004305198,297.3799664082101,159.7503597457842,9.864603173081262,83.61069117691558,54.35859532192777,1,Cotton
40.33817581448555,52.48203494796073,8.289744194926715,97.80951527657169,143.77982854661101,75.82279310851341,39.211182971455365,56.3486635855189,1,Cotton
38.60190604423228,40.03988356951605,5.834756169706919,159.49300376871415,122.0485168545285,53.00654316690863,62.01177429425217,91.55073038708406,0,Paddy (Rice)
28.295856657000442,31.65410439387381,4.847343886019106,112.26851585671908,95.48342840624602,66.53236210507183,19.844827282078782,12.782120991869306,3,Pearl Millet (Bajra)
36.02090562699594,71.97845510862147,5.264491829485758,143.36887193656892,173.09094215460186,52.750781472675854,55.87495885608195,78.05851576733197,5,Soybean
36.10902897803238,71.39865063455831,5.071249861897377,259.9460363634287,191.798776833182,51.72207562063331,26.890087322362035,14.580611056323027,3,Pearl Millet (Bajra)
20.474972852062383,52.13927082778396,5.054777006845261,211.57854105277625,104.81687285177544,21.319965400387847,75.65499742048233,13.357517322313193,5,Soybean
39.6612697603096,34.661272775097316,6.833527598995802,267.0835335773229,186.99165933949976,31.477802938409152,55.16555007975184,47.82395743644161,1,Cotton
30.126056938748572,56.625878168190084,5.606313491220302,76.9831103329282,120.83325289781833,20.0910057346758,44.06659945000774,15.550615342181072,3,Pearl Millet (Bajra)
37.8349791865858,50.229137179120585,6.11162872438115,264.54111299560265,112.2929955103223,23.58829808440753,30.535724135862868,79.44466771377625,0,Paddy (Rice)
25.68119042473468,74.01284158277561,8.95277400022945,36.73343676994764,96.35171926151777,97.43285113992897,99.87635577492225,56.601552241053675,1,Cotton
39.49255748390881,69.37565121442486,7.579414120164051,268.80779852240266,49.76467469072277,19.54577734835885,11.812499484068605,12.555412874060151,3,Pearl Millet (Bajra)
27.340840289619916,53.6985923328401,8.770413001711507,112.14065824900382,10.706735555431246,30.580690308994726,9.138264654379903,13.564060410408917,8,Red Gram (Arhar)
18.26010363552716,44.163016026574354,5.14150449764902,108.08453735593861,55.88618310265164,61.10601748516557,25.639453046917133,63.91483061707419,8,Red Gram (Arhar)
39.729167434062326,94.22233780011346,6.219627636746562,163.3848014756259,106.84740260467738,62.966964742480975,97.25188356964287,80.93783995393963,0,Paddy (Rice)
20.190880242867205,59.510105377747465,6.9962931147705945,283.39325256250487,82.19239092935298,19.62754232566376,98.02762599039852,48.52635875218007,2,Maize (Corn)
25.663527302169957,74.7378253257154,4.845411278499321,33.3787821107935,95.21219332050042,80.40315544959518,67.21813480335291,58.80309909513495,6,Chilli
40.80148720921932,39.13594289259345,4.51884349632581,118.62467301980868,196.32316171716943,79.59427245171838,88.61013338460845,80.38499195639133,4,Groundnut (Peanut)
40.81457152650135,61.56333047786086,7.516954502086129,259.840156831334,76.55175042717224,27.545181899369652,25.32636442987556,63.72454331568009,1,Cotton
31.762509314958866,31.789886791515258,7.388187825606459,130.89525368193068,95.9147584784205,32.42329875416874,97.34399894677924,29.778900913976113,2,Maize (Corn)
33.164093092075184,62.85458266417925,6.348549644998252,75.76393132717877,35.36795475703572,94.10884721865222,18.56456076325864,63.94857827651412,4,Groundnut (Peanut)
28.762692527479675,92.66113146265064,6.703398342144147,138.9423707727953,19.111969163027652,83.43878736805041,14.606892877257536,65.2885923977388,1,Cotton
25.037058520753547,54.973436344077015,6.369493502664403,127.95470041766741,157.32780777257398,71.29071814093976,15.660096228490925,74.60141431753915,2,Maize (Corn)
25.88794908887798,32.534740817369254,4.608022701802,276.316536410677,118.42980326367594,12.81215604350705,59.44715271089365,64.63692850499851,4,Groundnut (Peanut)
34.14044294584892,32.01212640975733,6.009172227978581,233.34162520806717,154.53391314834005,44.735087685744695,79.19256806821497,95.29330748030735,0,Paddy (Rice)
36.05698870650432,55.21913939654652,5.2968701492878045,161.43235560832179,38.47393178844481,58.133677847298564,39.833381898090146,27.36137116710203,3,Pearl Millet (Bajra)
36.99789704942037,40.401620870107614,4.942908850956159,296.7437586820399,118.64746652471128,22.804072358458807,97.90011883968202,93.69597980190271,0,Paddy (Rice)
36.95083542706929,31.517886261332084,8.805241952502074,150.27770875725852,58.19207012486135,47.58152530028133,46.2699131212413,57.37387515080143,1,Cotton
20.18894647316857,79.1538849067615,7.197118762689746,36.30659262967706,53.331745211003785,62.097458361425545,19.292612323455547,69.13214036355225,2,Maize (Corn)
29.866087312861957,59.803995577322894,7.778953279064712,93.43681010819577,12.189942670067198,36.100784610962926,49.26684107768299,18.752620575792708,3,Pearl Millet (Bajra)
19.38141024039946,48.800910178222544,5.919136844697529,142.09973446140754,34.76473747812366,79.18975780029628,69.50853071513178,43.49068284127342,8,Red Gram (Arhar)
31.188693175769654,88.50540689607125,6.269162082723069,63.93273476091363,68.76094118494211,84.84271025568651,84.06144914791598,77.70536488875919,2,Maize (Corn)
28.59673203296105,37.54903241303416,5.5661579725352555,285.31823537073205,32.20696451227842,35.742899596236725,48.58298754587633,72.20816932871115,0,Paddy (Rice)
39.30490038619919,92.13472388209576,4.936345519344411,234.71769138897648,197.31310367807814,84.67242967678342,61.392648474670914,13.532266158556096,3,Pearl Millet (Bajra)
26.42196030124989,50.407836629527935,5.305642368487127,95.12041611977634,68.64020321955063,14.839773779786427,30.39774765509107,58.100295187757524,4,Groundnut (Peanut)
20.80960839426254,87.74623870006428,8.088813203834187,185.42526938501643,34.76154987344235,84.58426436915235,66.36207000852383,17.76848098122003,8,Red Gram (Arhar)
21.43180036926806,69.191286971165,7.548956123326992,222.00576399068018,47.82563943731197,19.511291008423576,98.66733467528265,97.63536576767828,7,Sugarcane
36.27625516121933,83.73597838319668,6.961179941934646,283.5581000939034,121.66361338488053,12.878079488423975,9.660089395840416,88.96209979092993,0,Paddy (Rice)
32.837233519590264,93.96085560868018,6.637904427900456,266.85789776911497,22.168269534309815,65.96866342189607,89.22041371699093,11.855098117711252,3,Pearl Millet (Bajra)
20.426944226946965,48.74635345821847,8.650954276452559,164.25382331869983,173.86248472681982,49.83404974675296,58.41683776291467,85.56116294343151,5,Soybean
20.01856334675994,92.47380655149354,4.827307265004007,236.90273354204493,192.68493905505798,91.24960703921911,28.949372658418493,90.90980484913987,5,Soybean
34.82325915501888,55.31632316865732,5.762703659570622,177.4005310717238,56.88200992680237,39.50297362863068,95.7145224508795,41.11224358558405,3,Pearl Millet (Bajra)
19.746312152740643,55.05827380789995,6.074720341068213,174.75708921275123,95.51810103226327,32.27946502657473,50.9186587905954,73.3161456442034,5,Soybean
37.724641422968546,52.12516177654287,8.020916154957545,52.127748334693734,14.205545695604442,52.569816083698846,36.51057390897164,48.905129666284544,1,Cotton
34.94981345175591,65.19149447759304,8.96631579072887,55.31854424452258,131.7349426981721,48.314887648022825,22.24227468572991,67.66045864271828,1,Cotton
19.952370735405594,40.01942780660166,5.583017316407188,168.26941220628808,88.64595102999188,37.720664390632884,28.2229599743829,39.94793157824085,5,Soybean
20.036105138044604,65.99124654827072,8.434383003616862,95.28123259412185,61.31110855929558,70.90542337634122,84.12065895118704,38.38521282372761,8,Red Gram (Arhar)
41.67934988402821,65.21081280665027,8.23780242194306,25.890332688931217,49.29905101715561,77.15837422182129,63.36895088513075,47.35018221946696,1,Cotton
26.98249909814689,79.52361781931654,5.51095828938795,222.39497709205943,134.26438475516449,86.03347705786298,91.75833385139002,22.809962761420103,5,Soybean
26.895411529605383,84.18724752594306,6.296996610896501,29.09624707324619,89.08123589613975,97.42137744748257,27.037002954989653,83.14022887031366,2,Maize (Corn)
37.507189614180064,58.628687770307565,6.343527911816336,186.67751550913528,44.13526491568328,30.332338252587924,16.50816451564564,40.68541479182402,3,Pearl Millet (Bajra)
40.73396585721261,49.6516612078471,8.901993008369512,170.97426235564802,140.93072548249657,73.02888083654635,5.578315442681051,45.213160743714376,1,Cotton
41.664025531748905,46.85676832561114,5.314013556205042,291.26811336178525,117.3637337769718,42.4545323720958,53.24689357351941,88.67680591778873,0,Paddy (Rice)
36.081076446214595,42.650549385816674,8.096210869971518,155.57967901733966,173.14769043660428,69.32278733535527,99.83915838628887,53.70289563755908,1,Cotton
27.030230052741977,33.74709284293662,6.003867213778994,37.808402185783265,32.32042078653365,50.21826058317593,71.0217005377707,57.89434402287594,2,Maize (Corn)
20.00401720076805,52.25911862425637,7.788916555992722,174.47263098580927,159.27665436944667,99.40844476295351,34.297486236688876,94.17183498038467,5,Soybean
36.651525982258484,47.56609998850091,6.390049519330483,255.5069277725084,137.9681894952792,74.24570290012124,88.3015653874863,88.03192171675904,0,Paddy (Rice)
31.401701993659323,92.81713008131648,7.10261893402443,299.1177995988032,31.852077997338586,95.48667354126083,79.26361526885617,24.913070382182678,2,Maize (Corn)
28.18132822192743,66.25107370625285,8.24675297996759,140.4960886329403,142.01593867562693,84.32210720071265,6.464440777271229,51.642922632793244,1,Cotton
39.752505242273664,52.57300753698299,8.118745042427479,109.6836478990879,93.89398488716778,90.77559606052026,82.60174565139714,95.474068013712,1,Cotton
20.668739575347633,67.73039406459023,8.398904325928651,273.8629231465597,189.5471092556102,82.36982373539412,33.55004193765711,42.76823424411704,5,Soybean
29.82300250298062,39.04778558747021,4.768277964050966,73.54779614131398,36.90615661740087,48.62011738571158,19.218979135442105,42.69843354942561,3,Pearl Millet (Bajra)
18.272487474418057,58.86284369814319,7.614227488678852,192.32009620921946,132.13834425499022,28.919903067954017,26.501429775022086,27.162660397445585,5,Soybean
29.24785540785903,70.70523089236914,5.129943195247932,133.60003877066538,82.57620863795972,40.18041666779961,49.51508141563821,20.060434042483017,3,Pearl Millet (Bajra)
19.351278616364098,61.77835906650934,6.371183556082849,31.50306218755548,191.79478741226677,6.922442100795292,45.36245307146105,75.1468215865264,8,Red Gram (Arhar)
20.851629990433725,56.11562204253107,6.968647867746098,117.24077280559537,72.69523010515252,54.77935090914338,32.44429344055154,77.76268124573345,2,Maize (Corn)
20.820629922650518,94.60014527848038,6.312327681360738,94.26398630074888,192.81532280344203,52.98049102568883,21.360740609668106,95.27314078826399,2,Maize (Corn)
33.581047250785524,87.22045953968026,6.838252541113533,212.1055231041763,181.28231170914233,54.89879415889638,77.41192501600608,78.06080255967194,0,Paddy (Rice)
35.90507710237016,70.5213872803636,8.984368389593786,285.6613393537371,61.3728147090247,97.53296637234607,99.06042945481713,31.415019474956686,3,Pearl Millet (Bajra)
32.00085036233183,67.00952847684837,5.108477911707846,95.05321246601856,162.67293759702127,91.58813032820973,78.89020013987059,13.530258889389359,3,Pearl Millet (Bajra)
41.092141163389,70.34293118859796,7.539552204013916,247.2104629624709,199.16479834266613,20.362713941360262,33.114011928796415,96.7184898245301,0,Paddy (Rice)
26.996893908568897,43.08528700845816,6.282004348735269,35.500748742754666,58.00597041254365,40.043839547809476,28.25685133415267,39.95966120783731,2,Maize (Corn)
24.857090070764656,55.683953312180705,5.098544095082979,170.67388281114768,92.98766217143074,45.27583704900988,25.678258226264134,37.45349573405303,4,Groundnut (Peanut)
38.846379076547045,32.56486963790846,5.2143154351843926,39.75401783877048,108.83433994768434,39.25062719590654,17.986032076458446,89.72405845794566,4,Groundnut (Peanut)
23.366300124466864,60.910492436643736,8.771728978105276,281.52923751657903,66.03691580273423,80.85711654237174,57.37640222076862,61.48879107195878,8,Red Gram (Arhar)
41.11734094657467,65.29659795724811,8.458206735202928,234.57835855606925,12.900319532745655,54.78357863742076,62.51303533556769,28.90866329872384,3,Pearl Millet (Bajra)
18.291707392555594,44.80373284670863,8.581688821867598,204.22597513728584,51.82455639753007,59.34948261230438,72.02275276299804,88.24046935902908,8,Red Gram (Arhar)
41.27709184098334,92.6618750657584,8.96189749122324,250.690986854906,63.56800802493411,86.03628810385293,69.62027023869845,97.41575524481742,0,Paddy (Rice)
19.035837886813827,89.11454971092073,5.437419255038331,201.30554275964568,94.28394325045556,81.56317457445907,32.771664571921335,17.627713381273104,5,Soybean
39.3874347287537,76.93931030463388,6.099477018138278,291.30443120880153,42.509470898546354,17.56009466792847,36.37954551270042,85.87814329061888,0,Paddy (Rice)
30.664826618071196,64.67013086974856,7.5114856346619,219.90822540213603,175.9183277714178,72.82188548794525,69.7438808670221,44.36538139622667,1,Cotton
41.83115510686321,86.54799537709953,6.677111429372912,278.9044106830291,143.93311521895387,46.366432245693375,38.19752587444469,56.11837529258999,1,Cotton
19.771117553649574,38.49240234852509,6.382752900202501,164.79692976297864,26.188090736335777,32.99164579093754,25.199203013834737,90.5038058673183,8,Red Gram (Arhar)
31.2925028256317,81.38313662786751,6.110150622010169,52.778035634921544,133.51756571658697,9.751787985707702,40.56193460119026,95.65736922821031,2,Maize (Corn)
41.26326085485837,38.11335290784514,7.172012843745534,167.88976199844478,134.19473051706788,51.28870823281784,30.847994969907877,33.07042411597435,3,Pearl Millet (Bajra)
30.55434826008357,81.62369306571135,7.090170428880369,55.524391857666124,191.68202299228926,38.76648466883048,13.389708515764891,28.730867844472414,2,Maize (Corn)
33.105567315246304,47.9248919363382,5.2265602532890805,185.8981741693934,10.573965557670636,28.89373876925808,83.86319571628209,17.085457156053042,3,Pearl Millet (Bajra)
34.697968535630814,87.01088776618228,6.622829268832976,155.09805694774562,57.10716546310337,70.99381431171096,86.04558196991844,59.43821103426814,1,Cotton
28.908985554426557,91.36273609865086,6.990622992944324,194.32111139317888,186.28038108130994,78.10111179498077,25.87627851585355,11.197186799658809,2,Maize (Corn)
33.06139392201752,39.671738011332515,7.066291224291257,22.813154695352846,187.10544392567377,28.255004307795357,11.153358954894166,46.24705018967442,1,Cotton
32.02354348615441,60.07391432925058,5.4454823681055835,74.55533766350194,146.9114196804211,9.697506484537989,75.18860654836206,16.457793465376753,3,Pearl Millet (Bajra)
39.62779225178373,93.76417958057453,7.84022126513529,157.57252093539665,155.4950309990326,85.63150655369732,25.095219457024303,45.659868897781394,1,Cotton
19.090713128194988,61.42148333825453,4.613395926694813,286.14099724495776,27.38176200663295,5.946175414408815,42.376371496501726,13.514032655373615,8,Red Gram (Arhar)
24.74311655021353,86.13058896344543,6.096743349944232,127.41053129944436,107.63640860786438,94.02568692253983,11.09284896255141,83.49911893357167,2,Maize (Corn)
40.809875617837406,68.26754893853578,8.01095691841035,138.8241672950177,54.000768344909886,64.62388802835706,26.495610552051343,28.457031466593797,3,Pearl Millet (Bajra)
39.36633081338199,54.39644401477412,7.037518144749311,220.11490492185422,44.43142828658728,35.57543034412542,80.3257164413154,38.89116651149625,3,Pearl Millet (Bajra)
28.93576206685711,48.57593110918157,5.675230946298871,189.06197204011306,163.95762683343318,28.41540140978994,81.41766245694417,86.56422370136248,0,Paddy (Rice)
32.88318234723688,43.20950092059567,7.627289037043715,103.6993220275333,35.657245969304014,5.855538105125148,24.673058364332487,75.67141339723405,1,Cotton
24.657148391547185,79.51688243955033,7.0532592487023305,135.02859075887977,99.04381102931319,27.36978461603333,36.9118152851355,29.275375824501147,2,Maize (Corn)
22.514907833370273,55.12513294349681,8.083096242553742,80.95594368002509,188.32986552134628,18.084188644128403,17.752649813905638,16.327148841859653,8,Red Gram (Arhar)
29.128761718559574,63.232905043048824,7.807613337854205,290.4860085564584,45.308090557415085,63.15579096869884,12.046399877067627,72.97929236326988,0,Paddy (Rice)
26.480453472625268,62.00115620007683,7.245485649163056,56.57762683606072,195.81875051026458,20.821830916411123,99.2563128725989,44.381824460553624,1,Cotton
32.00774668442093,67.52313690015353,6.696799538898663,124.11429967859745,198.91471729460122,55.219834565978836,67.28142536825973,77.41503992240347,1,Cotton
19.865631287159637,86.2625144655959,5.099319565503856,27.234912221603132,115.56725938965656,61.061060122724726,56.499168373840284,49.18593996901852,8,Red Gram (Arhar)
41.385475383987995,93.74805733292291,5.675998580484227,82.09825774139298,42.32712063366,33.31396134295688,77.72235753850346,40.44821234156032,3,Pearl Millet (Bajra)
41.66905786751047,56.4929735572981,6.385947628126884,238.53191874644338,70.05992870877017,8.331170156778278,84.80733017033378,49.70607592269089,3,Pearl Millet (Bajra)
34.75588113647388,83.7887299369097,7.196846791528749,76.32906504088625,90.65363820854168,8.53911865834863,81.63790296424912,75.87319073901955,1,Cotton
30.86631279225889,79.69430665255665,6.811685348468872,42.41775270811037,68.77160262806235,7.502996558422172,6.571247682538278,89.39538521555292,1,Cotton
25.428662790871865,67.27938184461226,5.796830366817883,152.84689035646653,63.320760176537995,75.2168433779719,22.746750328097356,14.379513299794647,4,Groundnut (Peanut)
37.531080472966764,92.14306433477566,4.529089610053697,22.79138572566518,194.72364475110794,35.21092195735832,67.21600370119396,56.121815627972055,6,Chilli
34.4335481412931,43.030843509346184,6.733076498553663,43.73452323937329,39.13931720899167,80.64851766692804,40.697138041376476,12.889517759381228,3,Pearl Millet (Bajra)
21.90280654427739,37.102173670125396,5.7853169485300935,246.13524347763303,149.33230265620384,46.01461826507067,98.33585185080517,51.22003996214357,5,Soybean
39.86225242785222,85.50752785210244,7.805737353197408,236.0125365606898,10.077954993443225,48.034819578846566,68.21345530063414,87.90488896052723,0,Paddy (Rice)
37.740893830156054,58.54473808119364,4.607758193717176,276.2388697133709,123.27470718645161,53.723847238409505,95.87214632927461,41.81994344498725,3,Pearl Millet (Bajra)
40.79519791900618,85.05297552345894,7.1317251508760595,259.26432205500987,184.02917075126996,72.73798835563487,24.137415756350414,92.05563705509661,0,Paddy (Rice)
35.41726820132064,88.05086333770197,8.736634068777295,211.28915770714906,64.70747787771161,30.982772253822173,87.0759176709272,65.49354550525362,1,Cotton
32.721964702458955,34.059743585239644,5.2848417020017475,34.653200044185596,45.24993529896665,16.550798205685055,35.52846905244641,92.20567025378456,4,Groundnut (Peanut)
28.037832870974853,87.42520959409394,6.6224227083776785,239.1976130362641,133.81916102690113,57.82544684318884,99.00865678259164,76.63066303630173,0,Paddy (Rice)
40.385483600496315,59.14073859901244,4.911398963177122,256.74302703535693,145.3942673866947,36.06287420806023,19.980423846948995,19.10229466509108,3,Pearl Millet (Bajra)
38.7855333480098,63.17811178527509,7.315568605176087,243.74300081614726,140.72579860087646,47.03667479846355,54.052282789641026,30.341320345515584,3,Pearl Millet (Bajra)
19.085248082548546,70.72851322105866,6.977392562683015,162.3741298862473,70.67020720406106,66.459937292044,80.32023071452659,44.687000003348544,8,Red Gram (Arhar)
18.632807387934047,90.21486943745563,6.333144858957746,85.21251482185487,57.91845641027287,51.94194540842071,46.101035657383406,24.96940561706269,8,Red Gram (Arhar)
27.03512080507319,31.24254613793466,6.846196596631835,256.6923931928435,191.6245719927884,63.926487624580076,49.46798571782644,53.55222122034613,1,Cotton
37.45327993876399,60.99482544065811,8.534585963110546,223.60558672723877,185.4269065712866,56.69900020079464,98.7038005730454,51.48039770173117,1,Cotton
41.694627103558666,74.70193275798644,5.3833243603998016,294.6131288288784,96.89015587963586,75.28065533392942,45.40427427860956,94.15080942640955,0,Paddy (Rice)
21.610005386484676,76.97595225038485,4.601540302674063,63.593927371661216,170.77683456933096,72.0639786826039,62.38684955691104,48.168053694846044,8,Red Gram (Arhar)
32.25913716845125,75.01460804991203,8.377491981145955,83.18608325457541,95.94146075051624,55.74803972181883,10.181267764139317,79.1351587773438,1,Cotton
27.141380559144515,38.73828341152792,7.097026870745579,79.30348196682075,90.63391343377697,69.49578698167215,85.0099576199747,92.88812794693023,1,Cotton
41.27794554755047,49.46071324415928,8.50796304957829,241.91113493397427,39.784960043865986,87.98816221589821,66.57596465305663,87.17501712571072,0,Paddy (Rice)
38.21085415525701,53.31650915210588,7.186253505359277,72.33404300603308,91.01715073347484,46.06577233987601,43.38190977196729,28.36275095702008,3,Pearl Millet (Bajra)
38.11988891306731,82.28841849916782,8.14572490481866,38.6647523505257,112.10921833396333,44.212491911135395,6.536106295679376,53.65063069431189,1,Cotton
29.248635835079288,48.11939170694595,6.433530135098166,299.59702584397604,14.275822211450429,77.60333398097612,61.20853795638287,40.60110084204146,2,Maize (Corn)
27.955668056103963,43.6958226513682,7.874369690797209,26.94881920464176,94.38147098332722,60.342614518989436,6.202493705995408,45.18756517207496,1,Cotton
24.561769726336948,92.23412123747624,8.60868660100435,253.86833684448237,158.45768149508805,11.745644121145911,5.114343321356701,41.75100070962611,5,Soybean
19.35301191962225,30.57611353237548,7.074553336749928,122.30271563418279,139.20875071111126,89.75064149065273,63.52936340418869,82.71961049540036,5,Soybean
38.75333703012127,94.85835561932858,5.313533177530708,255.65232873218827,130.67982788414764,7.924394712575813,22.956621396782655,49.78823685077538,3,Pearl Millet (Bajra)
37.50962421912186,73.99338442573071,5.7095892676358915,175.2937375391206,182.81553140306846,76.0976538399256,23.229317223219052,56.08510123753256,5,Soybean
41.993224158867136,83.85050446419261,5.393900596038326,272.45674425618085,13.426081866793702,77.08544355690972,67.06079875411065,96.45536742014257,0,Paddy (Rice)
41.919284089773726,49.150260762502555,5.610856624180798,279.33403619609544,115.83904137652449,95.5455531017834,10.101232854240557,15.278175952853447,3,Pearl Millet (Bajra)
31.33036093446306,30.930493048358898,5.878869522079664,22.54749075861728,159.59628119784435,10.142768798220471,34.77352834008285,52.94027230158589,4,Groundnut (Peanut)
36.45569796433225,77.96151870649945,6.998102040389348,41.11540927798072,112.85372271324077,61.701401774526644,19.19603070349181,78.11743021125821,1,Cotton
40.67437751717827,84.21939880504392,7.1459623325872474,90.10044427983954,71.54015499027204,45.64485420957003,60.11675513067072,23.302252320563934,3,Pearl Millet (Bajra)
38.39153737625787,78.13094857697874,6.4192488625883755,207.40831658178047,35.887607367475795,36.41013071165649,67.86768969910261,63.814780326100106,6,Chilli
23.936354441836745,39.28526867455451,7.26939350919376,268.7162150232217,178.63698364507636,13.580263228411939,73.50790609190913,31.072900599033076,2,Maize (Corn)
28.813059247442244,78.97281494670298,4.867087165251147,148.78374636230959,99.44485455364456,58.45214136877437,29.246965607263714,86.33156196376194,5,Soybean
21.09982596363588,79.97998083699667,4.89504706676172,189.9524725567943,176.84188742728327,50.508868939088295,13.478726405475479,38.784770555206975,5,Soybean
40.89722465420934,72.80513351855356,5.273232571609463,72.77995878275712,121.31190326230198,14.932673524347305,12.474947409480293,38.95752788728004,3,Pearl Millet (Bajra)
32.54819122682112,79.7975356317131,6.831348741181552,245.3907134868719,138.09650215685014,63.18650317422292,45.48439710281876,62.64106130957463,1,Cotton
23.487427332083104,84.9848935790526,5.462976054142411,290.8518711789715,162.8096193319055,75.10554642402916,94.85521886095793,26.153535914551966,5,Soybean
34.12081642574056,69.8842674254348,5.774779815716598,95.20770121608729,135.2395534740255,77.89143860009658,25.684258253467338,35.07020022346937,3,Pearl Millet (Bajra)
32.8350777709895,35.75930640802914,6.3014077627784735,158.55126644815297,85.63041972899816,91.0104528849306,29.390452127447187,46.66360281050821,3,Pearl Millet (Bajra)
26.595905232788173,61.695807628368705,8.15339755804671,44.11251094178466,107.59034294644368,43.89972047943383,14.584436200056599,41.120131956329715,1,Cotton
20.725382212791096,35.04720675365433,4.56237961160787,176.55826380963114,162.5786496884172,95.541913019103,62.529176019923376,56.189195184491254,5,Soybean
34.11775669422719,56.490297017108006,7.422204691064801,160.77936371707057,80.99355631086699,87.21579348285518,69.58792302498162,62.76833267806903,1,Cotton
30.487384821691037,56.4619217931658,7.509944389683084,60.442215563421726,83.74307678601444,33.16764924727421,66.07846477527221,59.866735930014485,1,Cotton
36.53564140165534,34.2906398691157,8.093951011604865,143.778539673061,28.181122051020218,20.131888548198553,86.80737308925421,67.56681145529004,1,Cotton
30.48392402668784,52.67333470801616,8.697388225771409,113.54930258423771,183.77104269213206,46.361992632161275,51.21045432747682,37.08195746148818,3,Pearl Millet (Bajra)
38.452356007644966,37.21487642143546,4.590620320271804,166.112645085453,27.29689983963393,43.18037725581683,17.773418872871122,21.12550798964247,3,Pearl Millet (Bajra)
31.245764130587652,82.53528865059944,5.1920266748094726,183.98321392006378,133.1597437152256,59.69333400646441,32.4934874169192,76.95106364593478,0,Paddy (Rice)
31.46251131684927,91.59972168769059,8.487770823251969,22.37876201001866,88.50695097253156,60.42169207113606,67.93084747502843,84.86867367150002,1,Cotton
39.03968646380028,34.700570891766006,6.563333529841569,233.0816752258755,87.06768414853404,76.24876351609765,63.24658750544819,32.61654843557404,3,Pearl Millet (Bajra)
27.683588789097527,92.0824884739606,7.040657875200585,219.64400172128742,139.11484894880994,53.43954507953297,55.445297325581436,45.82409214190574,1,Cotton
21.216365482815377,63.967478956888435,7.483622416754163,122.56018813782622,22.747809199676958,14.958150889372726,69.88161977542528,53.87409109279287,2,Maize (Corn)
18.690784231520134,49.4717690670018,7.555799720230368,34.822061959269114,122.80409876077258,86.53767687754508,65.55213078546345,56.932762162258406,8,Red Gram (Arhar)
36.123294136166855,34.996034892950625,8.692831814924286,231.3811111398141,156.68603933474742,34.42763540259277,88.72586449917041,68.03513505571337,1,Cotton
32.88742923248315,62.54057742457716,8.986272378352513,287.4490449338771,167.3604239984529,97.27325872912624,60.671555860438176,13.661084535268278,3,Pearl Millet (Bajra)
34.89791443438136,81.64351039189867,7.740708574189231,87.24244688616398,42.400773984817306,16.196710324578163,78.96712907655287,73.48998328059349,1,Cotton
23.11113987621386,75.96062102233537,5.792495441423179,110.5868918463706,180.509619514853,96.0338613620878,28.627179816814447,15.453448614188105,5,Soybean
21.272915414082476,33.2646907451583,8.458885810324546,71.4676090549082,134.66775745101404,13.646121653839113,69.42734553596146,51.20939395521237,8,Red Gram (Arhar)
18.349071976029165,34.738619298913726,4.721494115433427,181.54211453655512,177.55241215592974,26.94843310497065,90.7084412463542,82.83505993008909,5,Soybean
26.414101411358327,56.186763371121415,5.539863837935233,63.35559050128738,102.20333625093767,9.425094498221451,41.64457115048416,49.70694756849887,4,Groundnut (Peanut)
32.158024484511195,49.19388211311632,8.538235728586717,119.73430416918625,112.98633556846839,71.98574893070452,79.01489779717143,23.119897891605802,3,Pearl Millet (Bajra)
27.413857082393577,45.10498099864311,5.652861814977097,215.16364390159362,184.6172726354475,85.77837997432022,73.85498361356636,96.68297836052446,0,Paddy (Rice)
28.499398128569496,48.265292429066385,5.492929768297868,176.83247524261756,180.98281323738763,46.23675277251814,10.654988702823136,88.25712066253517,0,Paddy (Rice)
39.699808667849965,82.2263783142975,5.121563819131112,128.20951801182187,95.15056594011038,93.20959712903083,60.24328941428687,77.87559972380123,5,Soybean
26.358131208559207,90.3998234860705,8.366002909411124,137.66988850611173,62.138400010779534,61.07841181678196,17.367988174076224,46.21302105513052,1,Cotton
30.33574773983546,56.33167514429182,6.7502621663598905,177.39104713450425,84.7023825672102,64.8506778674197,96.89532136190616,26.178423966258205,2,Maize (Corn)
36.807672305787435,88.89721513861231,7.537019413743696,21.642123808405167,83.67522242065245,85.31482416157314,82.08371275656233,92.8441839648281,1,Cotton
27.517026775710484,50.89722058111233,5.575798728337634,41.98276316701076,64.50470624673085,33.1960194799247,15.42376111847641,56.84689913350823,4,Groundnut (Peanut)
32.93008080546896,60.968404112346455,7.911181894550474,266.7522589736433,61.03012482326365,38.65524352612445,16.56643977652945,85.0072805140987,0,Paddy (Rice)
38.69672900992188,44.691884858039984,7.9200249523294435,41.80611694556141,173.6019579311467,91.06543232349121,61.4750162166988,40.104360506829465,1,Cotton
40.78849496778341,71.63094274142986,5.90669111208735,217.90500693894145,23.27376493008572,90.59153212368255,37.76447154645241,39.50537190299342,3,Pearl Millet (Bajra)
21.529763542296912,93.63377248636257,6.348071848546272,277.61068595053473,138.74612459892288,97.76586373908273,8.316056611945381,96.72756229931544,2,Maize (Corn)
40.238103003875864,69.22705124281961,5.443606248435904,95.79140920448471,42.83580977672594,90.67464006195875,56.455943244140045,55.921308267546785,4,Groundnut (Peanut)
29.810791033908917,53.25791546738068,8.89452460495307,123.737602376664,75.45611974487201,17.100343423169285,41.845284470155455,22.381197299745672,3,Pearl Millet (Bajra)
24.197865319175,72.10813398938434,7.405211596762852,179.29799363652057,21.693176485619006,83.25380718301379,14.602266775315552,29.331371663534252,2,Maize (Corn)
29.019258149718272,37.989844100250195,8.70544746321982,266.87851149880373,61.29499100253779,43.93465542041144,81.18243726431835,52.41109658655943,1,Cotton
41.520781806851446,87.76284021725091,5.8652349463311,283.73356443291766,156.000003512276,99.1261288148641,91.93229270148657,13.737440122980198,3,Pearl Millet (Bajra)
29.82283425582887,62.700456800689366,8.018509108486004,227.07770947115506,178.15291166397913,49.8666916112361,76.87642373134236,50.70299071329044,1,Cotton
25.890038646900198,59.207733232576736,7.946363897481339,44.25353303931433,52.09015886144974,57.614427837710956,83.13011945154635,46.86679410305123,1,Cotton
33.20162050360142,68.08121124947874,7.612450433399437,207.3631635497582,98.07408945919515,55.32861694939586,25.56660389028115,78.58159134811486,0,Paddy (Rice)
23.763494850676633,70.61095108131116,8.845375388700603,134.88504212434538,99.36156910806922,35.56501783653639,30.039430337267095,41.234892875053276,5,Soybean
19.820719874607935,34.665427404723346,6.27099901247842,151.79627985749724,175.9793080943495,12.127098444827226,24.810116328422836,96.46429101548475,5,Soybean
21.093113325855583,74.37011937952116,5.088227956153908,33.76154929664957,154.93182004640303,90.08686688818226,77.68102597972857,25.907752898479476,8,Red Gram (Arhar)
21.07310013498654,45.725559220509425,7.522689866598274,73.4973990169803,107.48467148992947,81.25420218999724,95.05212249877722,62.00682827719587,8,Red Gram (Arhar)
21.645664644295064,76.40692111292833,7.781894102147428,241.34381010942136,137.44196808963693,18.255044153168583,73.09953463972074,17.893538136726406,5,Soybean
21.33185214358584,83.46476163497279,7.087772580564666,147.10847325340075,170.9974602427797,78.79298577825692,88.73934266355782,74.58003059147042,2,Maize (Corn)
33.38099387527715,82.25730299091381,5.430680519100283,104.46542765672167,11.81240126485354,64.45543327480794,65.6764140139014,97.53832454945349,6,Chilli
22.365122025579474,65.9125628815128,6.770051737512099,127.52534071018829,86.54910589950924,43.86865985217412,41.82769055308591,82.08420012214363,2,Maize (Corn)
26.296014799772717,63.81104300019883,5.904853814561083,259.23186373119046,182.37620178264496,29.132009164078458,45.447353418378995,58.90191158338651,4,Groundnut (Peanut)
39.522921837744285,39.28693748706176,6.423599376750101,229.71972487338792,150.65947586035077,86.67423443271208,12.15553605590346,52.6572394511729,4,Groundnut (Peanut)
29.37507936630894,80.39749977620382,7.403483591300988,96.24831121070318,113.13986112347418,71.51788463293504,7.988433548372478,83.48263659148253,1,Cotton
34.021385724504654,47.64160972903643,7.853466342108756,52.90051525946453,110.63246013667535,57.035291399568,71.07018239796236,92.36571945454374,1,Cotton
22.135676908839116,62.28520248316652,5.545011109056044,90.55950206034008,76.07631854484318,62.90901072035409,46.65074474106216,97.05017427023218,7,Sugarcane
22.6149364514081,48.47781604028859,6.32396412291129,277.8118062953254,108.89890139188776,13.651287297807194,57.4604314651898,44.8954520256746,2,Maize (Corn)
18.980846790395493,38.698843594980055,5.711227069462331,182.8448745979315,134.5228078980561,50.022377286563234,57.977818524129546,97.20073778191708,5,Soybean
22.05444151373195,70.92125029796287,5.393842262378411,169.3744584485392,89.48897730147068,23.40152781464169,31.350702266663635,23.72151019129717,5,Soybean
24.68616813676701,33.53158226348875,8.025242489981274,186.99020791388924,145.68909781451305,24.79644950583841,50.20978852880162,32.31238028200801,5,Soybean
22.248251622641924,78.661940218203,8.591637124966466,122.48791440902427,173.6341231794733,67.82387641725234,49.722221058431714,17.833418976582866,5,Soybean
20.128860810169336,50.64314169197259,6.166044835580595,245.98996568946356,39.39012115512362,91.56933442425736,41.900586016646415,33.912989450634385,2,Maize (Corn)
20.89526090641442,30.008755045291547,7.880755159681951,166.52014980406994,95.79393433531064,43.35687799544292,82.9641614231017,77.57850454238498,5,Soybean
29.05869043278542,63.223394050419934,8.53647880213985,52.68941277526275,87.52381734416541,24.736180936158085,47.86058035032161,85.05734351970358,1,Cotton
22.95200924173902,33.0453740542942,8.307558947386042,56.13823495213763,140.61831276944835,66.63095903748214,62.34622982806884,78.54255276902632,7,Sugarcane
26.74247666515381,47.951021258358466,5.322660248426517,170.32056102073312,57.47481839900658,87.76276940328019,90.07441143617848,65.53378847875727,4,Groundnut (Peanut)
30.082014500516564,75.95347168462155,8.803313466810126,282.239661059835,131.6476738409325,76.09028610663663,87.29219417159763,55.22905310199281,1,Cotton
34.569475887104765,34.07482540542128,6.1950439819325815,106.33859406933564,176.7229559289827,87.53193690097578,89.59010935902069,72.3659774508009,4,Groundnut (Peanut)
18.943491356186374,84.55700200314016,6.026582975282263,263.4715272805811,89.44500396078831,55.97269374602594,30.650474664176325,44.393352335515516,5,Soybean
37.18584957381702,30.2482949728079,4.780940972750011,233.9467642420862,183.0929829960518,76.42824321507314,8.323336389265968,84.03513493197376,0,Paddy (Rice)
33.069609347781785,46.04355149812365,6.687781443471973,89.38748401393391,198.7011103973609,18.306133139098964,29.801345990056276,69.59272826995712,1,Cotton
19.962216766772926,78.15876364988463,4.9905612703841795,30.17540952854789,30.157489490110894,38.08608845950319,31.47719783396732,71.40681346750796,8,Red Gram (Arhar)
38.96588697856265,50.55755973240494,5.618429194173417,48.517234239867165,54.28010571712314,42.00717062574463,91.38923103887197,57.162367395358274,4,Groundnut (Peanut)
40.100937612763516,36.62300522429088,5.926241797952766,223.97830147728325,190.5721527815977,53.573095893373285,66.67805961960721,87.90015061058318,0,Paddy (Rice)
19.46587103651673,53.41520472202781,8.139718455712579,75.90752665138108,192.08226043146348,93.26225422439825,12.761876162211731,32.17729656375661,8,Red Gram (Arhar)
24.64506355553289,47.57556361499416,8.439698926781535,123.95585774151026,28.564382323484114,88.05817322110656,17.860966621054608,43.54099349577246,8,Red Gram (Arhar)
37.34883071503347,84.77627364043607,5.8610984285766135,160.47576648179896,12.84971507165597,17.77992176747253,19.789231926487666,78.43254613163664,0,Paddy (Rice)
35.9582325692078,50.3676146430343,8.364141545600582,223.1310871660456,40.60900441872023,21.415016928834003,64.8900660760477,53.361902859381715,1,Cotton
22.428504464553058,81.28061066544046,8.35753921816406,51.70474251255511,199.2424288426272,38.97585221094658,74.8643324231653,88.25083318132879,7,Sugarcane
23.024383760081047,87.97168941269776,7.94092927673193,133.7825934776892,44.199927156030505,32.620667259614024,86.66617150371263,40.483140139131,8,Red Gram (Arhar)
26.891330466993168,58.198132272474425,5.1601280130683165,155.8204145599547,105.48404527718439,63.40324054984492,94.3604723265931,42.50105485612874,4,Groundnut (Peanut)
29.628551644584512,89.14630435053547,7.6064528110532805,171.43157791203112,171.1993680217971,90.76372453763176,24.161932951711968,88.20874946602304,0,Paddy (Rice)
32.8381145167271,54.525673507607536,8.75260829061256,249.14097959066066,13.876306030759205,96.41769645889575,34.42838604878466,50.86458817601961,1,Cotton
26.85392734967454,92.66509707185703,7.571432154452207,68.06989461210074,124.8529066291073,67.09228049084652,27.830673670758912,55.418963409818836,1,Cotton
29.100833187195548,35.80381909416224,5.9922758209852525,246.19280651145425,62.63483528522862,84.62512413310324,39.082348909283084,39.28320694953979,3,Pearl Millet (Bajra)
35.93930251521016,74.65625232271077,6.752606928438741,214.0059597550626,173.843634123549,54.894209021925725,91.89318520525619,34.34695491175921,3,Pearl Millet (Bajra)
18.88039686937435,62.09791262970036,7.4057626950797415,175.6438279757086,63.857618360175046,24.791059951703772,59.635693859239346,67.7234865537785,8,Red Gram (Arhar)
24.0584866642565,55.19717235461706,6.797566839278266,215.86780371272013,140.48358685356268,54.845399148880354,75.12823024582741,20.54597821562594,2,Maize (Corn)
35.12039006122926,71.12627211865906,5.039788237789364,135.3649669064638,138.10173016500542,57.73284713657685,51.56132743204429,87.37599242409601,5,Soybean
39.48496410449278,75.75071095623153,5.904288200934093,58.751324071074876,52.0837742833316,75.53346860028788,7.7415017669318305,78.5698760353295,6,Chilli
30.280258610775988,30.28361252727009,8.110782137491347,206.41426727430286,16.611847974986524,25.888884022198162,11.098571169792361,26.785847206110645,3,Pearl Millet (Bajra)
30.770723646367575,40.85195076856792,8.376381207429828,166.90824587197423,87.75741901922548,39.98948629823951,56.102687970449146,71.07375523256175,0,Paddy (Rice)
20.572128272154625,76.34799329123072,5.117850147220066,199.02494415197714,64.94669887351525,39.5826095753838,73.28495830790244,63.03169707313587,8,Red Gram (Arhar)
28.73789680376291,73.31505188258342,8.785740385794261,114.6396586879772,163.70577242660463,96.14676159541067,25.456400115229492,26.239084464824682,3,Pearl Millet (Bajra)
30.782814394920557,92.79308783336401,5.9797017803187416,273.92264165515405,162.0691958065156,47.1747712310383,73.58140952926888,34.04190853242046,3,Pearl Millet (Bajra)
23.819292087233514,79.4674563663009,7.48041182428824,184.46356320116155,96.83455091659884,76.73392689332391,82.01324848093368,45.99081232857743,2,Maize (Corn)
24.461837542785144,91.80022600253697,7.883213156805065,43.91269560144467,125.23732281141159,76.32708123057171,44.13026044440056,71.53336070160171,8,Red Gram (Arhar)
27.054819914510944,75.66513259976244,8.153758055870476,145.94511739724004,124.80930803751578,30.226697556307933,75.90982712018997,66.20765997589652,1,Cotton
18.481708746665433,49.3733935615638,8.755873660016686,231.7796953282176,167.16004820124843,59.32762049031455,43.38284528120369,56.83666659554942,5,Soybean
25.72989997399628,36.84871994630567,5.9081379661297015,242.35767728503626,90.75045868340753,89.95877486527156,69.4433097982269,77.62012779403501,0,Paddy (Rice)
23.074752167917072,80.81855111742081,8.363279045481995,158.48717477385244,62.334869160196725,50.143783348410196,77.5797196853566,76.6985210853426,0,Paddy (Rice)
25.859936452269952,71.86969939593453,5.092591065462932,270.5293198327643,60.35663444670402,94.78616319754188,99.23302873927052,64.37160555747852,6,Chilli
20.87429116366203,33.13209080556425,7.672684078591168,94.94716241440332,111.8765330636188,25.37353178579535,37.81268289604163,79.25512733786462,7,Sugarcane
39.37265473775748,53.40328028356359,7.838899782812936,134.96763522671466,95.33815851912038,12.045115048532919,44.04887415458809,39.41517698057041,3,Pearl Millet (Bajra)
32.24621888529717,92.1919880064786,7.5497545854059425,271.6071349593116,93.62294648713788,89.68811794875118,20.733905643966274,87.5499584923893,0,Paddy (Rice)
34.29845565946775,62.52607447116308,5.635416312608188,270.9518806120421,27.316094427044373,85.52971380641058,24.386940548171655,64.11208755057078,4,Groundnut (Peanut)
36.94010972657612,58.127393841280806,8.428694161568416,211.99957527091067,146.53471073113715,99.29603821371525,70.87252524684588,82.36798921549389,0,Paddy (Rice)
29.962612774297376,59.75047433535411,5.259863085166778,260.51455319422166,50.60997071656303,69.54238137068047,92.11933106467522,58.07256122154499,4,Groundnut (Peanut)
20.086086914098168,43.57737706033564,4.741356561843739,44.856514747745145,47.42118973965706,93.9853530333792,42.48747040781785,29.222565559003872,8,Red Gram (Arhar)
30.890557003645146,53.96596610621169,7.728592457753605,262.1985933381774,88.42408085270476,83.56015738299052,22.085222449376417,57.73209132369116,1,Cotton
32.0841868325011,54.03786163916648,6.639640718547302,109.7735738340635,53.27788490738227,85.22050164640825,32.084452441384435,42.65782641233975,1,Cotton
35.89054738042392,33.4030763121857,8.320941089814042,69.93282347990058,120.93307078852293,59.06844919315549,48.229911956773165,71.37991517126432,1,Cotton
28.359829109512305,79.89189585366469,6.225287134762166,87.02355417577297,80.5780344735496,41.32463680208753,32.611781289709995,51.86985367265675,2,Maize (Corn)
21.06192726709353,57.072788073752136,5.257253648284708,137.0311822438884,95.29322729263012,93.78301689161178,27.190012896577294,83.57792683363651,5,Soybean
24.810621739169388,83.44169264306751,8.263989866114414,90.33376128925082,112.06217110476548,46.05113168350997,74.91852643192256,69.67038108432867,8,Red Gram (Arhar)
26.713975113567244,85.2726200727932,6.970093342380323,109.75892408461974,48.67174927154292,56.18783988871856,5.745267517859204,70.23991010675651,1,Cotton
33.50201379195843,43.77961355541277,5.3513810657565966,57.79397610005979,39.59280834445066,47.380859176892834,56.2269000969659,29.109669347213718,3,Pearl Millet (Bajra)
31.698679312053883,72.72797634105837,7.741727993639006,102.92949435651958,177.2801615459849,58.65773982621872,80.40784666782662,96.61397945123355,1,Cotton
26.54632142154831,60.69831727059381,6.800011373202752,180.2394680717603,92.40750353797,49.69798250427108,30.29168720015948,84.06741841589101,0,Paddy (Rice)
41.676365971031515,87.21018796489653,7.2194084200814395,143.7190382654979,88.29778583018243,9.556918065050208,62.31269350814165,79.43242984134113,1,Cotton
32.53859566456529,44.02314414646952,6.574042521929618,117.08125314605513,16.76630855183988,88.79457767073137,68.54551003376869,39.058939814082414,3,Pearl Millet (Bajra)
23.693443001663866,74.05785802015288,8.22919042718103,229.0065960799919,104.61549749160471,47.21741279699813,67.22734615848356,57.135585450556405,5,Soybean
20.44277934288969,69.50388794642697,8.233032220573724,270.182791990129,115.29224710609002,60.94964660819813,47.355715248878184,22.06508055054092,5,Soybean
21.66861934042397,49.19459604216913,7.6922496982097375,231.90098241267117,116.17976548138664,18.222841262008767,37.924908848199024,57.385885946318126,5,Soybean
23.902985481228196,38.87905873732622,4.97430619828408,112.96019659295017,144.33592217134802,5.321845558350718,84.41278693764228,22.838253690529278,5,Soybean
21.856352958229337,72.35658443102298,8.274842378568309,228.44380699451503,43.721548648292234,28.30255889614608,77.0523659149871,58.66733027108491,8,Red Gram (Arhar)
22.477608577231337,78.0088347786015,7.519558412398094,62.55445109273434,57.922395503817576,71.93567305266828,35.51924147432169,67.08752545363168,8,Red Gram (Arhar)
24.84228404865233,50.515777344617746,7.6366087470193476,56.48903666556146,164.03878839377842,14.423480360723467,14.786823472009578,44.33724511799141,8,Red Gram (Arhar)
22.160966287074118,71.9141192614504,6.133422781817423,116.7755703701245,189.96241720024486,91.34430683671445,11.821716817319572,53.871949293153804,2,Maize (Corn)
39.522370191034206,55.68350899474771,8.45675800270653,246.15666333233597,35.82722199979092,25.427144088837537,13.956217900398924,87.05749811536356,0,Paddy (Rice)
19.92560989587941,76.35844741337016,7.764172201056859,88.97750922784452,104.55341535599146,24.4363933577187,60.37258931324406,19.553556733847223,8,Red Gram (Arhar)
30.588273349686112,42.94899286811345,5.006657099381375,37.71095449163028,50.6934880205215,22.243256354042074,9.90790670375402,79.67249458396945,4,Groundnut (Peanut)
27.849523847751875,87.86397517135134,6.335001154827732,56.87866985777943,21.413901987446664,6.328262732279651,37.00805312158365,25.026400487665285,2,Maize (Corn)
41.57708680580655,48.68162377026268,8.488711628820639,260.4485911882824,71.84563424396572,78.32151950543229,76.55397168185179,13.230302486807298,3,Pearl Millet (Bajra)
20.688933652033256,53.906089204149936,4.712385157638206,197.45931972924055,37.30064878500042,88.12828046829956,32.96307581896092,26.330565041564206,8,Red Gram (Arhar)
27.5485343770978,33.77597688522273,8.826374788389224,90.89632574359347,144.8872839525068,63.34545674853889,77.51426733211234,77.32380071740309,1,Cotton
41.26729039860885,37.24829380088296,7.556231557438032,175.48283109189077,111.40782859757444,22.87899825958692,75.81936862967025,45.65109445364368,1,Cotton
38.77217102145553,63.53102367630133,7.341191899395195,167.72229427909812,37.32854948815907,32.101409709383574,28.35357760015555,86.78180548246401,0,Paddy (Rice)
37.609729702782715,47.39352398731815,5.717516654195961,203.52207396338514,11.75590179704773,50.21303624967151,74.23810710881082,56.17426362403939,4,Groundnut (Peanut)
24.189667849078557,84.30621467324264,5.619563049326297,85.29251523805257,163.5498393146004,95.66286540421358,76.03878063584956,11.958030969517125,8,Red Gram (Arhar)
22.10130209736158,30.955070262572,8.73926198769868,262.03283641443136,43.476937171207034,28.498380322685566,42.75812293836755,73.07079764496956,0,Paddy (Rice)
34.047437278186344,54.641113163675854,5.842226044053552,106.62319738240359,125.18116202194554,74.50636087238937,24.98994595544423,19.700495967468477,3,Pearl Millet (Bajra)
40.30502373906206,51.927460539991024,7.989773835235497,214.35686311334632,74.01516348458166,46.747581212827434,54.52072665472757,79.46540774464935,0,Paddy (Rice)
31.362309432334314,31.256296009644068,6.269048091931856,24.51490098422017,121.24232827985676,33.295498094202074,92.53277086001866,24.79302438285584,2,Maize (Corn)
31.718704547277596,38.083945935033164,5.126643318531168,124.34399637036122,69.97418912664156,48.31201401710081,65.76358958104589,40.39928195088518,3,Pearl Millet (Bajra)
24.719498247846822,56.88677386971129,4.548218839629115,118.47874902846632,26.51851653152829,11.76463816641709,21.427637274589813,76.99188580703171,4,Groundnut (Peanut)
36.46783039660649,62.03619798908403,6.949158016568629,172.17564000324407,52.360501625973185,80.87530023838444,69.86190784968439,93.97235945792511,0,Paddy (Rice)
22.48904996538056,56.278833571566494,8.891004683470197,40.36615329761502,45.731127631024364,28.11368315838188,45.584287591774284,42.686187656912445,8,Red Gram (Arhar)
25.76830167370185,64.5109490967861,6.16111287214142,241.23678464331033,91.32367696353234,73.9141517033322,61.19523574876044,82.98721937750635,0,Paddy (Rice)
28.210474526794002,68.6835588688693,6.107365502968702,80.97862449491919,135.0739188509699,11.493095287578498,74.73608332719525,26.789719361873807,2,Maize (Corn)
30.18264908842692,30.645048373309315,6.04841228032249,209.57058816696286,60.12315423980793,95.73436283574017,53.919998393872255,81.03181977781922,0,Paddy (Rice)
23.817833577961927,60.166185364477755,6.842447267871863,244.8993945083461,12.293287707117411,23.336423613541367,82.32847758446432,67.85947721455008,2,Maize (Corn)
20.756083793740885,92.62745065769323,6.4829919754093215,177.3255477476237,108.59809921030381,88.86049723967264,73.60478003507964,26.961428634688424,2,Maize (Corn)
32.654881018599184,63.73709820842067,8.459615820271566,227.44729788215594,125.0943029782047,81.89995491346627,63.43196730175851,36.62034851092422,3,Pearl Millet (Bajra)
24.92713327776614,74.04024738483196,6.774843562755706,205.32088742020156,192.94539386034384,96.94669278773452,19.32531750407339,21.59583819653917,2,Maize (Corn)
31.949717314142696,50.27115076459741,6.78491027184856,119.54834320256214,121.9994525877169,50.399612789846216,84.41516553659899,43.701096973659574,1,Cotton
21.704705166580855,80.30943957992957,5.122672176242505,246.48039092939828,99.52278628184695,74.1027429153654,93.91103060538252,27.921080418848412,5,Soybean
29.54736244451562,80.23989632194748,8.922327934096737,102.51638356794783,118.94630892056372,40.217512418589486,18.011686761883006,66.67181991948166,1,Cotton
30.78214638123806,63.88424309751903,5.624878008909734,179.9396169704248,186.30111967378514,22.514982611870913,51.3829072961759,97.51644917140916,0,Paddy (Rice)
19.243764883738244,93.44089851314888,4.830138303568212,228.71136695963105,167.3918476643128,47.09221362867764,29.594430487197926,11.056806351415243,5,Soybean
26.078502676654093,38.16076395957247,7.4841581203884395,126.10765474750212,71.36595933912352,20.74615646190321,76.67971420542864,57.60094356928228,1,Cotton
21.225952246535382,31.101598217822765,7.179148665705927,104.774930132879,55.07832909485608,98.29423916470647,73.5548154204465,60.48266058431285,2,Maize (Corn)
19.520999291346428,80.06028376421125,6.368155442967356,148.61688284839036,59.90038634955399,14.143416658368055,18.384086454187877,90.45037349191145,8,Red Gram (Arhar)
41.759045577358684,82.46510992871737,6.399865052463051,249.029778417763,105.83999754589047,60.97511372799894,88.31759076985553,54.5284694594905,5,Soybean
25.736492279393353,37.81346989283745,8.03278764470894,280.37809368078615,151.36939573342977,64.51406624913531,22.192441077910217,57.84572492875274,1,Cotton
37.43698670051124,47.262884142309396,5.380706880448421,172.62335560076923,105.6116493647628,56.11755657303515,80.73960743657021,51.505446516898196,4,Groundnut (Peanut)
24.111375714330332,31.14090361883088,8.191139935252004,205.21053749062253,22.88131520734139,67.9076591426242,48.41313416466046,33.66357880141037,8,Red Gram (Arhar)
34.3560653333743,49.065059700736704,7.419362012527582,272.91661422689594,147.48033308359638,16.03717362612964,36.18586788802437,14.930563725904403,3,Pearl Millet (Bajra)
36.245468637352474,80.25422180471365,6.38536398200786,47.59311839562387,163.13432444748122,57.72675979950265,20.032729954050282,45.961876034465575,3,Pearl Millet (Bajra)
32.29532977458826,63.667434301317634,6.561128774627409,84.98200180252621,65.00459437274674,32.28519425709935,20.923354333929794,14.628049469179711,3,Pearl Millet (Bajra)
29.3178285252038,52.626213555938726,5.654912432337431,218.49200175044308,136.18389046383658,94.31672601360037,67.87960269658552,58.44333731300077,4,Groundnut (Peanut)
27.884181939534443,54.16305416891147,7.8845144971363865,250.6484493354439,91.05246120033475,77.39680707677394,57.29088685497645,37.041840605321795,5,Soybean
26.372838397031888,30.08798567150543,6.807936340373705,259.96812793256186,178.93267758821415,97.38887580517556,16.59811505686711,56.95701133423765,1,Cotton
40.308699461947825,49.48703429174033,5.943845442374296,136.23000951938113,170.59285605054058,8.567826625318007,15.706296741640893,21.818132866776427,3,Pearl Millet (Bajra)
37.9348657869055,72.01981820646549,7.182225520924276,45.015172641722714,109.83207967883203,32.08765164216733,11.869504603415189,92.07143698506364,1,Cotton
41.1606458559963,93.3226388480632,8.980805034230954,142.57881364389357,141.38605370458296,23.565145730643156,75.6578980004867,88.71786943239427,1,Cotton
20.983133363653074,85.05895375395346,6.458680258454493,84.60568525797505,177.83644319419975,6.059685794623897,72.62879809678248,26.719692809801035,2,Maize (Corn)
35.54081940488746,31.533672701959393,8.643111303503787,101.53500739905476,104.18623191487235,28.020944373400535,10.55094413118464,40.22309692987287,1,Cotton
40.520170963704906,88.40643930386456,6.052575779660548,236.2349159145016,69.51764069287617,69.48371843444075,58.22565718171243,63.987363922974204,6,Chilli
22.349593587975843,80.90789686441069,4.746297181162436,41.14758408724832,153.19656620282043,26.953447602784014,13.04423474805554,18.42038624291975,8,Red Gram (Arhar)
19.59591041680266,80.72444803211373,5.41908947865793,251.7227408945966,51.81258840909144,53.35532732084873,90.85584820784946,41.20196825822127,8,Red Gram (Arhar)
35.78689558296142,59.76972433523215,6.384128144974579,139.74734403076735,83.82091812114798,89.34272092167487,91.17615482211258,32.09788124007254,3,Pearl Millet (Bajra)
31.787354716317886,55.87034404204268,5.48835717867556,186.89790070816662,174.4881750502908,70.90700243316215,71.33213403224735,90.5654721270693,0,Paddy (Rice)
38.20389064219853,49.68952237415752,4.50102167198215,45.10262474599012,147.64024465116987,42.48976164107304,92.98794753674775,85.02093599345005,4,Groundnut (Peanut)
21.354537039030948,34.270165832033776,8.617506919863873,114.4605419400383,86.72409099702486,40.38454919665029,82.08803788930061,61.025281231484016,5,Soybean
37.086415484637364,44.83529862709044,8.29745735053918,45.11625732415682,50.801455457587906,48.294902330806046,83.71116471306969,55.79047764469853,1,Cotton
22.83905568114587,46.0292362735716,7.840315041691262,289.23224240671067,77.63399425812494,21.818936900691106,59.12224580414366,91.90386991999495,0,Paddy (Rice)
21.927742628776908,61.465009531163105,5.255165680407129,246.03326181135012,63.97978835321227,65.23007290451886,34.07562383053671,92.05364490213574,7,Sugarcane
21.942379150343832,78.5838864287851,5.0416360929449375,148.69717121980887,43.45696470933225,39.594517814937525,25.69091593606005,95.30105103094611,7,Sugarcane
37.54979328555317,60.79763884586653,4.804221372625724,82.60871353062791,151.23325357747476,85.97470817989415,36.084002093698274,21.033341801520514,3,Pearl Millet (Bajra)
33.9647332967088,33.75988921406544,7.758131349478146,281.3674294699586,57.893278501532585,76.87250270549255,64.7070658584609,24.12908734715898,3,Pearl Millet (Bajra)
30.553570194458864,92.25633706423325,8.679635823095484,116.48704680355209,96.29181933187513,62.99875058875521,21.402370904077898,69.55282948383002,1,Cotton
26.61193161896406,91.27708074111729,6.437411194108666,65.07564087246493,83.31329489886072,39.599211151704026,29.57082248054555,57.64623394166635,2,Maize (Corn)
39.0528129795146,81.03732030464654,5.036133023982217,177.68602876710736,196.59470194076985,24.94352400898102,49.46578196556912,11.624999630604766,3,Pearl Millet (Bajra)
27.418682578143247,94.43631360167434,6.805767693294479,284.2567536965485,84.3075263881619,78.73442709003417,27.13975935983848,15.453803167077705,2,Maize (Corn)
37.59838654731785,65.39135163201709,6.069743583563835,21.07248134009032,25.19667173138341,51.20886440415322,60.92114862302586,88.15107363877485,4,Groundnut (Peanut)
28.539237805685243,92.5799427664584,6.18671215957499,86.67495611111964,27.066892988695965,26.351253626848962,92.70172270335134,86.460630007466,2,Maize (Corn)
27.046666306197782,34.9143276400888,7.295987808700683,282.7653393149141,122.24320705708232,23.54158842880059,76.06848974179701,41.439841135651974,1,Cotton
29.104314856070555,53.76924863698913,7.73423150967991,67.90407072000536,123.87907483027047,20.71308592762911,68.31052834414675,88.41245428988705,1,Cotton
25.23306897993941,44.64978242043978,4.9977161949292235,51.70816645914956,89.56420819170444,78.83031363953152,60.358540218458984,62.243406547015354,4,Groundnut (Peanut)
35.94262512423003,42.72915046872755,4.660156038629144,179.65242042394524,92.05030153928564,26.75378260352961,51.35505137942116,80.91969693766336,0,Paddy (Rice)
30.0652893622195,39.15219167802395,8.974486362085717,261.3162705225524,20.24719073976553,55.03101503489376,22.723566665292672,47.61393426209886,1,Cotton
23.573104683523617,70.45688670178978,5.5472775701199835,153.59074895429933,108.14383697395982,47.89690429244036,89.99749326555222,19.97905280635197,5,Soybean
39.589789758589646,80.78592062357484,4.742237362088066,298.4779918716669,105.90050032226682,60.06303542668697,28.61092019121945,48.16798151284943,3,Pearl Millet (Bajra)
27.213389312957073,67.58939596232344,5.35443898093164,210.168075870638,38.414370525819464,88.32971553526346,13.674343369925271,50.24238222372701,4,Groundnut (Peanut)
31.045268666735726,39.55257612323363,4.675310308568089,40.74097401892537,29.72948336107624,87.43600205776441,76.25144202672604,58.48308905797306,4,Groundnut (Peanut)
39.755330663149124,82.7230450456756,6.263149025777272,297.9929968709531,33.478773213903196,47.85222682336167,21.68347576146081,19.291278735589664,3,Pearl Millet (Bajra)
32.98171190193581,71.33705596564235,8.11080803003096,134.21038629845333,29.19536683333912,6.459793819798714,40.33011995641172,97.24336394836581,1,Cotton
20.805552977000737,55.230770898254704,6.035600023909742,100.4727094767351,125.84455715198436,45.512161542858806,7.687068187643074,31.48404023100776,2,Maize (Corn)
40.55597096672341,73.8184692098441,6.498825330952649,176.20617140180795,47.33170395655454,62.588386055293334,18.021454541342568,27.472611511264176,3,Pearl Millet (Bajra)
33.06499327371403,46.893823650784135,7.5401404810534745,105.20612570984201,57.771728915618056,57.98765211431587,21.45434492219165,56.358656859322416,1,Cotton
26.037734751770067,52.437493552123684,6.7900233153144605,44.20810199364265,42.97870738877355,66.87693005101951,10.168962136266906,57.2743197867502,1,Cotton
21.342529743921293,89.63657980357937,8.37650558709596,20.39993606216948,191.98870784521557,19.637194584942932,67.3824108791703,48.7042249293255,8,Red Gram (Arhar)
37.05660454248711,48.882792868642326,8.397160537705904,145.88333881767346,172.37731799884872,66.4208343841696,84.51574060129614,77.92650887662239,1,Cotton
32.88174614228433,60.549237430265876,4.544598129710192,254.32175822344584,53.794019096788965,22.35190378065836,40.46496360476439,55.46558726411703,4,Groundnut (Peanut)
30.803066207431716,87.85917393074095,8.001208379174397,180.24825197642144,72.23759584520394,76.29977816619115,88.08476528822906,63.653200052758606,1,Cotton
39.45342199322298,76.00188776738929,6.573301201087532,299.77804370416345,49.879640037949464,37.2133232599546,25.267924583212018,73.68968191588513,0,Paddy (Rice)
36.92633306938874,34.04320970070568,8.949782435866485,100.31706078121599,103.45643229755652,72.44006617123809,35.91209023831775,12.202208937620263,3,Pearl Millet (Bajra)
21.640197113586026,39.57469787813307,6.674544341439458,98.5274181328155,13.726001170108184,9.547231896080174,19.320014337961,60.21668806396394,2,Maize (Corn)
25.481329627093157,30.509703400174594,8.941031754247339,64.72984886550438,137.55992169039118,43.746702431136775,63.95312356480487,87.8091134680965,1,Cotton
23.963739355547176,71.00991636489562,7.895562125425815,65.93780471429385,109.40004846535192,71.9782796150166,44.88761113267915,11.530209377438183,8,Red Gram (Arhar)
35.85471102174425,59.098772651677194,5.6187219807598785,99.85224688281339,180.7413963772096,26.552699051491942,63.26191794998037,45.65602513448458,3,Pearl Millet (Bajra)
18.804778433658704,38.72786530864791,6.92277740679131,241.99521267658758,41.234610022398684,80.55226925573615,77.35911601244744,91.50801561811303,8,Red Gram (Arhar)
31.677352436911598,92.26571786869007,8.964610377653623,273.6119013782054,162.780756751615,64.92407464496853,56.841786523130104,41.07758740086332,1,Cotton
36.29900845777657,64.4278820564653,8.358887734883657,293.0244075181508,160.472592748676,60.81836835423084,64.62488371566985,50.3681365296212,1,Cotton
39.04237528228199,45.7230641173378,4.938151022060495,85.04110314700674,34.164425951208514,38.58714114941203,93.84877986746163,96.37564258789952,4,Groundnut (Peanut)
26.20996196918178,62.53923212505599,7.678673985644982,266.76331277194566,85.72625258738424,50.83288968620617,33.41110941284009,27.540499587650494,5,Soybean
37.71017531212831,74.17532162778201,6.055108136418658,111.91142499765436,42.329001817458206,61.74818359289605,39.120574170225545,15.742456643000523,3,Pearl Millet (Bajra)
20.655161686924973,34.95554916828169,4.531420178461566,51.59535246472764,58.39689508693429,49.883900821914594,73.181819362387,85.62918799579478,7,Sugarcane
38.31485500162844,47.85574797811298,6.315664360621498,263.6069791456464,60.016773217803426,71.33976577435321,63.07402412026174,86.42495002668844,0,Paddy (Rice)
21.059727895967576,82.45275690745959,5.55639489776237,198.1095777002132,115.68491486489683,46.20120864516116,21.960625931272908,51.542849451841164,5,Soybean
27.534894973448814,59.87821657617298,8.184911717342121,66.12465090269728,88.16807703448845,24.215952265492884,40.73399445099657,55.25023135400119,1,Cotton
37.13508877870929,65.52751423209918,6.017987739805944,140.3527521036407,190.069232761198,25.32370936609949,49.44461124684792,83.55096052636958,4,Groundnut (Peanut)
21.598018256370572,58.1330401436155,8.223856622792177,100.43215456557894,34.01032696993097,5.551358040079403,44.84203460699699,74.99323583418997,8,Red Gram (Arhar)
23.502033485583397,32.853496271795336,4.502690724756579,226.30247923885517,195.00150562153777,33.59098297807388,21.936106790593875,33.33311219509694,5,Soybean
35.33406164143359,40.77373568831014,5.885186175117536,146.95654457479506,53.82134164071015,76.14717584545936,92.82085871950491,11.486615246293624,3,Pearl Millet (Bajra)
35.28087687710578,58.960206518222904,5.585243464384929,296.9983846297878,156.84604791255208,80.44545733957291,77.4202823609277,52.213614302952024,4,Groundnut (Peanut)
33.38754318924714,43.59705525151531,5.55105312480875,35.328595032686636,74.40428597283606,24.234416499096252,50.72880405024596,85.58428469641645,4,Groundnut (Peanut)
34.6547626672104,33.24863686287912,4.806839788944582,119.40427451814907,37.18546512928964,96.10917970278373,69.60579768914947,88.83345154873427,4,Groundnut (Peanut)
31.025386640342308,84.83722816336854,5.342059216847257,154.93204679079366,172.99894519678557,52.72826538061204,90.24185385287457,94.14790534270153,0,Paddy (Rice)
24.043177413766866,93.77751439566754,6.999973064485289,160.87739532952955,68.683570854928,92.11298115675775,17.936543524349265,87.40156490992474,0,Paddy (Rice)
26.29670384409407,81.55428680978807,5.81112482776985,108.46203026797829,135.18252680310002,72.14270177685496,28.78543981716288,61.043832866232655,5,Soybean
22.358345203234215,85.49601991080335,6.378276520481165,224.18726974731905,117.62430016645905,73.63117518712924,56.55661848938128,49.12529273277688,2,Maize (Corn)
39.80281347200708,45.72851347060795,6.195900961562348,264.9291805769129,99.63369878426612,13.079144024076758,80.90598527847408,78.18678649500072,0,Paddy (Rice)
32.00140307438689,92.44075340835798,8.441572162499526,282.8414045538016,104.20569980322243,25.899157055208413,8.444215066945102,75.10430382417249,0,Paddy (Rice)
27.620434002327357,42.800170789472844,8.573845495547321,245.42614550386733,149.12520367753464,5.8374091629749,98.48172426865425,57.356621847167986,1,Cotton
29.088139287459185,91.84293767351909,6.71830637245137,258.1624552458478,26.676853683453707,73.03212584529007,48.21612727382773,17.684808785145282,2,Maize (Corn)
40.73480015068357,94.66325410778681,5.985701776420219,174.15268417359874,136.954325772002,37.721637400708445,39.126958359063686,91.49515851724885,0,Paddy (Rice)
21.680433674785924,76.26198237349317,4.980603168010636,251.2487033995081,180.20429926572996,79.73198902725295,32.80882159477832,50.09302330014627,5,Soybean
32.06951596840314,93.77434256646842,8.790312957219427,104.98109456142662,20.97975743377419,37.1989408940175,21.563887226832804,41.97337280863126,1,Cotton
30.141328293227183,67.02008567186174,4.771021252051338,131.57405339058005,36.724134454396676,82.8367064683918,80.19952134835265,65.4019307748519,4,Groundnut (Peanut)
32.67490165043155,46.87021590644587,5.8394262490572615,108.7356438691924,146.16006797338596,17.416334106089735,95.76434565087916,69.29774058269396,4,Groundnut (Peanut)
18.434644411700173,58.40473256826536,5.8412979052650185,150.86845392541912,93.08351316647733,21.470449891963277,44.29625171031283,28.540536698666525,5,Soybean
38.93097381465964,68.58146079962108,5.941805787630967,99.96229254681819,86.67423795460078,37.38327126047397,95.47996600157835,83.65061834327614,4,Groundnut (Peanut)
40.3708387796067,34.75030153175597,5.239290794725842,289.2512038312451,36.02366056340482,43.80630194381597,83.26077346632825,35.51446424228925,3,Pearl Millet (Bajra)
31.563196406141014,70.45231220012099,8.024226439156637,107.59649584158709,106.28630773637974,38.126767030082945,50.699857110250235,26.42818548045987,3,Pearl Millet (Bajra)
34.719619773045416,93.77655938954913,5.051240378846952,47.45247067106315,34.043609127311676,77.54646808970588,69.03248701698261,45.76318705119577,3,Pearl Millet (Bajra)
40.13998514825509,42.356997235942295,7.357079966189232,167.50880649411576,100.55788669900268,14.210382299537898,46.32349702119398,74.28928711897694,0,Paddy (Rice)
34.973727223521564,81.51868255874491,5.057307120176178,35.98774196464938,155.08690680271476,38.365616865656364,58.078723780192476,94.9603197027027,6,Chilli
21.66093702994227,89.01342159567525,4.817410369168305,50.95208656640254,59.070227998561066,84.53779995396864,10.514402016757863,81.21675126468612,7,Sugarcane
31.830920644003516,91.34060353331435,8.592432766586445,81.42902897494896,101.34937195414818,11.345722339906338,71.14503015355065,92.75065723497687,1,Cotton
32.56116111318854,92.40881428635407,5.355579448434176,150.01806996699966,198.48303418539876,94.52263322877896,10.018341225992987,22.373310758734355,3,Pearl Millet (Bajra)
28.179136111257264,63.89487651689568,8.19562569551867,141.3102610465278,140.46358043726707,98.70010001584123,82.62306995736671,16.263558300003556,3,Pearl Millet (Bajra)
35.67466165499334,93.52501401944774,6.950838919982111,243.91372136078152,169.85778654798773,13.413976513382607,83.36995829875296,59.078019047787066,1,Cotton
40.42480835445636,79.22516346373853,4.850354338239463,227.05290308755175,88.8210452465037,32.67088961429501,27.522342317840387,35.54617850787503,3,Pearl Millet (Bajra)
40.21364430976263,40.508643355402526,8.799516861471304,139.36912231739637,155.8935753939125,40.37806327335883,35.74796419840102,82.86883762129601,1,Cotton
28.82014491369917,60.99850692041805,5.611325251463517,113.43717812117637,17.69674285885115,78.75718002200898,50.724485963037864,69.13493268340468,4,Groundnut (Peanut)
20.717713100178127,76.69152639918025,8.36840405408673,108.61125953721961,33.35312468302655,61.61304715108971,61.68297615858574,95.42407843074992,7,Sugarcane
41.63618877509603,46.077120528240414,5.2596450260305385,236.71862444232252,48.5834126548118,66.2147415467939,32.29859786548969,32.421727304354775,3,Pearl Millet (Bajra)
38.13355407470242,71.63998693067768,8.342742969638337,34.58027374195552,86.37086567689171,76.96343316775807,61.28620844003288,52.74900206326045,1,Cotton
20.991904348878403,73.32903113803025,4.5595296580738225,23.59006186296963,170.69152688189502,16.20800494651744,33.2897719567834,54.10916201343109,8,Red Gram (Arhar)
40.100205182816936,40.57548334755678,6.803012054562663,242.75242973946146,75.79054964970679,84.15489840647493,10.271618501750766,31.047557947449107,3,Pearl Millet (Bajra)
38.87751268949108,66.73054530942916,7.962491607397006,153.6009852769338,134.37802676793797,72.03388139711369,5.24011723403135,61.928219154944685,1,Cotton
30.45211337102573,80.15574921360951,8.706579828717526,56.64671879500127,144.76971601266186,59.847463893655174,14.609350502250717,49.00916677497308,1,Cotton
32.1906104578783,62.42821819483623,8.59140961292919,85.95846168646035,121.37464727678487,89.52485680439038,80.26381651558174,49.31149692710888,1,Cotton
27.576064892883124,30.786702590446982,8.188311912964402,281.1011068672671,77.87597395232588,71.52910361896167,96.33597467641702,41.92082502157856,1,Cotton
19.314279331728752,30.587500490153992,8.496861073475868,260.66083317497146,119.6401349255734,24.161496449947414,45.56178893171583,11.489783013447084,5,Soybean
26.04473379950162,53.20690735805079,5.396488586266845,218.7398140627123,75.03046263005179,45.82581120218834,53.70497557774456,55.94438084850143,4,Groundnut (Peanut)
37.26848276635228,90.20261444806583,5.778829330702779,155.02306449445143,25.936010324882297,51.93407235889466,18.950576061975482,39.50180954162914,3,Pearl Millet (Bajra)
18.11116855211047,44.86399067423457,5.800358362144763,165.690615333588,198.63275585534274,10.245674541288537,57.347978504614915,10.116148470621011,5,Soybean
26.00398012058746,71.23363977665966,6.196742689507644,293.0684698795084,34.16466619017707,95.6905637692053,18.7422156906628,37.099046274250014,2,Maize (Corn)
27.55604864618264,44.434931595065834,6.269943016733349,290.41572428760037,23.746192928850895,17.214839775703453,63.065361463888856,34.519293311898615,2,Maize (Corn)
30.89749447051015,50.90854932787066,6.95049896094604,80.2753328200336,176.92084234935962,71.25882038653906,93.65957342018112,44.62343748367995,1,Cotton
40.07653479390625,85.12273582409645,5.219458935148986,247.10927856548906,67.34858556965008,53.091948428633614,23.591361233788763,21.602975088618933,3,Pearl Millet (Bajra)
26.31230386478307,77.37599374754654,7.610609987036952,75.2279465267647,133.55642507396647,7.435063739020146,77.63355321542468,54.67617656788743,1,Cotton
26.326876845509464,36.20095302535869,5.254049426870279,79.79049380750638,72.51108863582425,92.85101020711436,7.232730167740784,70.93475102159545,4,Groundnut (Peanut)
35.70002995463396,57.86563136411819,5.896388169470464,209.3060495660815,84.37631145094952,85.92449683779866,40.67223792555399,65.45633007680237,4,Groundnut (Peanut)
28.853230581355373,31.89603463694219,6.7650530877276935,133.40030760451356,59.801464683191334,54.80450315086438,15.52110824389836,80.73043538608877,1,Cotton
23.390515750559565,61.257859529195585,8.083982526855648,280.83243398982563,75.17836110067194,26.749521933247298,38.485166951591445,49.77672934286314,8,Red Gram (Arhar)
28.85854838718464,73.05821076056942,7.827611549574273,44.92272577088247,88.0330761114432,16.554174614608954,21.486007365693933,55.68007226989609,1,Cotton
21.3805684891152,37.702670533879854,7.40490460384735,163.22717942665804,146.87905312754515,39.522285546052025,40.46397406167431,81.31537079559052,2,Maize (Corn)
22.23328767614936,48.777521029095766,5.2009796726107655,277.18602852407395,107.19187690461044,29.2656866993786,44.66466658021538,47.63770303209299,5,Soybean
29.960826545747516,55.8593806576402,6.9617040552701,273.1518249342614,189.2773912598256,53.13566409559838,33.55615666418724,71.74074279116454,0,Paddy (Rice)
28.05421078810915,89.76951660264324,4.893509258099485,63.82817975640754,17.957274829367346,96.80888313172575,67.37908519994727,48.24500844718328,3,Pearl Millet (Bajra)
39.9563016256344,94.56157600249266,6.198134295584929,122.6585560270078,105.58298130008535,59.62058185681593,92.29094486959642,46.76078511701751,3,Pearl Millet (Bajra)
26.697453578799195,32.91923443471503,6.360824386304817,193.35399201307496,121.00270987802645,89.5434503095593,43.05656054000087,76.8980949585661,0,Paddy (Rice)
31.934120406673042,79.46551502720048,4.679151477505892,64.63056773599261,184.83742735411204,66.83348956209883,23.272599865127034,25.38564856102658,3,Pearl Millet (Bajra)
33.17434291006873,54.16206431615231,5.732946447614873,291.0462081728068,19.34011948807124,50.14842002578404,30.718662028618418,39.795565530858475,3,Pearl Millet (Bajra)
18.314266958120008,55.5097821049162,8.800422602699202,276.1298120437449,118.96492113769105,86.18771845967026,86.13007823215506,29.727160353727356,5,Soybean
33.924896928401054,79.02722326755648,8.791346735233603,66.74605012965137,172.18968642031183,49.77997046643476,59.30577371066405,41.60167498114855,1,Cotton
22.272863204874035,89.69771808945157,6.085471744136427,53.92352915307592,55.96626834265495,87.51967619848429,48.22604806916094,30.272984368210114,2,Maize (Corn)
41.065687619266924,91.81035864266565,4.693950490267458,43.91437518631428,176.49554621954812,32.6997931096977,19.215488543348037,60.98769553562561,6,Chilli
21.567905466074713,67.51296809249085,5.3059272269768165,274.6442259302567,13.618247762115447,17.23724200748387,47.72409429075928,80.23903063037038,7,Sugarcane
27.95097896944857,53.212875354532684,6.264980070450931,74.21466674272902,149.16637953540865,86.25487411447914,31.456740318951734,79.22194938717536,2,Maize (Corn)
20.048392033887453,81.19069058082064,8.765008640861534,136.55977999241932,187.2915120220441,60.80444056030334,94.60049714606818,42.076084880293735,5,Soybean
41.92498204430274,46.315089912049515,5.135395785917332,145.67838238256084,134.86755571161183,89.4637778336512,88.98666039449446,97.01091571869503,4,Groundnut (Peanut)
30.052680247949823,66.66481187417865,7.935821296506955,187.7230923797989,93.41555635628511,94.0935846642764,12.97074147367881,62.259184094110466,1,Cotton
32.28924041568105,53.30759999911676,4.989071427186114,40.08589624927899,18.527393129816424,10.094697085287672,54.08208147981807,45.14722655648994,3,Pearl Millet (Bajra)
19.60983545732226,72.68101979101195,8.915659098260747,83.49241287214446,184.82162453129948,52.592083676592495,26.380542823893848,83.52745657324544,8,Red Gram (Arhar)
35.999051289580265,45.62592933807795,6.217274245991107,280.81730833729927,99.35628231139921,40.62163216208028,44.02382350480761,74.22891311255239,0,Paddy (Rice)
23.037734234294057,42.453541472763675,7.988555425045752,274.3548300351995,15.509381423830122,64.45654772166114,88.30055983388836,75.93622964052119,0,Paddy (Rice)
39.55330294657713,89.6855406339034,6.041659872650094,238.76138127359383,141.06600355246476,80.39116373422074,55.11387938941176,27.2602627765807,3,Pearl Millet (Bajra)
22.923351371568174,36.6172393917199,7.324509947214639,25.432348773100323,101.54907817948906,31.656070517565052,36.75045287022218,51.21253904843285,2,Maize (Corn)
22.576505295927998,62.88726400277056,5.364072381330165,111.56189517890859,33.62561031405804,57.895846515451304,24.74939363997472,85.84087551256505,7,Sugarcane
18.877192028354276,44.35543089259558,5.157094586836331,195.8284458960142,50.71164376894932,72.32921509096546,81.03086164361648,54.35534467133064,8,Red Gram (Arhar)
29.329606682639984,32.53044761616839,8.721288628056591,97.05325929657319,22.25322928661079,17.770952869394733,64.32921145961298,70.14384142105243,1,Cotton
31.556187198302794,32.34122318894271,8.629412750569951,274.6842746150577,119.11577254462898,82.33635606537035,49.46621874049197,61.73816850701528,1,Cotton
19.577007346280457,41.38941518687878,8.49361023095797,197.48904931308374,128.18560105788174,62.580411986032445,25.661013616982913,84.12739731921762,5,Soybean
36.612662800680255,86.34007304289003,7.31445052574967,40.13388084860477,106.09103668753443,95.20605652579692,36.753405544927475,35.04135389902103,3,Pearl Millet (Bajra)
28.878932033952662,48.36111835850673,8.137206950473253,274.52156487399685,165.24940527049682,37.25524731741586,96.18512554015926,60.64182445400011,1,Cotton
30.58536646386192,91.77984608739422,4.810666216101187,288.17466428934233,173.59167604852257,15.273864522033872,54.408544072554264,20.84465078486275,3,Pearl Millet (Bajra)
28.578305926517476,67.80544904429757,6.006550688508057,41.759477149683136,126.96863536979406,53.11761409850791,43.06643171810903,70.73854834955317,2,Maize (Corn)
27.618313461007823,58.37992233496979,5.911664061407203,169.06086576116817,12.423731144411803,13.152023312396691,54.53509402309077,74.41316977503867,0,Paddy (Rice)
31.431367951397228,67.70577425351455,7.360403948786759,104.94199901996772,142.09363459206978,97.10501971578064,79.00390806046282,13.76968426463186,2,Maize (Corn)
21.725765902337102,63.58539503970741,6.101809980617882,129.99494141479266,89.4198512148668,8.675071034433195,37.31034896777253,69.46960479926268,2,Maize (Corn)
22.366275131886507,79.32045649422614,5.168280517396564,70.30234102749573,117.45592181301353,76.58287060519426,21.97708148859784,46.4927335665892,8,Red Gram (Arhar)
38.682854904324415,48.3622442882354,7.184101839360947,181.8601885634755,133.32531438358802,54.88472782351318,60.568931242209544,20.920525097652046,3,Pearl Millet (Bajra)
40.70677109120719,52.94827545401965,8.164727643010867,288.2342189096894,76.54495672214459,40.01896198733743,68.19438983070138,46.95186419746515,1,Cotton
26.95942359071407,88.11612966466129,6.219555725069879,160.86032807605054,184.2487159826409,11.255005628322191,72.70821028106221,27.09249781321119,2,Maize (Corn)
24.49787215544529,91.51967335477636,5.095209217943168,43.21608279045472,35.45522468245843,64.10585779649273,88.78882112278232,46.56923882685186,8,Red Gram (Arhar)
33.45598903773638,88.01628478662084,5.385096887907704,193.60037337367436,137.5872433833971,60.59593129214075,40.26154146546574,43.82183446035044,3,Pearl Millet (Bajra)
27.809620106354313,57.26411960722538,5.568674873262228,115.26243844635196,10.828320191750281,31.683910941421978,12.158715141744722,74.97846405037306,4,Groundnut (Peanut)
18.609272535848277,80.72375769544732,5.849539168475413,259.6590530855634,185.68371002698436,91.47106163397964,96.04311544493952,78.13096911863957,5,Soybean
21.74766233678857,60.96182266457142,7.392577817278391,141.70988152861167,31.375785315237383,33.890450697569506,46.32613310656014,63.41852158584011,2,Maize (Corn)
35.18333349233754,62.340090389496645,7.204254680419735,73.99509050382878,28.02800372803918,47.723914006250084,64.20946341894748,11.996442112055384,3,Pearl Millet (Bajra)
33.81417460584363,43.30420708872346,7.632359377051676,73.50957435352058,73.2714502799264,56.65743331227229,68.29900569718777,91.92996055824747,1,Cotton
18.650303820083604,68.42346971180356,6.131258930391809,235.2539706019249,80.97759434742531,14.522028426747179,56.91880232661433,70.3885286484874,5,Soybean
23.327331886390787,42.09883335396761,8.207989433459902,94.36452752606077,50.71701374134694,93.55536332529508,24.49946532494566,13.009199593064618,8,Red Gram (Arhar)
23.545795118113713,51.551705439367595,5.418394475200921,234.82535036458245,121.17311557615369,40.5809344828489,76.73858976103344,82.05729513084236,0,Paddy (Rice)
34.12542584636948,85.57696310529579,6.610683363831693,77.64844701464783,94.15367862797308,12.674025318062643,81.35643755888775,27.62342161518366,3,Pearl Millet (Bajra)
18.47305290610474,43.45992759870559,8.104224246936436,110.07218323636663,16.49336191780661,41.792661499156345,57.53268067165678,60.9714646822574,8,Red Gram (Arhar)
20.49860596762977,34.62528853627313,5.310713914796787,150.33635228311581,70.73389182850713,62.01924197379517,51.41331025555995,51.06382455561647,8,Red Gram (Arhar)
37.197986048956544,34.48549351983306,4.994384011833524,284.0948379141662,163.9822535789024,53.79700382302631,15.824127397158605,46.94581284724674,3,Pearl Millet (Bajra)
22.285071889304007,91.15099383270201,8.476577854595954,280.8847989310709,141.04329162375504,70.98148753354103,12.975407842479465,88.29480737094698,0,Paddy (Rice)
33.665906588445,62.94982846751925,6.0431834824163815,77.92412511824058,147.7254621801773,10.27097449645151,37.25866032853523,48.487793657510096,3,Pearl Millet (Bajra)
23.716386745121437,56.611784668106196,7.5774155620906445,120.30133154806039,142.64221557586947,32.03135797584533,34.53038477415236,16.630282346437266,5,Soybean
20.386593426224284,82.7071077655147,4.614068719187723,61.83182876705625,69.08487406277632,82.82690479980971,95.59736284151077,93.30420799491583,7,Sugarcane
23.8361325839869,84.32868531418353,7.605210997842523,162.7958222077792,28.936145194587418,12.58990034017928,79.44416053212584,91.00710034908722,0,Paddy (Rice)
35.33440636453582,51.5924171525143,5.922455901961367,148.96311419450663,61.76876496628824,86.27116569611597,67.6928080496107,70.2300766831807,4,Groundnut (Peanut)
38.536715234550854,75.08517373579669,4.750833841143487,272.2128454862051,168.03920703518025,13.730128747325093,54.176568456672484,51.174542475618196,5,Soybean
37.9252767496078,80.12298303037264,7.2441574269665265,280.4015057815003,196.2894515787835,84.27315041471114,20.899915419031878,18.17163361902987,3,Pearl Millet (Bajra)
27.532404710842915,72.55229464628704,5.58361717232928,127.39886948204179,103.83093280089666,39.274898102479035,97.95338385750696,79.5858344348179,5,Soybean
34.03404327769551,39.85367986200646,6.24063258923346,157.68662404531705,11.843067435378021,63.1598610094355,40.62886633281995,16.642056469314547,3,Pearl Millet (Bajra)
22.9196230899797,86.9324004286087,4.862613655289311,270.94614976091725,36.60851430550352,19.52427598655983,15.157932232488257,16.036886670772816,8,Red Gram (Arhar)
25.03554552626432,65.04114592784057,5.162234629927254,245.87818616861722,71.1953093100905,11.286028563892181,51.91089509299588,57.289778134664395,4,Groundnut (Peanut)
39.51205964450688,48.360707714050235,5.840897559731297,21.0237671765018,119.93121623266045,25.514129381912834,88.0298111032429,24.091285136248338,3,Pearl Millet (Bajra)
18.312046164257666,57.63983205345011,4.903917752520707,109.6166779714031,24.267792703009654,17.146112701326075,89.29264516884629,10.68026352595071,8,Red Gram (Arhar)
20.052204740507236,32.44212087592898,8.59871819108842,138.09678774211525,189.2378867548775,34.67856027956502,6.041762025362489,47.23398192762919,5,Soybean
22.989270123504657,38.31134207945714,4.527211694327903,84.32055943130489,79.36589792403613,53.86640841854692,89.19809575138298,22.075116381685802,8,Red Gram (Arhar)
18.636772892971674,79.76053878353096,6.677370984889402,75.88005245086285,183.39100140571637,60.9321490386759,30.79100066248656,24.12535654470083,8,Red Gram (Arhar)
22.354450442155134,30.0007562590988,5.054613561596481,30.57966184679031,158.29914252383415,80.03747020107558,8.702374577000192,16.76813620870945,8,Red Gram (Arhar)
31.992997463272612,57.07677885134899,5.884555902650768,200.14352301953295,153.5330817779604,67.34278985859407,85.54007568447307,28.048250327677675,3,Pearl Millet (Bajra)
28.11418921421995,63.96316177056325,8.667268019182195,93.50288133528639,125.27672015862409,62.832040887307535,87.06734181887978,72.96260782014627,1,Cotton
39.424121065847395,33.5512373000632,5.227625489732941,34.657209960767666,129.08892523985048,44.11929261114859,61.641952585023255,81.18560303516564,4,Groundnut (Peanut)
37.61864548172258,93.25008059320163,8.846245438732497,84.67420694785783,131.22061469108715,50.01180132121318,59.571206943154046,49.822960674578454,1,Cotton
26.203616440749023,44.69814653122867,5.426074696452398,244.53590679411542,129.4570635348606,44.379478792067204,82.24642589903485,54.57673579756476,4,Groundnut (Peanut)
24.22616240235102,49.77291677635826,7.837047488100733,258.41697086103306,115.20836396568863,85.0057728558314,79.69940750747658,12.873643044289828,5,Soybean
27.112617796014405,49.756263296576776,6.960047692037903,155.25854865412475,197.4186635117489,26.850042992097986,89.56001997705688,16.099831000675884,2,Maize (Corn)
32.16707862035538,44.97708303762774,8.480154274185416,136.49978771443213,149.13520781088226,5.543488496486639,57.51100752168683,32.66595985715749,3,Pearl Millet (Bajra)
24.43352737974903,30.09579843561024,6.992969649764089,293.7990341804989,157.61981379457902,66.87539023649273,96.92647380961682,57.86306102275698,2,Maize (Corn)
32.97957378837921,77.40741161571975,6.905516486203389,76.15810468465958,175.7679348658981,24.23390744568898,99.63394893866715,75.08050108867938,1,Cotton
27.82587965258977,92.84495748695355,5.3795610016578,80.30059919929037,50.97155491791134,89.56093794943189,16.071737949870098,63.24026939774691,6,Chilli
31.249132340447524,44.57907641352793,5.248032129232464,101.72280957019193,25.92279022806155,86.60940132213233,85.7066571576416,44.50725123883737,3,Pearl Millet (Bajra)
28.4670366992476,73.09806746722245,8.624201180019814,68.37204911870444,101.74994295373375,12.28910033317956,52.48311448611596,20.41251842427616,3,Pearl Millet (Bajra)
25.067178229006025,78.22326125231649,5.975271894825154,126.22236749717224,107.6753321676619,15.106898514337349,41.81880213848405,78.70804467007267,5,Soybean
40.762879367091756,85.14764964088411,6.174370147333032,275.03358355713107,167.54453819048436,52.0413012634333,63.241869438857925,42.01317254071702,3,Pearl Millet (Bajra)
36.32653905983426,57.47089780588459,7.919206462927748,192.2973953760008,94.31888006364377,62.87615296308869,10.316727939890669,74.77275327448548,0,Paddy (Rice)
21.362716218394862,49.6905088666279,6.024705670902633,135.34503361143382,118.46207485341942,31.11629206081287,53.11380628287259,55.14213808846208,2,Maize (Corn)
38.84323142154991,51.14418371149702,8.784281009875512,281.6350224799401,110.14347831755708,73.0957830864402,87.73460415253334,75.00226071344062,0,Paddy (Rice)
29.698348757988327,76.32038665140334,7.8206749604946015,33.56998509323025,17.2585289139043,61.51702198729279,25.278844033202034,89.84148140782632,1,Cotton
39.46925344545819,83.09066532286634,7.18843159158039,78.87732981252118,126.89083035341366,35.858290426112696,45.50704000309538,91.05059741273458,1,Cotton
37.196526142735564,41.804907904179174,8.464028222451386,178.44880942849252,167.32822429710794,7.410291364019981,94.25068433291317,57.0893966400531,1,Cotton
28.205124107261604,54.11116553025474,4.723226587572673,192.35473449409017,39.92510413440273,76.26427672335917,45.71356459154124,55.01273609937621,4,Groundnut (Peanut)
18.539263399682817,88.62611278869475,5.656782114851439,31.07610183753168,122.92302944605319,25.401598253382858,39.04492507157784,33.379704964249676,8,Red Gram (Arhar)
24.448256625238706,82.43507878015805,6.592663503994094,132.850852213997,122.78600344481873,84.2750056289497,46.85098157172093,92.35038517457764,2,Maize (Corn)
30.999221151860805,94.01579617956092,5.521403427621845,201.76311015264437,41.195143170708164,44.92757470515424,54.34801281916785,50.296886713566636,6,Chilli
33.20347727582754,79.02613687933524,7.847573342859684,215.45975299295245,33.458079008839846,59.822357050017715,65.03917769248955,21.228029057289188,3,Pearl Millet (Bajra)
24.189304450396854,55.55768806681495,8.636436139741763,198.6791727045554,196.2098691655321,87.93012938885518,81.06581608708946,48.07803248713639,5,Soybean
21.34454577774778,68.39145920965146,6.406965539689155,109.75770282105887,84.80664223407713,87.04418508739558,47.94970954760986,21.18068602094435,2,Maize (Corn)
38.038325683183174,72.96592652607582,6.039596700503527,46.18563460741466,53.21012845747056,40.29435964813946,82.66068883356333,54.222788214622604,6,Chilli
41.62565233688525,35.09962806061306,8.826978294619048,139.59148499741354,42.55166344633124,24.844444807910097,55.70346282844766,59.39224530734667,1,Cotton
30.61656437526446,65.39230234175123,6.501835947723934,56.05124246305553,136.84432558081465,78.6388773842165,37.15564848495788,39.72250701143551,2,Maize (Corn)
22.120302860359285,76.10585385071963,6.700717802021774,285.3346243857868,125.79460649218298,46.14261934220246,67.50532867134436,16.30525405237065,2,Maize (Corn)
24.535375836464855,40.87588476006893,6.082424425538575,153.04784248633592,132.27490336760934,23.243989388105387,73.18361420063168,93.02831113572503,0,Paddy (Rice)
18.441376237139202,80.74106163266121,8.592968128554624,108.83256881992293,26.721145227175928,90.92040752012927,58.01465268480131,78.0550739865418,8,Red Gram (Arhar)
39.94317135745197,67.94523073341725,7.060299674768329,234.56513991329203,179.77157086470302,23.819898452903303,10.378422447798723,83.82153508445064,0,Paddy (Rice)
20.826025989363387,91.89441607034365,7.929785642317401,159.42560592303388,83.96061539371918,7.451680978166952,21.138873140278367,42.28441869718819,5,Soybean
31.836395412342085,32.75744938344796,8.153130232578988,106.80952672348602,69.54018722176801,6.926597507904897,32.103283484571676,76.95313064171165,1,Cotton
24.577325296492944,47.24619894110535,6.038320688627662,247.3509678694245,97.84867497707044,64.1199588631551,31.849432565391844,52.7128147748891,2,Maize (Corn)
31.300272060379044,69.10100215448855,6.45162449094171,262.80260228031415,84.11255249204937,67.85913076816539,68.97497602345271,27.695346979732044,2,Maize (Corn)
33.634089320444744,49.27639429338549,8.318122984828191,208.44228656082956,174.0796305964377,34.54896198041347,6.743122858995095,20.94925716783477,3,Pearl Millet (Bajra)
37.913803288972844,76.43757066463074,6.134649082541146,33.150038274146844,186.5595852875995,35.40104397847102,76.78976881970439,40.364476500341006,3,Pearl Millet (Bajra)
22.954110522254478,79.33534336392552,8.072708100533331,178.570406446629,67.65611112542518,37.251921930694564,30.207535106658653,22.104585809812292,8,Red Gram (Arhar)
18.263899887803532,36.66353766432084,8.734465451584967,233.72257535923885,174.1478034173914,69.61506194209348,34.45207539052973,97.84766990595804,5,Soybean
21.285255121651375,63.4005401734399,7.304446678806031,58.22084338340301,158.48939461128276,10.522710147548715,55.15143365467281,14.32863114041794,2,Maize (Corn)
39.600447404354526,63.077886113418636,7.837322793533501,84.02781038768894,186.85345774550476,93.26605350567594,25.512932089200966,48.82063674447873,1,Cotton
38.973361861500365,54.003250064010174,8.122937904185108,267.0986294190782,56.69255931531869,26.13949919685741,89.02477478967512,49.784229970353806,1,Cotton
32.337914452087404,90.64011606702869,8.30267842003489,25.634082118860732,119.62223852298602,99.96895449799877,13.110034036023702,36.45560971518745,3,Pearl Millet (Bajra)
32.41240465040768,83.78791079175937,6.277740020355582,230.76359859127328,62.16347110068448,21.294655909782765,47.21632441860116,60.27893778221119,6,Chilli
33.96088018911013,75.31860982412638,4.730685566291992,152.6565219040384,166.5779531920311,78.29691344467587,85.69511559821454,23.197978125335933,3,Pearl Millet (Bajra)
22.20891068696279,76.43123132277483,6.308443220565328,145.0962044750899,11.011596208502208,26.224191768314377,63.5051699700174,78.98428949167656,2,Maize (Corn)
39.94588670219903,60.01154934785274,7.531903034028404,21.98702909856841,117.31564094841526,12.680446156109127,32.771304005050176,39.25539920579217,3,Pearl Millet (Bajra)
28.050492597409754,89.86464387127742,6.526576736013567,249.43150467061798,74.44865194166442,88.11866581331164,44.97221973876377,62.03814790228047,1,Cotton
27.19532467798794,75.14870277146355,7.8703341788717935,120.75097217823861,71.30990434478585,86.58136962313473,72.1359661325389,72.97625277389241,1,Cotton
30.4540249267881,77.38376900762808,6.106420932608987,171.414376764152,132.5322015343342,43.33918728271213,97.45977061957043,88.23570635673418,0,Paddy (Rice)
19.127183202601323,86.00990874617744,7.356348634968133,209.64419217398464,171.78204536965885,71.72763354134055,89.84817824604617,83.54929440779361,5,Soybean
21.990800850145906,47.814653307242416,5.338889121842886,216.7362814026164,125.74712436473199,57.921263604972125,37.53111679632579,63.531194473113246,5,Soybean
35.71280679423289,82.4596087513357,7.872162464902306,287.6744164713002,172.10286594287726,86.03083079900614,99.82879853234647,44.17859987378205,1,Cotton
19.987168030203037,42.690639192171986,6.955631859658617,168.77518690625055,60.27345125739569,34.93031708527217,5.332943035450536,54.28201096659683,8,Red Gram (Arhar)
32.47565062719332,52.44722689591771,5.418289748459703,131.9214742728397,108.70535240534642,54.74887799990359,7.624826801799434,77.64866181733463,4,Groundnut (Peanut)
23.888378632351703,51.81467952753978,5.813600280740133,287.0370154176782,95.60194242274444,51.11037526443229,83.26484894126341,87.22400774523362,0,Paddy (Rice)
27.343094737007437,93.60415544529414,7.868739188618246,199.7908658071459,12.212530905588281,38.62105349440158,23.948955249139942,19.132809679547123,6,Chilli
24.928649682496797,85.67491954361525,6.671705560476843,103.48209975743558,115.79430719674062,89.68823113285536,10.773080497642882,43.867351099388706,2,Maize (Corn)
26.53614519515878,75.57604100336688,5.4721414817688245,55.40998871299992,135.68962158777322,20.75840284294087,27.529066957467712,78.29826066038805,6,Chilli
35.257101724421894,77.25868950500035,8.852720356666339,255.91526041025077,122.46373683962331,19.203320754466134,45.47951462818172,47.985355108268564,1,Cotton
25.1309211749562,66.53473163616712,7.718062589175996,121.41084878236244,149.89318076885007,59.80640585566138,74.40379569117346,39.23604323783298,5,Soybean
31.593711367125533,91.56089336205375,8.807106746429083,204.93152198204072,118.55451040608465,67.4619518485695,64.31187502236452,46.19639732044772,1,Cotton
29.425209652778392,62.2568189373535,6.421972704121544,151.82859742245148,22.682548421643816,23.488829160833692,27.57401566823994,63.05033771719887,2,Maize (Corn)
33.92810796870356,54.73365114154315,6.6379515331127426,75.70033834261073,32.124649576095166,42.11815701418929,52.81069256955552,97.98285268377454,1,Cotton
40.48391374379419,40.59729690055342,8.540798472832586,188.47225041373022,123.33016973335096,94.92356508298066,92.99034001286402,53.3833337611988,1,Cotton
35.58173033304601,81.10336739696876,6.862722031104231,36.99125930619105,62.24604647499164,28.42865515561403,82.42573881345699,28.347513795974926,3,Pearl Millet (Bajra)
23.15856908617816,77.73885558491344,7.682755103575502,135.73588876393381,25.13257451660551,68.49426670115244,35.70302955902037,24.330498624560338,8,Red Gram (Arhar)
18.74839524147083,54.98307750406877,5.634777948729885,173.05218310582788,91.62452125522388,75.31419240127113,98.31513332879115,13.726777777924458,5,Soybean
24.2943370631958,31.63757190734991,6.510269109161882,142.09315275320213,115.32129363589452,47.572226449190154,72.31893804133745,59.17591667281229,2,Maize (Corn)
32.281870336806115,84.5348263016707,5.055524396146598,229.62820907027742,72.46173778642525,94.06496874216039,10.932688788344269,57.92234405101741,6,Chilli
19.23421952362201,30.742168924514786,5.426910161446328,251.81898727268748,146.88240342289782,74.9823898457851,8.340267762420675,28.060585556667206,5,Soybean
29.91278993282967,75.74048567588831,4.50424536870434,235.94806072928986,132.3164155392365,48.502835086785296,20.99875515595285,71.18898776782589,0,Paddy (Rice)
32.324228374005344,93.06671213219371,4.676692732418971,30.867625387304592,73.23548860741766,59.08684416872893,74.14630746476395,75.2174196634119,6,Chilli
26.02185337960706,58.447986329633224,8.897777204296183,74.35605572487222,153.4257804926265,70.79827712538456,22.455197955030652,32.800642073625795,8,Red Gram (Arhar)
36.50189288989972,45.27327132473693,5.590591628115431,170.2501025938568,133.25205808127674,61.25806714077573,53.591243074839184,40.280779234616816,3,Pearl Millet (Bajra)
20.558358075210524,75.81661565281982,7.484898192768009,281.75017132426433,131.11462195640138,88.4762704634772,13.859711417179016,97.16150716655858,2,Maize (Corn)
19.80330676165941,83.11332923101304,8.275948644598252,253.78789701459272,115.15126314954293,38.90442291663811,92.48418499386854,42.93527317086461,5,Soybean
35.47653014888648,65.51797054506008,6.977972066564539,255.90966233850446,12.164036936825031,33.48914530530146,37.676258290438916,76.95054711453696,0,Paddy (Rice)
29.891791588948763,92.85729289164951,5.189150250377803,104.89829425270896,142.33636486060894,25.31469450205011,91.27254537325993,49.83983754343472,3,Pearl Millet (Bajra)
34.52165751426567,33.35846690776747,7.776523968012748,140.24541118203672,81.44794031073972,8.589381966136537,94.7631859815017,79.81434485176588,1,Cotton
28.43585612648991,62.811713889794326,7.201131345448124,151.79766524846247,189.09584493014455,9.086326616105257,5.5822214947996756,77.67404501287301,0,Paddy (Rice)
23.913648797738563,76.69950657596576,7.790627652063188,64.06404333797491,165.41710650466902,87.65524334538186,49.09284278387954,68.76253021747112,8,Red Gram (Arhar)
37.65845562418079,86.07163062469664,7.963859802856892,28.699076468447767,121.66194921094932,69.4473489085612,7.3423252921548245,85.22049447401098,1,Cotton
37.1859810952555,41.651614774006354,8.889346654581352,285.1328118489447,57.91457654566119,67.75057946646618,91.32581279877606,92.6512275492363,0,Paddy (Rice)
34.67271530050624,82.00022631463929,7.081034760120195,87.39952398578188,48.70630472275665,63.39106779881418,54.248716749784705,61.03853219978338,1,Cotton
24.531483293519106,65.92595992170544,6.037385007107709,87.18569304261676,74.67311915873434,85.67581874593996,12.119681206357198,30.897263835601624,2,Maize (Corn)
32.16553600485809,55.77598932934761,7.418090506051067,43.346135055252674,100.54790928020353,50.62535793823461,15.476289186273853,45.0793486246786,1,Cotton
26.663373526560644,38.56147685764108,4.807983191591817,279.982170544258,66.25244690739996,87.68902871303852,41.43335732681021,76.7309027891698,0,Paddy (Rice)
20.197969759839218,86.24422432907932,8.538287932447139,182.32639218313616,107.83660412457174,39.14727748731272,94.3222483229245,67.27774669090051,5,Soybean
40.01552581109382,40.2227585316815,5.0372145510218855,206.77031999509907,41.42038084750533,93.0372129122136,70.82636939896769,25.646253793741888,3,Pearl Millet (Bajra)
21.283647142055074,50.136210848591446,5.975292770486182,275.2415284336547,195.765434436845,71.3724131077178,87.42379228796759,14.509079620885373,5,Soybean
40.80569649169926,48.852959577558394,8.170854212817543,116.77364729222106,30.505665443348835,29.43182792232059,39.81338140229807,70.10062023170171,1,Cotton
28.704138550990937,86.64191222240552,7.187905702488203,194.02204711866355,187.0693865343307,58.58806756041939,9.10530145724984,32.09495411458239,2,Maize (Corn)
22.44319029212687,73.72569462357836,6.27135984124849,30.86384732408849,183.57982216651203,55.63790334138428,97.56017553441934,53.97098144815671,2,Maize (Corn)
31.005622737080596,81.7842908174392,6.630460467187596,72.29630790471622,109.81849154570462,18.100388064381725,6.631434112925107,75.7137159811083,1,Cotton
38.9507000610338,46.280413421512435,8.345463269409812,252.7488254251839,147.73295164885602,61.16807604630834,95.02690704270346,59.51467669775732,1,Cotton
35.57339727382947,70.61681647445494,6.030019737269514,234.695139774734,92.84917661479169,34.904634253111006,40.024355265668746,17.330627313838082,3,Pearl Millet (Bajra)
37.35746754867479,67.16348890434367,8.41342358165477,118.17995360800113,129.70656973306325,9.97313284691223,5.958588477078744,26.331060836952876,3,Pearl Millet (Bajra)
33.81080080105721,84.13397449123762,4.896604939395112,125.5069757767795,74.70942811001255,95.12233498212366,70.46993701382829,29.300880194720882,3,Pearl Millet (Bajra)
34.61463754842846,88.89565893128193,7.995592967438839,169.39524139500224,67.22021375923461,65.94158506110733,98.15132888297865,32.69205432074635,3,Pearl Millet (Bajra)
38.38069563756766,30.79019014603014,8.313964348746314,20.067481311837675,119.86365937220761,88.30729852773047,96.73444366957129,59.755498491644374,1,Cotton
23.99203221262046,73.81129473882152,5.318179437768024,87.5484140906478,104.64463809495626,69.22532047625904,20.28901606422975,54.34898862463463,8,Red Gram (Arhar)
29.74619912743537,33.369326942782386,6.436559395674902,78.30490641030005,120.1119101384964,38.91345075331073,22.218541576284725,27.878083376050384,2,Maize (Corn)
23.309026603670453,65.67581323002813,5.24474898598645,90.13522508993377,64.46551044453437,53.70536687123708,58.72619688886771,15.944826224100463,8,Red Gram (Arhar)
41.704032191919524,48.696127387839084,7.679718580473979,245.65363590936357,79.7219880452291,69.19594223298182,65.54395851069083,25.08603399377519,3,Pearl Millet (Bajra)
40.65742415247872,49.940478968939175,6.909064956277455,98.30867983300409,25.940612519492767,96.22397089413657,75.24470179825724,96.6255555104371,1,Cotton
18.94624347284414,52.94230272440318,7.358955060187444,73.62597017404148,19.932510731719084,29.098598616561166,22.199784244854012,51.23213158164956,8,Red Gram (Arhar)
34.93380414037652,70.38400918822467,5.384191351302951,161.19376902204883,58.15685463787309,88.12282056929118,96.10567324262128,86.3264044137859,0,Paddy (Rice)
40.20595961797598,51.71324776847,5.452856379235888,262.38061018436497,24.10690327280369,92.7873915029556,65.68022934747759,84.69021706685821,0,Paddy (Rice)
22.333808283056005,77.62543828836823,4.686737964794578,87.57791707449996,29.71719464060073,68.68947389260087,85.46945729270271,55.013721056732884,8,Red Gram (Arhar)
31.630685533263108,56.29428006230153,5.9493039083807835,41.99014798198363,164.45639702484803,93.4703296031271,56.30624295199632,72.18851834452784,4,Groundnut (Peanut)
39.971719142113,34.44295802014731,7.018850976001538,119.79332603790611,17.386002433170965,42.79846581035001,44.35630052103885,26.962176916318683,3,Pearl Millet (Bajra)
18.814703486059173,80.94438976146697,8.36070711298798,229.3425108781938,135.1991308476011,95.53653672384206,97.83237612652462,70.57891003356792,5,Soybean
34.73808641392416,48.57429109852589,7.501173513564064,174.19335251454248,61.785972274926095,71.76437333076761,60.30153022788443,33.96984297516948,3,Pearl Millet (Bajra)
25.13637617694122,58.12984717395207,6.459283455298881,248.70214348081728,175.59367933454402,8.990547904787132,87.352990365922,83.22146451436527,0,Paddy (Rice)
40.18550868903673,74.5538524094236,8.789040514773621,288.6858013305855,102.14853406972492,91.15291902281001,95.56277765479754,17.367723713584073,3,Pearl Millet (Bajra)
41.30539788396882,51.60965021466628,7.736603402591244,241.94549349045278,68.05952727228689,51.0249168581533,69.15868956582263,78.03620321390441,0,Paddy (Rice)
40.66239573872241,33.678067649536516,8.685743412881475,189.06486207625096,108.35139778099256,48.73106355389412,57.14917445927412,18.794447778038517,3,Pearl Millet (Bajra)
29.38114119977913,54.304868055832884,6.874145879724745,158.13564465466655,82.57202361860108,58.81432756806526,5.333530836511809,87.5446528466992,0,Paddy (Rice)
38.68902362374352,91.38915787512973,5.665069236569128,31.219344177514667,117.21720228726774,19.191531943266654,8.80186587020557,36.76999759588033,3,Pearl Millet (Bajra)
38.26918556484169,71.71273582440628,4.7377200886412485,295.61015406793155,31.761244982006165,49.57077461390287,24.08086552485605,67.58661610509057,6,Chilli
25.658411357838133,73.64614466336846,7.767381831677327,127.37471432101191,199.4281955343847,83.95708558818585,22.67080102631955,52.900200518584626,1,Cotton
37.89397137961626,71.09833998644659,5.045863491024903,62.623899896722705,90.85561676237633,6.470833618063957,29.20208554398531,42.23467678308583,3,Pearl Millet (Bajra)
18.888183233171823,42.93448903236339,5.862488077223852,206.67847951100788,76.16382154440005,30.927130230815273,33.96879058127778,66.79888132014769,8,Red Gram (Arhar)
32.310477083569275,57.19170116664821,6.8961190854775385,99.60072094672861,144.93987118009034,5.233185712165201,39.20622188731918,93.38202228850894,1,Cotton
23.520212094904874,78.81108689361568,7.039874645008865,184.01791586069334,79.14088723411317,44.49257436923559,44.95108055654327,13.631737768966723,2,Maize (Corn)
20.89360525865469,36.58923834095535,7.202624386442112,184.29501419648554,168.32211795546397,74.1899734969048,14.392302153321394,90.85905131771318,2,Maize (Corn)
19.84687683910102,48.0604304458313,5.248148986573653,144.80434985280337,96.3114376284808,80.88332376588971,9.024383535514293,63.59918564184919,5,Soybean
34.710930621075356,47.96074205028049,6.20881832169742,254.11321235261192,146.71609852043264,94.79302730706563,69.02472266193722,81.04365846767661,0,Paddy (Rice)
26.156999130433586,58.08123029364289,7.2773740220263505,94.19077723552405,30.416111123958444,62.80793823222472,56.046808360092385,43.780995902216425,1,Cotton
35.39440251669028,93.72396816124203,8.86418489085203,145.61712565296557,170.76264525547123,29.18955233202507,47.19369921091136,51.52218178571001,1,Cotton
19.568552179174617,34.38766553444842,7.774340119648599,170.553796005472,149.78641748784088,92.7940551679864,65.27179441099346,86.45886615850243,5,Soybean
25.56696810793465,63.715564634738676,8.651716906922811,205.8149218148439,50.22618790777348,78.65499661863574,83.62954368433634,46.50662134326443,1,Cotton
30.947791017008093,41.65870433079368,7.929954262413797,239.51211814156505,37.60434185169946,59.57070588529873,45.630826366039436,57.05004187391948,1,Cotton
36.97735595613513,93.09397545163337,7.162726360015802,130.5460392059117,70.09554625786863,71.08582049329891,65.90634917993805,11.777153231421295,3,Pearl Millet (Bajra)
25.650060070369676,37.36472780728517,5.36410516111355,200.8931443470469,195.4534113460618,92.81005372570577,95.58936126434008,23.95662451374772,4,Groundnut (Peanut)
33.02139303448822,56.23406515350343,7.5000854335163085,62.17106685918536,58.79799916774114,72.67743270492755,84.76432710684827,66.46841270178237,1,Cotton
39.26346595766849,77.9625240142494,7.3052080468195815,281.141468151894,96.66416969986032,39.99557822054973,45.470076997728896,73.09396729362119,0,Paddy (Rice)
32.78071651637531,75.79603782178394,7.211111267057699,127.25646579788099,15.703842886293899,72.73767921746419,66.24809959240059,61.26888243703595,1,Cotton
23.59102739408721,57.4773613981056,6.704036405947083,224.26599815340276,85.47323061758418,8.826425459861849,21.821737582014276,22.61128319225374,2,Maize (Corn)
18.58561875735691,52.52407091692669,6.87895471795174,25.69550292700974,118.55080293228951,41.70947837390522,58.249607565033536,49.19567771484947,8,Red Gram (Arhar)
38.88237297362232,55.84480460593659,6.004991372031468,77.45240001334597,191.09367637651337,43.60068802533003,98.22618765815206,41.2483394399607,3,Pearl Millet (Bajra)
18.51046586040929,47.17795710531155,6.836907116890364,156.38311241060185,108.17984853861223,20.849632269979296,54.23993594423962,53.61819827508777,5,Soybean
38.99284014442078,43.346641015941984,5.389001575553152,265.91069096505703,165.63039197376068,7.193120652418167,93.12563842306399,86.5889550407603,0,Paddy (Rice)
30.694491216653088,61.39758034132785,8.123284788121696,167.6314419861896,113.95425208809111,17.671217480585568,43.696817447809764,78.27580660196136,0,Paddy (Rice)
40.53762476430951,47.45469414439448,5.335996296144185,280.3637350422861,17.74915255274844,67.18904210072023,99.89025858253996,17.391076122245988,3,Pearl Millet (Bajra)
37.17079765856797,48.68500821832126,4.882348304502599,155.46313104318298,69.85157228605706,81.21743755455032,60.025903346617994,88.34720940416166,0,Paddy (Rice)
41.950418652800096,72.68914412584621,6.463107118607208,157.32574708606597,119.35440648790961,98.87933180906255,9.015554452413783,51.51550930118448,5,Soybean
26.417083570841044,92.95492656049299,7.462383477777278,53.52910078014893,190.61285352691363,37.904532795306956,60.741705685681865,75.45986874996787,1,Cotton
36.41251893434705,69.23641803635938,6.469725712200936,244.74374836262155,173.23476835273433,61.941026114804664,31.084406089561682,22.323452351262986,3,Pearl Millet (Bajra)
27.646341926621812,35.00366535922281,5.745393593780888,89.1503154907775,53.38756669398105,94.02877184743659,8.085725593409997,69.02331826222023,4,Groundnut (Peanut)
29.51701488729381,34.91293490051435,7.011770327506984,271.8914970242482,51.82086770364107,20.8689692271245,82.98106394599301,30.796689549632298,2,Maize (Corn)
33.060131117240886,91.84250935496179,6.0615105093549,275.0307816925109,48.22286375164114,73.17633070256055,31.194315513171812,48.57751894840197,3,Pearl Millet (Bajra)
38.96825074047213,49.32390136997668,8.69790460556985,284.1268313247619,185.2747902974756,76.7229796491705,80.67211263441736,11.483932567225189,3,Pearl Millet (Bajra)
41.618003260783084,35.9843540953609,8.651903128216073,165.6645369488652,172.00656908932692,13.452675907587146,32.38067038080736,23.341736137881888,3,Pearl Millet (Bajra)
36.438561932748435,68.9378981647748,6.76067318987443,209.58625973942043,157.22785212806028,86.81869159239118,23.461003618008558,18.10308339487854,3,Pearl Millet (Bajra)
28.02640277201601,70.5371705888673,5.975477973082164,237.9844464172658,84.61967170260324,82.24497947553017,97.5238795399206,31.097487218566744,3,Pearl Millet (Bajra)
28.112568054649685,72.15281330771472,7.817095862804876,56.684093222130365,105.8323338167657,8.173285624856273,39.35630613672686,18.80159192214036,3,Pearl Millet (Bajra)
35.7019752381334,47.381131810740186,4.6652082456738,188.26801459929922,98.22303151107904,13.653019413604891,62.13074008710024,70.88808234252144,0,Paddy (Rice)
23.730651498439258,30.982194473940876,6.63646052719643,29.60341236492727,58.1456404362808,9.66705491972597,62.9482418173748,12.555511394411305,2,Maize (Corn)
20.65137871515347,92.72599901454066,6.013455274216501,159.31850334884325,105.95532876826572,36.80063552093941,58.24498080648267,64.36116405499982,2,Maize (Corn)
26.510931783378638,46.30804796992166,8.642411482961496,63.35595085366367,15.794344092023348,53.38245411459299,91.89609563451539,22.382289112650533,8,Red Gram (Arhar)
24.89373579969796,73.94170872341559,4.554013622727071,71.21841926938372,35.04397096451724,55.57303415568974,69.07190177985251,93.17420823165493,7,Sugarcane
25.111394890943764,75.93094154211613,6.987666940732571,122.21331867392843,178.4520232720998,30.42834217809705,43.354635389968365,92.11227843366717,1,Cotton
23.60658602519784,69.65048211016656,7.832986114799817,141.08240668062084,152.8191557359704,91.60170422322605,86.92613652980603,29.84427302184471,5,Soybean
19.010236551272683,50.33898062388714,6.682580943858186,194.48827886901242,90.34499772122655,39.984965037831756,22.200975416016618,64.0690742436266,5,Soybean
18.42897443360193,47.62125649466427,4.884313635732248,40.83995716278439,108.25856883393668,9.327264816708489,56.702491972989655,12.464468113576341,8,Red Gram (Arhar)
41.70533735366476,68.8484383756757,8.876076255125561,161.0336931464845,80.2997883323957,33.5215755964317,95.30228533465686,91.99739178850332,0,Paddy (Rice)
28.266555209660694,86.29621618475994,6.83104694119244,71.13503647086831,150.74817476052777,55.45539514169477,64.41277483863921,56.02288312087045,1,Cotton
27.22383953183236,91.53769238002072,7.263838099435551,180.71304900888774,158.99556405409513,43.78107314588204,82.61200279511324,13.803637324764551,2,Maize (Corn)
34.31153478463368,36.88387728624424,5.564744022183783,198.47329143313138,155.02418613860024,31.01503931442962,67.08826892679332,40.13999938471609,3,Pearl Millet (Bajra)
23.238093308761542,40.06385981885179,6.675741382980617,175.87859183479907,147.29622771854542,17.475708727610154,84.74023203609958,16.76275264378861,2,Maize (Corn)
40.799068414805404,91.40785682090018,6.431172713812448,226.72274293392616,48.855824351631206,82.82062750914183,94.72634858529814,44.57911066485567,3,Pearl Millet (Bajra)
36.87228034597325,77.87478984176153,4.837031289008927,113.97058838745237,74.21429605569097,99.63379800179823,30.927564115609997,68.95351811019643,6,Chilli
20.14586405549423,87.39459861393524,4.977721590963602,234.22984565727666,99.27063264689824,36.306502684768795,21.11780271938829,51.350311907646685,5,Soybean
28.02193861883828,43.1711212187973,8.268626338284486,141.17478287829422,72.85066837125456,41.25399919677737,50.97912128159129,43.767551375311996,1,Cotton
39.098839381491956,68.19308162211112,5.579189784929656,155.5716595303271,153.4386380300825,63.71356484431092,71.6769305483005,20.485820007560903,3,Pearl Millet (Bajra)
40.67356853499385,75.5740736371358,5.377312221743837,201.4685956331,72.57716960749138,73.25194009987642,26.58316905231053,31.554636021041755,3,Pearl Millet (Bajra)
29.217636269996873,74.20727255405322,6.772101530625626,25.140347519782708,36.26409648921406,42.24280580634117,5.389637790865872,18.8126093209749,2,Maize (Corn)
32.721873341056984,56.529859906335375,7.959362091131308,203.11838199766953,85.81768588917777,90.96830411327245,37.57883600448701,81.05988838578615,0,Paddy (Rice)
22.008814706209805,31.00066795993505,4.7787593336054455,193.2038417401923,196.18374222865225,58.200378976747245,97.0416368694399,21.901104862655586,5,Soybean
41.78804702728743,67.89019369227711,7.095635638372151,106.75719269091837,52.91746845737942,47.78705725856344,71.02190875755544,62.39285625630263,1,Cotton
23.560120833202642,46.45160004667457,5.03644699278258,44.02239977185705,126.31014519921352,66.43391155019098,43.12591717441627,40.16115639581844,8,Red Gram (Arhar)
40.62556257924302,59.26652599928787,4.664074728715283,45.461925975651525,92.2648794695442,95.51636558367146,23.29472924794983,29.886097849656146,3,Pearl Millet (Bajra)
33.59151957581685,92.24276598044813,4.7373477847299785,278.502649155864,23.49466785337206,80.48246797006202,38.828519006700965,66.27322267530513,6,Chilli
32.58568307709262,55.93729564675826,8.253738486937987,212.9982099432344,102.6965551396313,8.801247400836813,21.134746163618555,50.21620322517077,1,Cotton
30.304524264396207,84.58710443318773,5.030876176326277,55.58873185580731,143.41122244317935,36.56944152029617,15.099053024730384,45.2128011210412,3,Pearl Millet (Bajra)
23.53607548122621,42.255139373701326,4.703181139855314,119.88248740649378,107.51179540728556,49.70174507036616,91.14052539439261,62.170976430515495,5,Soybean
22.2366727681322,73.70993237162688,6.470549492143105,185.895238292447,175.7001521118504,34.879169359865,99.77678214566998,53.231551307120064,2,Maize (Corn)
23.291669017684207,93.50545203853133,8.297970623739111,253.96007742538163,64.8980331649407,71.51781827889337,20.590871761600077,36.706610352537346,8,Red Gram (Arhar)
22.474518291462108,36.62305155674089,5.680837694201859,32.225060039642386,26.387342547753335,83.4955692369452,10.179643093436574,59.19739332334215,8,Red Gram (Arhar)
36.71002736560208,30.54079624476748,6.397706778866624,86.25727681160248,187.94746621502117,74.4777840426008,36.324455178890176,68.91587473646112,4,Groundnut (Peanut)
26.403006220001522,58.18288152111993,4.6796513965368804,269.1297172827064,81.85730641036162,98.98666224868614,48.85762217233446,12.348997955643178,4,Groundnut (Peanut)
19.388224237521513,36.020656398338865,6.520853313606942,22.566354051468615,119.51705477619034,30.892026549837766,24.458018472206174,50.996712143875435,8,Red Gram (Arhar)
41.25846312337947,78.64498272895503,7.099258862867101,76.39174878228847,160.48059396473724,88.12400202732005,33.63536662086305,15.076129043351852,3,Pearl Millet (Bajra)
39.21086123912222,89.44566315015632,7.069081741884652,288.52676927243044,71.61959613636031,77.82915319157618,24.08271989070748,26.403676437993774,3,Pearl Millet (Bajra)
40.26605479668511,58.211363226069324,5.995920114784643,191.7525170262079,146.0712622537461,39.40698196802388,78.55475400108287,59.32476859886163,4,Groundnut (Peanut)
41.877787743514446,46.81625674010366,5.91989931298411,93.26798265850181,35.72958146538733,74.74183164741203,72.69490460848978,86.2246245433711,4,Groundnut (Peanut)
22.173485981267696,58.23621573542964,4.979806285214691,38.75750643083733,65.345811969046,14.88721585973346,65.32039399729327,87.68689976858667,7,Sugarcane
27.50980845366381,77.02410816025007,6.1505924429082075,27.893575325222205,37.495020865938784,79.98668082235247,41.78569642252445,16.155072892199552,2,Maize (Corn)
36.19772341689819,30.588520502724112,4.947726009928341,88.52862229833963,164.13380609625798,55.57140724577475,91.35888942485242,46.881247593230185,3,Pearl Millet (Bajra)
34.704494833291015,68.31450931650531,7.949681751204232,266.8160294848949,52.30335469308922,32.76756640737905,97.1055914458269,61.30457050440051,1,Cotton
21.69350175215652,69.86395951767963,8.848234339866837,136.45582320330266,146.30667552698995,67.29884366949712,21.49573469941414,22.942151600430222,5,Soybean
37.579994999774826,71.4497360482358,8.86533505500018,221.69334336647805,189.226695476674,65.95389987786885,26.186200934128415,77.35803507353991,0,Paddy (Rice)
23.386573724079856,45.73143519875702,8.392819947189272,277.1198099063882,110.27671972308663,24.90119115836197,54.934947660035114,75.49270274247702,0,Paddy (Rice)
23.371622755742955,76.41342701957824,7.2035646720282855,134.25132924878864,112.60554652953066,7.887754407094983,13.668804081813303,89.49400920619793,2,Maize (Corn)
30.887386149441927,35.94044661156546,7.65389563759746,73.55766389047118,97.59637793858428,46.194145755659015,46.46259788819572,10.746769063342985,3,Pearl Millet (Bajra)
32.23055843620088,42.952571870342055,5.783426112061863,164.79302063993745,71.91912724479212,59.10362758772001,60.27017015388246,29.068213471032234,3,Pearl Millet (Bajra)
31.92206898810747,87.03555303254132,7.338466890776793,274.2634323767592,100.37445587573426,88.27750144520685,54.59698925804665,82.79243085358831,0,Paddy (Rice)
20.195684097546117,78.0170047972268,6.550422972479449,245.22483595855618,124.53343113068429,93.18059558652146,36.436315392412475,69.01104447277032,2,Maize (Corn)
39.05906070312913,30.89346101073744,6.669078028996196,38.43235614168306,197.3383987124253,55.236495724892805,56.53235157733465,88.70630712546719,1,Cotton
24.374401022128946,46.144456924037016,7.90999452168821,213.9203840217229,188.1752662704626,76.61133095801176,96.08609065459055,15.031809598663454,5,Soybean
21.1083581107873,43.936421394555694,5.768632600187632,180.13130628850706,173.80906207569313,46.73381087115971,24.571653407680724,62.53282898304697,5,Soybean
39.32995391685545,47.60241132240321,5.931178252625339,274.0896893769991,178.9348017839231,75.87780487442484,67.20897904743035,60.076098590643326,4,Groundnut (Peanut)
40.93563595751408,46.091385068192615,8.660888060078864,54.29479671808323,98.89134482548816,24.456144869220857,9.122685944824926,13.139348639726848,3,Pearl Millet (Bajra)
38.69106281437082,34.064209223284976,4.753009326829375,169.53011169730385,134.9144221637183,40.251149806335484,11.309558425736318,55.18994276829855,4,Groundnut (Peanut)
37.42838579339707,59.83113357879332,6.685354342860032,266.24955418332985,180.0626773578807,65.25165988729341,57.42368130124058,63.637787395273335,1,Cotton
33.72580753533652,77.62767586110073,8.607603601835379,134.80666028768803,84.66064534835708,6.7250067326724885,14.969222131155199,26.833799329785435,3,Pearl Millet (Bajra)
31.22057689461934,69.43756210663337,7.246633535181706,154.95857696520278,192.73487088563908,73.63382448220062,7.122944900551447,34.05300331497034,2,Maize (Corn)
20.087682237873842,73.73665845887518,6.958831833954594,39.728989746748326,88.99935179314477,84.37587262047585,21.293734776562108,66.35056647420086,2,Maize (Corn)
27.80287711369677,35.27469660485554,5.623848806532099,97.88021932569504,124.20570642471097,42.918457803925385,58.66067124495957,51.210483388796334,4,Groundnut (Peanut)
26.944524408295536,91.84689616149117,6.044739700790017,110.86186176730526,144.86289552175066,47.55452963183061,71.81739067929858,85.50520186601275,2,Maize (Corn)
24.234090810247828,84.5019691997966,8.334217871121119,284.6342856485683,190.61248248442828,85.87181016057045,24.2354635934311,40.12959540880858,5,Soybean
35.36208272852604,82.33087070221808,7.016481592958062,99.14686095152453,56.47709206993055,78.68719035597317,68.48464653477657,33.4660499381617,3,Pearl Millet (Bajra)
29.901017641890498,83.49394732771489,6.816339871905509,149.04324587550255,151.76488586534202,32.374201458170624,22.335251454426786,96.66820275034617,1,Cotton
19.94510918178355,90.6261830286295,4.94810871093013,207.96523859799834,108.95496136737562,35.7777301233462,63.27845552996943,90.17994777144735,5,Soybean
23.284396846795474,65.37650779739036,4.572126704048054,65.41134427420567,61.025856717921805,69.49343207710668,44.13616959010089,12.551361559910227,8,Red Gram (Arhar)
34.3982103278303,43.01833116139568,8.836583349091722,156.20386839972485,157.5552995613142,58.503818782575316,67.11095338669358,77.8241181469778,0,Paddy (Rice)
19.827140627767204,70.09093451041517,6.1964377527907875,226.79093105325413,114.92223323303085,20.41180925416721,99.53001148552849,19.70946009661786,5,Soybean
38.428965937170446,78.28729708841604,7.214458779447769,262.71945964757845,135.58502592343842,34.44334137677081,94.09261169709339,12.418697144984645,3,Pearl Millet (Bajra)
29.883516648335384,77.96463056801164,4.858717829342782,195.3525969054795,71.35120302980118,90.49841130347214,5.406766994429844,34.08520540503871,3,Pearl Millet (Bajra)
29.534077855839552,63.894186570847204,7.57401428575371,207.3349842887454,101.44205084724496,70.37657148861503,89.11668261441905,33.70243735737718,3,Pearl Millet (Bajra)
32.21778683182842,34.44981675668257,8.696550189176824,55.35937232367931,127.29730768773274,98.66756018012435,11.31662554160282,82.10005108653289,1,Cotton
37.79234318220358,54.122340997958304,7.090493638488388,284.8174192289772,86.93305471127036,77.86619034817309,95.53942568518526,72.53871764296949,0,Paddy (Rice)
26.347420989652633,89.84982955011823,5.067518950689347,57.120741695655056,47.69078257106325,94.48757105364108,31.773439514470045,96.38162960521726,6,Chilli
34.272387661417525,67.9891791342327,7.1177468736306455,236.9084224109035,192.71169353990777,25.537914517695164,41.293308889070744,72.61313522744003,0,Paddy (Rice)
31.577567135898985,64.99157631162137,7.948562458970936,94.14857009792927,107.17883260809731,78.29106310760794,13.705629491694145,46.80648868653222,1,Cotton
24.40867848406611,47.47547843484258,6.328874414583084,281.4060802363504,149.4448703546631,6.920664414040756,15.665912041246411,71.50563416317908,0,Paddy (Rice)
39.08711967252379,53.94917979457763,8.459269865736605,221.58867102345428,88.09896677565105,68.72220206259573,74.04035369678536,97.95239791240338,0,Paddy (Rice)
37.138224518566275,88.19749579495601,7.41907329010814,231.06783963394332,77.47503516488611,49.58181642142293,94.7115623960877,72.49248566550247,0,Paddy (Rice)
33.80284403180221,73.32009808924431,8.546620132301411,81.33656845676734,87.36121670875374,37.94220683240652,63.0211070206594,77.027959326268,1,Cotton
38.413961498261806,81.18015673890164,7.305773900613017,144.05119345784505,87.74736231927346,86.92841346784347,73.00575147504705,92.57612133674283,1,Cotton
38.81506082303525,59.53245249939758,5.090795874021709,192.9876944850002,113.39422202897119,86.15543080246542,77.38712573672959,20.001310995428135,3,Pearl Millet (Bajra)
35.00071144116083,70.96606926465026,5.893612699973351,235.59261309784827,113.259275296459,7.118661965371141,29.967356082529463,72.02101782339997,0,Paddy (Rice)
38.08831988072813,46.144934568308486,5.408077267136056,49.10862525546908,104.45922501774561,62.90298663269594,9.296814937420418,84.8709243011355,4,Groundnut (Peanut)
34.73931508006281,75.8549539684266,8.58971923972588,289.46228860726796,35.60929913431323,39.94406131049086,5.1779106723210155,93.9853168194386,0,Paddy (Rice)
34.32337852224721,57.794086690716924,7.921800302793672,269.2617877552757,104.25434091510091,44.48779514254267,38.311681880631774,28.565297494629544,3,Pearl Millet (Bajra)
32.846673077164425,58.76545846295846,7.543792660095027,95.69760533876362,42.12974107992378,84.04387022578372,27.939101678925528,54.34575267973349,1,Cotton
36.06519934938339,72.2059510974973,5.8543484383422975,250.37286804905295,33.96579939619538,34.43477829512943,10.920183879672637,69.8888265927144,6,Chilli
21.80652252703377,90.85824039548024,5.328201474225961,165.13069845115055,187.20268629482186,94.58963701057391,22.05518778689834,31.777160196117695,5,Soybean
39.14089822077428,34.16041252956036,7.904029895950103,149.30581483736523,124.94050249806381,22.065213505353373,16.82739533545504,62.84161196602412,1,Cotton
38.92424466588557,83.6083104275555,6.633710756455859,108.04154962719352,135.303111043671,67.9586302199769,91.91344615865019,32.666932859823945,3,Pearl Millet (Bajra)
18.70193479282942,49.004902176792555,5.516052984677831,182.6712042568459,86.34079736333912,68.84998136630765,18.32538527862105,39.34421780678496,5,Soybean
37.8196020135543,58.85476454291456,7.274798901743738,224.36895295700737,182.7063694638242,28.95854033565223,56.076604078829526,48.853645292956124,1,Cotton
21.092876819362687,31.424366370375584,4.681502334623034,135.06121338957232,131.20679302013644,35.85130785188419,61.34506573565564,56.56872868969789,5,Soybean
26.042852502219404,49.56799505923035,5.9677661435771405,196.18137404232178,156.14227520948162,84.30585679509434,56.63149848232021,49.544196703013256,4,Groundnut (Peanut)
35.84419815099859,62.67103077095848,6.608506475660105,215.80761792348505,80.02686911526563,77.37149922072048,14.410361250518857,53.40120574133777,1,Cotton
21.858237505159398,33.651445027583534,5.165812503492326,219.11410876428005,192.40225735563385,36.264108629902154,35.28584436630236,36.27581055336975,5,Soybean
37.631208578857496,61.92122240990574,8.930945149158777,34.55050747673047,165.88764513007985,55.72587195881872,9.87068158399956,23.98892827399149,3,Pearl Millet (Bajra)
37.97122027098581,90.26219087579778,5.440938140653264,260.72938559181875,172.2502079727633,10.859628144044068,42.58864183915002,14.16679800476187,3,Pearl Millet (Bajra)
30.17922561026007,36.85055917700734,5.086589085194695,148.3109281342134,42.71691081089331,24.830858827869775,22.91689847080124,27.24612757926676,3,Pearl Millet (Bajra)
18.153260921204005,79.68864732490778,5.415906932491033,93.47650287494004,61.48300949553171,51.15295309173791,58.35509066201608,61.21104045250891,8,Red Gram (Arhar)
24.888915196197907,56.628618469439516,7.960775099218759,87.69406209431085,64.26905393987964,13.167504851525102,70.81679741566455,79.17815940667565,7,Sugarcane
32.806246041017815,72.58629144408198,6.414775466723293,155.24395159630612,61.47275241690552,85.11657371473406,55.551386719447116,24.893788574974717,3,Pearl Millet (Bajra)
41.54846827265816,46.91537886903991,7.044371728886421,268.3128310513086,172.52755079981472,73.21058996022654,46.2524861780826,19.552871483993066,3,Pearl Millet (Bajra)
33.16352464840004,40.366997065188286,4.594541206438623,125.93732287114113,16.0581110896325,94.64519871160701,41.79667498138578,75.93755172833403,4,Groundnut (Peanut)
24.235285945539836,40.43006992762972,4.654940888579915,229.92320909939212,24.45899790634712,70.87935606658257,84.96071796921535,36.85393308728149,4,Groundnut (Peanut)
33.21613687439067,34.581976466804406,6.506214974221573,47.10924467642121,62.04382541968171,94.33813036490763,25.839966181200655,93.73195065200701,1,Cotton
30.959649113180532,42.0670358185808,8.174948594407306,153.29587660229728,47.97586518339429,57.678692790641676,74.75074225524254,72.85998141371283,0,Paddy (Rice)
36.71628948362745,73.17426002428294,8.483574954184043,297.672119309966,54.05332663774119,62.02076805088709,76.96082085031131,38.75453215738672,3,Pearl Millet (Bajra)
20.567535331847,87.30988976982803,4.890179554180381,235.72258478185435,161.609205958127,97.81225018949479,44.82400069071978,35.47976180584603,5,Soybean
36.26466966004867,82.91816956342552,6.922633959454602,78.94797676337164,116.99405283948892,66.00226895210474,33.24355692643574,56.085457991875195,1,Cotton
30.990397888226646,74.53373014184146,8.609533588256717,160.403612635415,11.096425645663919,7.9247240417709275,49.701441174367645,16.96473080848243,3,Pearl Millet (Bajra)
41.111808092615874,37.17807112172167,6.245877394790488,85.41493382159864,91.5713254837971,73.7612637798997,13.855322959806358,20.35553311278631,3,Pearl Millet (Bajra)
26.204931984928464,48.797184009236744,8.233046241427658,134.6770596335026,87.49813610156819,91.01952575305448,9.363353061763547,25.47549355582494,5,Soybean
33.182925435214756,50.13744689596048,5.101630444797463,238.42352664579013,31.64960119446327,80.58012373046103,15.60230394792972,78.1756762108013,0,Paddy (Rice)
40.36867453224042,46.247201515845376,8.709275203505094,235.94294828131302,138.46693983427684,60.46416089941515,22.778777988911486,55.219447615682775,1,Cotton
20.460233471776302,63.475367881132,7.881404928890862,83.86810581266784,143.3984657921033,68.77383374388404,52.89679793211408,10.929906804150978,8,Red Gram (Arhar)
40.493483693674825,64.81099796717871,8.736004767541058,278.2225290833608,146.96971161989856,99.06821997890881,85.6679804353066,69.26945441754559,1,Cotton
34.509257335219516,53.19758838612216,7.544777550986279,185.9190911741515,148.40947965613248,13.61289840838714,27.386021539970262,47.28473572212374,1,Cotton
19.628089418524127,52.996295317868345,6.135317693997422,126.37880146936406,10.010037117136392,68.38825872015775,93.84039102094391,54.95500811681422,8,Red Gram (Arhar)
25.223125606723592,83.85611386389529,8.721815276361252,160.54196261864098,191.2449527308772,31.922780984206412,95.71625134882532,28.842229420338327,5,Soybean
34.99613012748676,81.30403514077956,5.740050493391303,189.41995096256824,164.69966574038597,65.80858767568616,96.0959374602945,58.55683609868112,5,Soybean
19.61641443525052,50.00672905924847,5.994776349277796,176.76934891681992,181.7565223519642,62.72423970897418,84.56845979425076,96.165485098131,5,Soybean
31.97209104423056,89.39624885176185,7.653637881007832,156.1934099501299,12.972226108412485,19.578399050275397,39.56337887578346,16.46313280850701,3,Pearl Millet (Bajra)
26.30119336687096,91.9329761051629,7.943923347864239,161.38118514503202,187.43317119929048,24.64093134532272,11.90497154524919,34.9847311704699,5,Soybean
32.90197242641945,51.23826523195265,8.682315677321192,69.39533491980814,163.8598204507399,64.05480991410528,59.037779517817015,31.38378817175302,3,Pearl Millet (Bajra)
19.097808811500308,53.037621671548564,5.421610840752943,247.56521320531022,169.07163716215274,17.18184499385854,58.0747371740372,31.872339346103804,5,Soybean
38.916883347657034,62.866219972427324,8.090991158486508,171.69288958348432,27.72460309717402,30.19218313738067,85.74769787541157,43.3261594657532,1,Cotton
41.36373526025753,91.17285281468878,7.823457240286336,56.70236127731687,150.36782549453355,84.34832703511023,99.61914983988,81.99366105748675,1,Cotton
41.253068526856595,86.96076315425026,4.787075503141191,234.5239884431778,192.38417103199728,36.07369307015567,53.27494412321402,90.33156471686608,0,Paddy (Rice)
35.99164396183019,36.66691756793334,6.242504135445931,281.0843139456582,138.92399486945052,51.36571484561798,37.79438294877951,27.794927696389653,3,Pearl Millet (Bajra)
21.122069763135165,55.52749831264205,5.772444556770443,285.2459317863494,118.40666687867522,94.40833183885482,22.660662597845366,57.77959453943392,5,Soybean
36.19831670229654,65.96912733373517,5.870206909593136,123.32496507512838,189.6696387723094,26.579163439509898,5.4559833576502195,66.04710955056227,4,Groundnut (Peanut)
18.590085995011236,62.703610715850104,8.923260957996153,57.94472459701113,94.15805312954284,42.014471649010986,53.36580078644352,55.92081774401835,8,Red Gram (Arhar)
18.530965236695934,42.60109941589802,7.392498360659676,165.15189545725823,123.86577759899096,62.613488676636834,57.774273336746596,48.198722689328925,5,Soybean
25.76664525958899,85.82309012593007,7.729542710070748,51.530584217781794,100.50427576392957,76.75719830287736,83.36915558265275,26.89384451561293,6,Chilli
29.727436569711976,74.00115089479442,8.894779367917542,281.5164771835328,187.24078205845683,90.65707173770699,52.93481194981606,52.96330360953299,1,Cotton
36.48977802738703,84.46404436536724,6.197408021059374,71.40229565944088,24.456098085446378,91.96993381948394,92.06449312327537,45.30690483859694,3,Pearl Millet (Bajra)
34.39908903855613,85.81967815771569,8.108280758037626,90.77444078632594,105.21274315681616,78.78080706539917,64.66793027428636,80.00957590019974,1,Cotton
28.70166495304196,78.64313048827309,6.45538933487023,133.8582275277917,140.52096386323328,26.69142947636449,84.8319426310029,77.19718360634357,2,Maize (Corn)
24.56703999075998,58.54868908123163,8.41290152316741,127.28605119655522,160.462242300225,7.356886354043751,19.088664806735977,21.791883946099023,5,Soybean
41.93098800378507,69.6855390760026,5.312958935900864,242.50560987140892,120.77354301438591,41.45852338378426,86.2569323787199,17.789676625549948,3,Pearl Millet (Bajra)
28.22835125366335,40.423751397783306,8.764587796789257,147.76870975426945,182.69437138307626,18.447140843843215,69.1386661721656,89.91754700402026,1,Cotton
28.83328858391221,73.786952135869,5.4844726878489585,67.81511280093433,188.97837490793563,72.48682650663832,21.172138081641403,57.1247382288758,6,Chilli
21.92697170860006,41.65146162305325,5.967992281414192,94.81877073610075,22.220652406780868,67.8074057484431,23.02753802387103,85.48648248086798,7,Sugarcane
37.0754291699983,75.10672338316019,7.902865053480513,162.55174785250617,86.45040251286113,9.17730595403821,93.01755880920102,15.117298609843301,3,Pearl Millet (Bajra)
34.648373418755725,44.92388044900797,6.27189813704433,61.28709687931777,14.457214127019343,84.47640901744036,8.060459242785424,56.333374253903465,4,Groundnut (Peanut)
23.29847070693025,37.6408345097643,7.236951195449009,191.26358918088394,72.58916490114416,28.630610297662315,48.94081961309208,57.4695332827088,2,Maize (Corn)
19.977145094780226,40.743491859292234,6.500580754812429,178.40924583432084,112.00496141441441,46.06157217164901,34.780152543739646,85.7417788637092,5,Soybean
34.33198324979311,30.129488789239566,7.840664716904018,220.11664858703216,183.0510367968903,68.45370486829553,68.18235679985067,18.58967984421426,3,Pearl Millet (Bajra)
33.70826914274724,76.71807516047946,5.527490635658749,282.55729230622296,170.84532126842655,45.79478475096406,84.76479181905424,31.15920960348002,3,Pearl Millet (Bajra)
24.558228647957023,77.60606818879464,4.7630609425659465,275.43127710832357,34.22494806767729,46.922341265994625,39.235921547874106,45.77537162205715,8,Red Gram (Arhar)
40.82072549400985,63.47066774436186,5.849682288628798,284.90117305927276,27.675771200770185,11.234659556895336,45.55569829566953,86.19404983695492,0,Paddy (Rice)
21.625389402741604,40.48858206859994,6.634388991907937,88.52036716663626,121.96079436376674,43.13713717970036,98.28218952763434,92.6217317262099,2,Maize (Corn)
28.376035225022445,35.431031938194835,5.256090234867053,56.838285859019294,111.10241476716871,77.66054985589842,79.47206841952426,97.35976652423926,4,Groundnut (Peanut)
40.64678208402238,31.243382818423655,6.096587803453749,104.63747613900559,60.611751871704534,91.94175203272678,90.23439243852019,94.40902680834989,4,Groundnut (Peanut)
28.073455606226936,40.77363150273935,6.299923582321059,270.62384837456807,180.8960860652287,44.282228021020316,46.68241096190482,10.522874514303188,2,Maize (Corn)
33.32462274393805,87.90560977390453,4.758263296597231,292.1749728945767,186.19961779769517,45.240653553512495,27.237239378490944,14.19833404794074,3,Pearl Millet (Bajra)
27.542265551107064,45.699894710609314,7.12488261682892,260.6109862997333,86.49617328463091,71.74957510074695,44.12702921171291,22.989400085867803,2,Maize (Corn)
24.58116485636808,53.027636269119014,8.479545425870793,50.80496191571221,179.15748585156885,94.56334010500127,73.02873219399378,40.699864515784036,8,Red Gram (Arhar)
41.61546355103587,36.84745649128666,5.182843108288736,285.2798394567421,82.9502899099648,30.37078932273922,15.395888459418035,83.03278672685236,0,Paddy (Rice)
27.824016151561032,44.45348480863107,7.190136060306813,138.54024765822007,149.99519804764302,46.813699621104,30.694565033568338,88.55374518952227,1,Cotton
39.458380888299224,63.74959710071333,7.491326422098808,22.60688141345903,100.42902133406758,80.6174581374686,9.430410543851087,26.441427753923307,3,Pearl Millet (Bajra)
23.51891054138607,69.50392440121742,6.387006061886797,143.8702474094942,33.29079973636477,62.920889090533656,46.0730351421225,64.53044534253436,2,Maize (Corn)
23.114512896602,45.94790042080372,7.654939143139215,32.899367509130926,186.3074982350341,15.505702676575698,83.60734491806326,90.72785468574433,7,Sugarcane
18.74721798922827,33.75259034963262,6.348291945709554,172.28581792511292,96.27835274173195,64.63460987841523,7.343050388311026,50.80839276195623,5,Soybean
33.64000380902124,55.417136493280914,6.770867795898457,114.79512768237437,149.55253766125668,22.740897036746055,69.15573504668077,19.11183433184499,3,Pearl Millet (Bajra)
26.844632249370267,45.223219110211716,4.533088700494922,152.56178140633367,79.76302474194551,53.47051373744839,93.58710807880526,50.287601207447,4,Groundnut (Peanut)
38.744597996151285,44.27100500993713,7.6127405136060995,191.68770100807276,13.587366929484585,55.26481042774166,27.508146843562315,43.06995140134904,1,Cotton
29.357037760597372,92.3910821763746,7.47604205525126,263.2643068289897,29.100768151448822,88.23931941137356,70.89530986912658,60.83390365380861,1,Cotton
41.23664226995332,70.05953158517207,4.672803947968551,205.33244141214,104.28170110308564,48.93695603118162,97.63468060451903,48.60196422782512,3,Pearl Millet (Bajra)
22.452612376874907,66.19709880618623,6.157125483278099,141.5336831738906,141.09322785400886,31.54703011240995,96.416415714484,11.526441563127179,2,Maize (Corn)
38.84695603093466,57.025381729015926,8.905643283562503,249.43979902770224,73.59971205006303,26.941803080522998,27.318273337768613,97.47180054040307,0,Paddy (Rice)
36.6383244670018,57.88138167295938,6.393314531558776,273.562998520477,142.14280724375357,88.05392828501193,14.531450055146527,57.83154092029024,4,Groundnut (Peanut)
36.50212427145725,65.15882524947526,6.758754323093288,53.53279060101522,142.74076199207164,21.246031169731697,19.086841100112014,51.679506482645635,1,Cotton
38.274797474805304,75.26793745734696,8.594685711718734,168.94123371478162,143.74782239228787,45.457513283898656,71.69338850580351,94.00632869235676,0,Paddy (Rice)
36.26457578263197,75.63949625181891,7.727678441395904,99.66334872788435,103.5791522638966,22.781445918059966,73.94709316806117,23.715712347662787,3,Pearl Millet (Bajra)
33.02928771915397,41.16010400085422,7.119315590059006,33.17713540554527,183.82836852308574,78.46388381086567,69.05247335467891,26.652909023981845,3,Pearl Millet (Bajra)
21.1498770643773,62.50732888498075,8.090121066034826,207.1930746319159,102.94733841631697,50.0654007975888,36.92744683551262,81.10529791752495,5,Soybean
18.780628307790046,56.77727617721663,8.38964819905188,261.57581768858313,95.55038676436125,38.35865060289714,21.128809277021602,32.95313504220077,5,Soybean
40.100348347576485,86.58425280750997,6.555996322817701,65.61274325367033,47.882355612019126,39.30446585951435,60.17230373546405,80.33198535365437,1,Cotton
32.79960754849771,71.04222987919447,6.637987642193259,247.47582413469215,68.45446659770394,85.96034963868304,50.949642346997315,33.894946495948226,3,Pearl Millet (Bajra)
37.11689498342823,64.61276431703882,6.237229210433261,258.9508053903437,18.043553578477635,57.60852565797162,74.23924397661882,12.920511459800132,3,Pearl Millet (Bajra)
29.5565364363012,37.50065174162963,8.850177630083072,276.0153239466154,130.37170578707236,73.19744585747004,46.929207475134035,55.49729570203101,1,Cotton
20.815396535097467,69.36646280602174,7.637248144306577,94.27982494409467,57.22179134614765,90.21865904381504,37.1707709952145,27.308406203163802,8,Red Gram (Arhar)
21.00445901286121,37.618253869215174,4.874503797936326,273.106858253169,67.78949835223837,90.66545922386099,32.88046484910637,76.69047377805745,7,Sugarcane
34.453566893495314,51.918427411773884,8.383318304908583,109.78557132620102,156.45475911622103,36.208360162096994,25.08968040472592,66.42556772442904,1,Cotton
28.327341477587105,39.28472771293157,6.662519733763206,174.6546437675408,72.17202480067624,95.48286999890661,30.245905737732834,91.27703478205676,0,Paddy (Rice)
22.81259344080808,74.98478705658398,4.8093925789011935,34.142091833039,56.01721948249701,7.3632087913875175,14.00889169018963,78.90297543938476,7,Sugarcane
29.798269121794483,43.40638739934992,6.9737276482349,32.28670474324821,42.12097233540409,40.799378296535735,37.95141603824451,25.90828402598396,2,Maize (Corn)
19.541014489803217,55.47085925722169,6.377239255390659,221.70449956501682,157.22309641457161,90.10089146333995,8.474132174481028,80.41392482650208,5,Soybean
31.96731364594557,88.21886054522062,8.449872321881813,144.4543938337815,34.64418901810511,31.09050358261338,22.709315480801045,66.47285994363405,1,Cotton
24.455841706442342,43.28056492093307,5.4179757162422435,91.76186510338091,96.21321444756717,30.942737780525245,75.94319223884577,68.867744474935,4,Groundnut (Peanut)
37.14141841529252,63.00732915732064,8.219090742714823,73.31577888697485,106.31672205466694,33.74911708277943,35.91955392427916,83.23913396537309,1,Cotton
25.44868701416577,57.25265797579143,7.009599110334538,207.58697744058105,140.60408341028577,63.16977156045761,68.48251661284766,60.49651808862674,1,Cotton
28.925283577963228,31.178062667972434,4.745746364460611,20.112432327095163,130.32386164326914,46.64161368336361,73.10399668174135,51.00830926306514,4,Groundnut (Peanut)
18.278892957794415,81.52927738223283,8.87330385596468,245.6495273751192,164.03692785958322,74.03980945356754,60.21260755955078,66.02441111156806,5,Soybean
19.738725307069412,34.48798391044898,6.8067685984644,42.189889716380065,18.50277244598525,90.01651104364325,96.07628542971285,36.2202537483356,8,Red Gram (Arhar)
27.419845353760437,60.826576363501985,5.808945844042121,73.61709217427344,66.32373770808547,69.04894061957177,7.036787329195759,26.068547535664738,4,Groundnut (Peanut)
29.518532033210963,66.44408917103175,6.612330788951661,128.1461906837451,63.22548256732215,24.424338418769672,75.1720018058735,64.25972975026968,1,Cotton
32.40049315486329,70.84771967994816,8.360360025828701,155.760447120509,37.74321206250056,93.6047807242477,96.08473117433876,30.578656479522035,3,Pearl Millet (Bajra)
24.999901889023278,74.76105590501192,5.872064059732786,119.3986324279037,64.9438682327242,30.12682296801046,86.91581428852923,17.032529622501393,8,Red Gram (Arhar)
34.67956526703702,46.46270492897648,5.367043784190152,109.79940619560229,68.85540968715165,19.23995805617502,20.949805721476267,10.048768243502344,3,Pearl Millet (Bajra)
38.64293753254091,30.64862048279921,5.080820611188966,289.8964833804928,109.15804776622088,13.546891491791285,36.04792909391455,63.532107323205906,4,Groundnut (Peanut)
36.716423733440394,77.02383805306928,5.840367292755951,199.6423107481504,136.10385099598864,58.52145536328573,21.382924788264212,41.86909294626084,3,Pearl Millet (Bajra)
18.95085180836057,64.8176789575926,8.010216391680196,26.561227502868697,82.40909758624467,15.807433935661921,62.12429456239689,76.20336541926413,8,Red Gram (Arhar)
29.532166734187896,84.34765070847118,6.622318643378677,140.4492543644077,146.69934394954242,18.18370899069992,72.65785828805177,43.01552305155302,1,Cotton
20.518324282036197,83.39024358854513,5.52366721662093,265.0024359283117,73.87141433012019,33.50289565657218,35.12200808949053,52.76830344496395,8,Red Gram (Arhar)
23.80908038070066,84.8162009062124,5.247832498243872,104.40773219498703,65.15389868980446,31.757035920024062,56.25312452850807,45.82347760775387,8,Red Gram (Arhar)
41.679902238411515,61.531152898670115,5.997282644296706,46.475776536828704,112.82573061283462,62.40275348155352,70.63745415676352,67.25058161762246,4,Groundnut (Peanut)
21.419893029636317,51.68584572939626,8.72965967798569,232.347736045177,14.506108458100215,82.59080154990474,45.027282578049594,41.340246257317204,8,Red Gram (Arhar)
29.973315682832546,81.45128316843905,6.04362020665511,189.68387294210277,25.15993349046007,77.32821733927477,86.13147539326863,94.81155319492318,0,Paddy (Rice)
32.835737623634856,59.33411734690157,8.946558341795859,179.6875021914211,89.41421328144014,29.93602319806529,78.29724385234263,92.38093482067065,0,Paddy (Rice)
34.8591592930585,41.92374276622324,6.6835370509441026,35.001436690074215,189.15341516443374,28.304497308668093,11.143226665804214,84.62645543384076,1,Cotton
31.431568403685937,85.57331127149584,5.306237632305679,59.339722742744854,147.0872381702505,96.75019536016192,64.00690341362875,90.98642381040183,6,Chilli
18.234500338060407,87.36639199020257,8.510130413070792,194.31383093967185,26.744048205105972,5.782442951236212,27.355927341176212,49.524292584426405,8,Red Gram (Arhar)
25.835071397855806,60.31013414911106,6.571599179106721,78.19067560847402,170.800422428366,88.5734506407205,57.96423514339115,57.205874917475306,1,Cotton
30.425079441233073,34.92048227513619,7.6935210457703604,161.13962232955882,149.13714641555438,23.97420931662847,95.9044020501318,75.30414814512551,0,Paddy (Rice)
20.108795979476,55.20869584460053,8.926702124441183,172.56687208823018,126.0798398835041,94.99201069352794,88.51089043246377,71.26084139459161,5,Soybean
26.415046349020336,82.22994786506922,4.725789076439883,99.38201327586303,165.8556625157437,37.51919205861437,43.42905829593751,88.37971641328143,6,Chilli
18.7968746109928,88.61531185550487,4.935125519044052,285.559043551618,86.78087107116185,46.83341851985897,32.69381654271358,73.03713039858918,5,Soybean
19.8858839317205,43.22572826234373,7.742055336582403,255.88994991396103,52.08519966223202,72.1764583247162,27.268545718784605,97.81385432410453,8,Red Gram (Arhar)
27.526158628838306,34.35328478164265,5.768212514829624,222.2645821371836,107.28444393066427,60.82855988995973,55.58891262686941,40.668510385180014,4,Groundnut (Peanut)
21.18517809703345,87.02777945363451,5.329356286275446,41.83828259463454,114.27993356276002,35.20423632214816,15.85360305951535,83.30380131706877,7,Sugarcane
31.620980358277397,55.311321033626896,4.677128459188783,49.71640540652544,112.28201068188329,57.61393700744323,57.18112577218361,71.39186440927445,4,Groundnut (Peanut)
34.547159259294375,65.21446267739161,4.598310203937908,157.97877684218759,117.36402038122,74.41715401447419,5.126695751625242,70.84200717892163,0,Paddy (Rice)
37.21408077861799,92.92427778329933,7.985185214039059,64.999737773476,190.25393446544436,9.021819860736748,35.76571492085526,38.673532346359906,3,Pearl Millet (Bajra)
22.803605861875443,34.32670731442448,5.104950423162975,293.91432978825276,181.42666838828396,6.063933999291891,25.89375981390522,79.13295773322598,0,Paddy (Rice)
22.019581974217672,72.14067048438622,6.604742771870179,64.38566552767465,176.3862369461985,48.51635921192467,97.26578504627429,89.23308996658872,2,Maize (Corn)
20.509628168025607,34.81685246736636,7.226535668307673,156.49099392991272,162.26919407263915,17.524478691333847,74.088020359148,29.23226461380954,2,Maize (Corn)
33.274325989047284,54.40548035032252,6.427583102559808,121.95389591562152,189.25134038040423,68.11270768914787,38.217071143912584,65.04372166626996,4,Groundnut (Peanut)
34.95541743568563,82.24794543757403,4.621979935513049,199.02819800714744,28.713981919086617,25.334983341606247,13.82028322040895,44.50786496104422,3,Pearl Millet (Bajra)
18.75806747581541,58.175695129116235,8.025756761645589,56.13019448903898,60.3734196746905,46.12085514558874,54.09605649560928,97.08023449794918,8,Red Gram (Arhar)
40.46909390984855,94.81685300369178,4.547309510437441,140.48859985186945,104.06062967437113,23.778739003055552,25.277548725974018,52.13728779318798,5,Soybean
19.247310807635337,66.33885352152913,7.928504524698678,96.91740918600021,170.841553693447,57.10594064616683,55.960806860343986,30.092175294130957,8,Red Gram (Arhar)
30.99111204722569,50.87553992133698,8.519870222046553,268.57042690807265,105.98148518931917,16.025078641534044,84.35942364699478,43.603471019521265,1,Cotton
35.01745246682199,44.30723618380895,6.447779644757276,31.363999397714622,152.12660047490186,7.195151014810625,63.500292449631615,67.5377783038631,4,Groundnut (Peanut)
38.903258969906055,52.78383472860052,6.909941128940092,275.8436983218086,36.402381997294086,9.857505620136234,65.20989985677521,16.69586467876271,3,Pearl Millet (Bajra)
35.13808637117827,54.2146627943708,6.646425266779442,253.2383587948401,57.958624465546436,95.65455194395444,56.39787746096709,63.11696897946891,1,Cotton
37.241473993675,34.466389052057465,6.251438783805474,103.31980060342832,149.03745805715775,18.5171907680389,93.09023509998387,91.94777880774302,4,Groundnut (Peanut)
26.146804621027346,54.022322962740255,8.493410409166621,241.0013833095893,41.29946168866757,72.30543404799934,93.53075501995731,84.83192531389084,0,Paddy (Rice)
37.555802729916294,60.17550378304962,8.522700798014958,28.739796894849317,76.75762758443608,11.452989401168495,53.70870410198746,15.955271225902536,3,Pearl Millet (Bajra)
19.922756313232203,76.9779538955223,6.011173640886906,290.7223540821502,60.32458898457857,15.275233462342307,34.047151278632924,97.418309329038,8,Red Gram (Arhar)
39.47559974545266,72.68741650690453,7.2678138930661405,167.44658392514103,76.47372190227091,53.34324388388679,48.66076555854717,71.48796928594136,0,Paddy (Rice)
31.142217027689668,76.06976758989504,8.671084029656388,104.91868729832467,144.58156932481435,49.16273836466265,22.723001658583488,24.280712539634084,3,Pearl Millet (Bajra)
37.61514647909985,30.543639321995713,8.829263245236081,121.52329952650958,79.8909644171322,95.4001293967876,65.4527099552185,11.092615846909268,3,Pearl Millet (Bajra)
28.855638828439204,44.14838097273484,6.790315681899214,38.59349896893926,115.50003129550863,94.75936803697005,52.50877189931216,25.07287199370932,2,Maize (Corn)
33.4458646847166,73.00947874599066,6.537711623779471,297.017863931771,28.987056640337833,79.06282104153418,14.81354539226159,83.75948102034499,0,Paddy (Rice)
30.63366386246672,61.459308931683566,5.754124421678366,31.001744642193888,162.95336171457927,62.19967386209822,23.776539206363456,11.90426059517441,3,Pearl Millet (Bajra)
35.558148522127965,30.345375918442485,8.814923429356845,203.37399448140053,80.27883887314373,48.22123015233605,50.56503583895505,30.516962718391618,3,Pearl Millet (Bajra)
19.95911956873415,82.29215175806846,5.142664370127903,143.96605975780832,133.22149021633507,38.836960761200004,89.32095411829154,76.64289238946904,5,Soybean
19.44845001577353,80.23262226387193,7.109233092214763,285.6965410928402,147.8240243157482,94.97331696267777,58.80711845995425,61.57772715903589,5,Soybean
23.930477616243515,65.64724559458156,5.771476203833875,88.87992728590265,49.83557520122307,62.276337085345126,69.74582501980473,78.88074251169688,7,Sugarcane
21.82907232271652,34.320116175457684,5.755537306565085,168.98431070264317,178.0882471411365,60.011890130169476,37.20771222567142,75.66124433675733,5,Soybean
38.92280559821284,79.82347821961801,6.322358643192848,155.05973840317083,127.08260780532106,27.030606568046913,59.28408233920226,14.452922066718816,3,Pearl Millet (Bajra)
23.261135696593065,67.94138320253866,8.994568211170446,216.8026043340284,91.45777693278148,9.43629269908574,47.5010831506164,88.54100488028534,0,Paddy (Rice)
41.42076613965915,80.82739851526735,4.747348380779199,39.04286494667774,44.64368487986171,94.79291507715672,67.61734169920027,29.978801416839644,3,Pearl Millet (Bajra)
26.085499002506566,78.86355450572962,7.103438181915891,74.26095640653935,189.03717820122927,34.80484959024212,9.804678777505984,58.69853474021921,1,Cotton
22.370829976528782,82.1951346772594,4.871574711158747,80.07814962599795,153.46295878500877,47.04595721582358,51.86352054270112,66.69735777444453,8,Red Gram (Arhar)
36.9527641714195,63.670524316300614,5.195343734957335,226.6822113556731,49.52466691931728,15.890794640642149,33.119299388676865,24.839282557888396,3,Pearl Millet (Bajra)
33.80898661202103,39.121093682578476,6.478033237978044,72.95883497148722,74.16504719760266,84.50781134138273,35.98758082140138,95.90835058968575,4,Groundnut (Peanut)
29.956697194875336,73.62523576967976,6.797070591058986,180.57769388947347,163.83810903673393,7.62502412131341,96.28715599801583,52.95772413568319,1,Cotton
31.32872522250315,70.33079602837809,5.6645658376403585,80.26826974026704,142.1787560109144,84.22912239941417,22.356007207581364,15.072557212570622,3,Pearl Millet (Bajra)
35.26084267853433,78.24645716794066,5.924057088934873,261.254986023514,155.49901561598762,18.327076214856845,34.56829899496671,92.47905994044996,0,Paddy (Rice)
23.48291379195117,41.0422653932978,4.8913515911516985,283.8119272570988,93.82820942045716,89.22359069995944,53.43979469443282,61.59157020100759,5,Soybean
41.91201398536181,42.6733879935188,5.864489027299127,165.17803298382734,146.1304899020117,74.32840054693496,86.98756007421424,71.52900142236112,0,Paddy (Rice)
41.395035891522795,87.87661861925635,8.849512977212449,118.64648757856992,83.4338073441436,20.643674938193982,44.58365790460519,56.21546951421172,1,Cotton
33.60781647232648,78.7485568993846,8.751183217526169,85.53617700489976,50.13995421825732,58.75270932164947,75.66720168437625,83.45694002037314,1,Cotton
22.789018822299482,89.03485176552098,6.006952305616433,33.93868042645225,130.2086366198584,34.70234986374585,86.35553933040623,12.915744673002559,2,Maize (Corn)
34.32547781835099,79.31649587565485,7.068842713254427,95.1800213352987,195.4426458637709,21.932144396600428,34.451553803075655,33.617296144389,3,Pearl Millet (Bajra)
19.73276181550022,68.81509488936962,8.59317925999925,203.18601838468902,69.01418456511263,86.6223089440553,42.311267436177445,51.329055363436915,8,Red Gram (Arhar)
18.735660052939345,72.51862790681179,4.527827201884035,169.41274076657905,97.58422252038253,43.33466281818679,38.87284125039385,16.741118235606486,5,Soybean
24.184389324269127,87.79331505610065,8.148076066519163,284.33155791865966,138.0602605032722,42.86165286471134,84.1213018187025,72.11978690074592,0,Paddy (Rice)
29.10295096174359,67.62243904327613,8.767662987550136,130.95763349767617,112.88619360327269,21.1392341066289,9.21295188559211,44.64238043689639,1,Cotton
38.83854012980113,71.10543608134518,4.910965804501007,214.28173585195046,170.25128118471935,41.391239228148976,34.3000034387246,33.99478314359668,3,Pearl Millet (Bajra)
35.45205767439139,40.17098654023404,5.226514587148145,157.010369293034,154.73111422920803,87.80360040124077,69.54381297153733,10.297338519140279,3,Pearl Millet (Bajra)
35.824956508799545,60.80487930754668,8.8233583624711,163.52134045877926,21.07646873384784,39.497227496515414,58.71713245870755,73.34506743399592,0,Paddy (Rice)
28.21184002675381,76.56581227727644,6.9189306463815585,94.9768080891529,199.70003444551708,95.40233843747987,46.447489132900955,83.37521918081184,1,Cotton
26.30243982112711,47.61127539056375,4.563884855122756,147.3862175157599,152.95646620669876,94.8993454247968,56.295081586031515,44.76356713997186,4,Groundnut (Peanut)
26.904930311630466,43.14652173409477,5.659343994435881,151.81979916355803,174.1416300958815,18.765372634197874,23.77053565369024,59.651181978936165,4,Groundnut (Peanut)
41.703589529665386,50.398742534587015,6.524746534209868,217.8599060897015,133.7275652981158,21.844569084651262,45.91807905276099,30.036423081804664,3,Pearl Millet (Bajra)
18.96262059389958,45.697540819534176,7.618090099611455,283.37919977211186,172.69417432888483,86.95403668152947,52.66178349675316,64.75339287265172,5,Soybean
38.808755906938764,43.969321407365726,7.799221701615599,112.2099576951012,31.35276523645479,42.31228729784832,90.61296658568716,11.068096331737646,3,Pearl Millet (Bajra)
31.888209805737443,57.615304786425654,8.979396808164552,31.816131202763565,76.07018875626996,5.4155283168858865,29.779340466377754,53.000662944690745,1,Cotton
28.52677006055017,89.00950340242971,5.793800397226915,158.96263514017912,176.51997928485363,31.017822872010246,87.4437077056686,66.69008240198092,5,Soybean
35.40618384996328,62.95887703801669,6.921990458408139,172.4491730017672,48.31449014070952,61.774754353578196,66.20293307846828,90.8008760442166,0,Paddy (Rice)
29.680054594192868,42.214824752995995,6.899955965368223,67.16335431693628,24.865998730204318,80.93026676619697,6.932378951422093,43.55755190676101,1,Cotton
38.962157713959854,35.003158509756815,6.325403667512569,232.93008975729867,159.7425985895916,17.671918623859657,73.83997700544239,77.33673786233062,0,Paddy (Rice)
39.6168447362702,75.25014943396513,5.2612285222908906,295.7801503636177,168.74236957222627,15.501429619589858,8.377428367160233,62.596458635028064,5,Soybean
28.12130224496293,54.88191968836521,8.898554534327292,284.8169207623691,40.903921456081115,92.5988020893715,99.75120704731225,91.57706593740708,0,Paddy (Rice)
24.643867133641237,83.41901152804834,8.339927339999637,75.18969087062261,172.32573672871592,76.35909494314535,87.9004853306638,45.05723545802989,8,Red Gram (Arhar)
32.216407886240695,72.86819996165006,6.742498627324068,265.10170717221297,140.48588116346224,61.02906207391745,33.24765601630433,38.080389908822944,3,Pearl Millet (Bajra)
39.89672029480059,81.75569428518895,7.214604402078134,217.25821819527172,108.81570981115094,78.07274504961316,29.454066868687015,88.06849588508466,0,Paddy (Rice)
23.055892536136,47.67649256219917,5.522674741018481,147.07703786593524,167.74753662846314,45.74116432413065,41.236902800032844,14.333507323929442,5,Soybean
32.95119800552359,75.00332995996878,6.9470418167628605,171.37107841092413,89.6573573706035,77.05329599436702,38.83586170487209,22.001914578163557,3,Pearl Millet (Bajra)
33.15744528222049,47.16402900509172,7.627365599046641,257.8880489950883,46.85885168244547,40.3212841710809,40.3720927466112,17.25159024339591,3,Pearl Millet (Bajra)
35.59471253796674,91.03945116426895,6.81825162773965,154.4377830987445,64.1220085560166,28.188984386797223,35.23627188135064,84.19367617872344,0,Paddy (Rice)
21.157624443054235,71.36432829966934,8.956283267632235,124.49806334943553,105.98116347572982,74.25627502283203,64.00767365059149,10.933453256588106,5,Soybean
35.17979915237012,51.09326701139723,7.251037453114767,158.109298047276,110.95285060790339,44.86886775494049,20.605048053459278,85.82582968374024,0,Paddy (Rice)
39.81678049597538,47.51827104899772,6.169381706664761,182.15634512981376,163.0603570238344,98.23082491098852,85.36822278237125,49.71156599267148,3,Pearl Millet (Bajra)
22.312394612885807,42.41022802965683,7.974684124271271,72.94174305793769,160.35701749394354,38.20109231926959,82.17823598297495,10.354224539149426,8,Red Gram (Arhar)
23.701039798173063,75.1516623280923,5.267081302117389,272.2541644747574,120.45964586886923,92.56410495045127,50.26590474625069,45.34477559465968,5,Soybean
41.31348225699935,44.21651484486527,6.2303211616782,208.77234567229186,158.3492418394405,93.63144211387255,86.00934670146202,26.43847401196313,3,Pearl Millet (Bajra)
22.343446865027754,68.69471228528678,6.061315276699136,197.3152968544969,46.43695707579749,27.976029971150883,28.478781652877863,64.94724289755035,2,Maize (Corn)
38.5052422408699,47.201276750148224,6.4431319279849975,47.85894333057868,19.512260147725925,80.83101225086126,6.668718291876861,69.7835735131049,4,Groundnut (Peanut)
29.814668554752835,73.02798141160146,8.018009216679268,189.1687026883257,175.99042630059301,46.14207798873369,63.824752877833184,52.90242619563998,1,Cotton
23.933545785676248,82.97108235513505,6.678778644735333,53.868985426777854,24.355353814926218,92.16484908688307,48.50139366164796,13.565718238690957,2,Maize (Corn)
38.897997630540274,80.57164080440245,8.073065026196833,42.03534905471173,56.870801651359486,47.76180590034769,58.880631898107715,67.73933478431377,1,Cotton
28.68732612006397,79.45533651050081,7.094200064129397,167.6470507798701,142.11060042863306,75.70885314704978,90.43724385674828,84.09941295728586,0,Paddy (Rice)
30.355616494312564,42.20195636999638,6.039312455958999,132.7799495330186,87.79510814918874,49.361903870560795,97.14292948876462,73.38853640472334,2,Maize (Corn)
26.621600865594377,35.745021553993716,8.144904346575625,184.8668756437425,176.49965428394668,26.641071792721338,65.27304827678229,83.03629686806804,0,Paddy (Rice)
32.23082043443826,75.43167385168007,5.572303517488912,44.98220705602681,66.61616098583121,23.938262249745197,77.58528103598165,27.644838072478098,3,Pearl Millet (Bajra)
21.924572942040548,53.942568896632835,5.509723409099079,140.67525759723236,12.255555867178266,45.41596345435283,12.961801181280606,88.22213868977047,7,Sugarcane
27.385956879642258,58.102504716217574,6.770263158246761,68.94028021264424,67.12457170654139,76.77199241635041,20.267980564693033,38.35302365702073,2,Maize (Corn)
41.2658957360469,32.02469103157042,5.6738216068294,296.38802405875265,119.83425934511801,62.48179109217285,74.65445647053278,11.17962365417521,3,Pearl Millet (Bajra)
24.195202384827063,46.87246920287819,4.540891657280474,177.12205948184882,81.42829132662574,70.41978254055161,45.97971835686018,84.21846487695822,0,Paddy (Rice)
33.761679948991016,32.188966251840164,7.417338872844606,212.48232106344284,111.62582359416349,31.821003319534533,47.36670068841854,92.88027166889596,0,Paddy (Rice)
25.804561541392676,87.1470752190811,6.799922196625792,111.11711859113018,176.55364257865355,50.73635786597252,34.31772975536648,67.68912137272669,1,Cotton
36.56335501647841,45.82078440920448,6.504830165219225,46.52689613821636,183.37216030377002,9.217550172086064,62.69885643038566,30.36642348078137,3,Pearl Millet (Bajra)
21.140967857240398,66.22691602224552,8.85135831578242,293.2438415793903,60.5350722842813,82.66557951602147,22.590679314539248,32.153512856862676,8,Red Gram (Arhar)
41.27570508188507,32.533655842973474,7.0703963278331114,100.1525299072913,97.80668992128113,99.0397554127881,64.55704653482007,51.06017286233452,1,Cotton
28.890948993207342,73.34508043486778,8.38544210005223,138.6662918486008,114.33736289587573,43.65351094934373,21.51089142784777,89.00913500492491,1,Cotton
23.665211120315135,50.9967774740161,5.127526062923221,201.961898076721,190.33136680876694,6.041547047496618,11.063473297422792,23.164593740985136,5,Soybean
19.763921935920305,88.36474715224827,7.061429084082425,26.915243352111162,199.7372906412331,21.13030075734,36.3839804264108,82.68568292334685,8,Red Gram (Arhar)
22.07418972210098,87.72768228071233,8.405908320289063,246.87255654484034,54.727377279890064,66.99005338628979,26.95833249093553,35.63464716605323,8,Red Gram (Arhar)
30.474574765344425,51.143890193513606,7.123975907759541,170.2418932080137,148.12617555570492,63.147535229366625,89.45420566285158,81.15558290976061,0,Paddy (Rice)
26.088076234350872,88.56245821988041,7.731063801571507,97.9008123792702,81.82590182430708,79.84714836062668,10.220578117519526,90.9838653889354,1,Cotton
37.89320078118263,94.75024877742062,6.174196055154933,37.250235881891385,11.540557408380513,29.118981041301474,21.77830079454167,47.619460735500176,3,Pearl Millet (Bajra)
28.341300567883344,83.65201816805663,4.9160228266668,65.49955633284361,11.757979262821447,77.54503197697774,57.128362530389694,42.12445756128671,3,Pearl Millet (Bajra)
23.969142542103118,84.91663760408989,6.5605513280718215,270.6094804789623,97.50754143682859,70.35848204474863,50.701383130509996,80.59547606947456,0,Paddy (Rice)
32.811479678496724,46.185567847090844,6.275157258774859,212.08678270204948,102.78363347082357,35.66737728281511,9.355941745596645,56.59449364938667,4,Groundnut (Peanut)
34.9626532052507,67.48565592575416,8.401770820705263,89.97248205832915,14.288242348954103,56.82137406541139,5.688980661438725,70.23151626476135,1,Cotton
22.009005789622798,34.37163440787891,5.597978860586125,38.36821418460827,140.51620918711748,18.99101180734104,98.86645448630924,64.80897285258379,8,Red Gram (Arhar)
22.022861190919624,36.169665893408535,8.850304023907986,213.37228746825818,65.8606438330411,47.99362782638035,67.58929653408963,23.454218416742076,8,Red Gram (Arhar)
18.880114246405032,94.92801978216389,8.811621539120232,180.27416327097424,116.37968929183039,88.71374725778588,39.7135824356479,84.34155170548142,5,Soybean
35.673648361575374,51.23155121268421,5.614342393821474,133.2654668483058,67.17462390142957,45.01318108341213,49.69106352800792,27.228209804355984,3,Pearl Millet (Bajra)
33.93130866292332,78.63195428317502,6.066233799647942,121.81120577321788,41.75551982516836,84.7588371151651,30.32226144315726,92.0408286782287,6,Chilli
29.391141017995533,82.43322844674307,8.530000833932483,80.70799726015032,87.3630103337863,61.07406969967097,37.76300945085492,32.05027364514901,3,Pearl Millet (Bajra)
38.260090775260736,85.7715126154699,8.849799994032484,207.49115183050495,54.13193931019514,23.228287744723893,66.65922439048032,74.58152564808928,0,Paddy (Rice)
37.33608367080127,94.84583933114017,6.495475962762198,291.78704778228376,111.61218561464193,60.20509324630016,88.86712089240022,35.0496746274361,3,Pearl Millet (Bajra)
32.04850474552205,45.69727154169641,5.9444867053840404,69.20026883431123,47.77742075443119,53.06841626992103,22.492352192712563,37.96511595564402,3,Pearl Millet (Bajra)
38.838510732318205,32.62280374588048,6.867423059631939,187.19265360434093,106.59713556247914,42.87092684365648,84.83434301160528,37.280163044842865,3,Pearl Millet (Bajra)
22.940189040882437,56.72744866964808,7.5949614286458065,138.77181560887334,39.90191782508484,16.36489175402668,16.547879804235563,75.81451835429533,7,Sugarcane
20.686070865545467,38.455243538881554,5.730635319187409,145.07284208850618,137.48519480229913,44.587323065486835,25.424261240897163,58.99973038130659,5,Soybean
24.47399067640775,31.457682795533582,7.814129285785828,91.16123843578804,153.24816004387057,11.912425742764576,8.531652364716368,87.69981611457975,7,Sugarcane
19.370084546143556,53.42774376419659,4.732458107015884,251.03776518519734,30.974904507487416,14.38305988288137,18.37712689883495,37.04879928995595,8,Red Gram (Arhar)
30.74806867202477,80.94298631989037,4.721825217439874,155.8715691612275,98.88245828709445,44.51207062860802,92.14379881908481,70.8953419409935,0,Paddy (Rice)
40.47853661507908,66.8017449296296,6.238294673154954,172.15363861551396,23.46562312442598,34.011240787004056,48.646680928745965,76.25947677035374,0,Paddy (Rice)
18.94424497604423,50.33056929867301,6.0906293642732425,105.33305558325121,123.65466465298046,92.92671095691122,12.378256868943588,23.330425946636318,5,Soybean
20.930637936240643,72.53223035702678,5.920349469152185,70.90637038674592,60.23681660663262,40.692051511125705,96.17404961370133,45.25186344414338,8,Red Gram (Arhar)
28.852776678802446,45.0811817200727,6.709588932010095,44.05490869678974,110.24864679935449,76.99652159684952,88.50426923707177,52.48793950283618,1,Cotton
40.41300042066972,30.934793994685528,5.9433011204020705,219.95335945897645,108.31759178301533,55.373515004793056,76.69483948247341,41.300490310704944,3,Pearl Millet (Bajra)
25.587746519442014,79.68297011836778,5.365160633106414,74.94559887259958,185.6273257768221,71.88813852102187,93.679915235018,38.34590844528415,6,Chilli
30.17363540852142,70.5433005161606,5.892612970898704,213.22109917286338,114.32581228805735,29.71101838646292,25.912294979397593,70.40495067179249,0,Paddy (Rice)
18.99774861720941,79.54967059256239,8.887069227646057,129.30540489314708,120.76971114647998,94.48097241964126,84.45508283595821,28.996242994034994,5,Soybean
21.560236823090133,32.530971084698265,6.350010376476819,136.4169442771024,86.31409389523225,55.358407206870275,70.5491636536591,72.42638558209933,2,Maize (Corn)
41.679122951012324,84.4127758089924,6.501207495862511,151.36969890597607,190.3251246047352,83.97578677209872,87.6271287089304,92.2838892823843,0,Paddy (Rice)
41.16284871446509,70.26920300235972,7.09445245478013,122.9583822757121,157.66532279352583,39.67934088023078,80.70659874554983,59.7373818636421,1,Cotton
18.11855954242583,66.62069779632161,8.92503345786402,48.17359362232523,64.2270051575399,14.52007815979983,37.91703100179837,63.806212833073715,8,Red Gram (Arhar)
40.843482850157734,70.59991312744455,5.587205743960934,106.69690680079682,170.3998212974841,69.00260653348063,78.56786101663928,16.06607778691984,3,Pearl Millet (Bajra)
33.338878507572005,86.18816104644367,7.565769497395952,205.84562099430275,92.1553084351671,5.737166592055326,29.93334878356458,86.07396751836889,0,Paddy (Rice)
38.83003906848053,68.15087292632896,7.721931120937759,206.41963241128389,167.44675727138284,50.15283277372329,36.21625548766521,35.119405273588164,3,Pearl Millet (Bajra)
28.91375653521262,67.76177469273165,7.232959875568797,100.14280602719842,166.3487329757654,23.316180753313628,15.251043136182734,64.12450256651371,1,Cotton
30.374304685902004,94.39414520927478,4.898602528364898,148.82873543615264,45.88533548494233,64.6006729213594,93.83227851814453,96.1618709375426,6,Chilli
29.732317926166083,79.18746085945692,7.545925241224094,74.16522384334249,143.21681496287962,98.04488794809596,32.64531952302674,62.40422885040709,1,Cotton
34.00474218110651,58.749097354323794,4.78842619966279,78.90418282835401,65.22216416824091,49.118276100461365,54.45913419128792,73.77443489686523,4,Groundnut (Peanut)
21.35163011415151,75.9808050021403,7.182641922974536,26.453184753850074,66.52360729860696,82.66233436993834,42.1766194642883,49.18812640369016,2,Maize (Corn)
18.71936615694427,55.29998065996625,7.828115297497842,271.0890339741685,66.30613460731034,53.2394977603565,96.19317145543265,15.312194229325048,8,Red Gram (Arhar)
25.390318598188582,44.876905061427436,5.4493645077897765,78.99786622097375,147.85796703639016,52.10480295488229,36.82967123915583,80.18874275510139,4,Groundnut (Peanut)
34.91233830567952,68.79537199770436,8.287299033942483,83.70948554220973,53.666947940581856,93.3902318519839,78.96185303515546,13.079898031230739,3,Pearl Millet (Bajra)
22.84448285095076,90.33183637740684,4.636592124898519,98.2884011406369,10.172108696757142,89.54675753093474,86.2645346899621,71.65788894213117,8,Red Gram (Arhar)
34.162378399798015,90.39406880100508,8.297157886462378,55.674260074720124,145.8950021617003,79.65104419285757,46.38261726069176,12.017098437168052,3,Pearl Millet (Bajra)
41.27788910657449,52.223843076856866,6.5714807278924425,198.9936072907816,42.5251013286738,33.14429656509449,40.92632237302847,85.882860818747,0,Paddy (Rice)
20.25361717894604,64.29903530441018,5.4791457296924,41.04002688972424,29.851655108488583,56.77579949377435,76.03585298859966,23.87197115330229,8,Red Gram (Arhar)
34.14245083740303,43.75633340704098,5.102001652472856,57.57667937137808,55.12806291287143,26.270237164040076,91.72511812909224,55.2558915989445,4,Groundnut (Peanut)
28.65000526330971,94.71602211742743,8.789882254120677,200.53188344522601,82.18109924131376,47.17208631442128,76.71851464186264,62.54926199451697,1,Cotton
38.835414105060124,93.77266401141583,4.826995144115205,115.10497373480396,100.42220221990814,51.00024124718011,26.577004731227234,50.26399584886026,5,Soybean
22.251594946737264,72.21808043098407,5.395920389711666,218.22539147633293,18.468307735399854,84.00580381608644,89.38923600658201,39.98718706270208,8,Red Gram (Arhar)
34.62302285342795,82.28691387903578,6.065200563448707,176.07892850763977,194.4089331991985,90.12269470587434,41.82025840649914,51.16765806392551,5,Soybean
38.11476695155464,76.4815104834405,7.291056820325042,91.68592845722365,146.05198014971603,44.3889059276654,59.741794118903755,37.40458634154197,3,Pearl Millet (Bajra)
40.670741267376556,68.55528423756543,6.9516048837424425,202.23182613701186,71.40687241162387,6.681922281957535,83.98638383280755,48.55476654311596,1,Cotton
34.3979526789515,33.46761980427835,5.065395715855413,52.55663048200658,70.5524788842255,86.86851477998869,22.89750290304676,41.5843432078267,3,Pearl Millet (Bajra)
29.932194336202254,59.55968226592297,5.803775926821966,170.19490726240852,95.22308438000728,21.556474457629268,79.52846288936755,59.82602446862879,4,Groundnut (Peanut)
32.82833376482913,73.8611096408817,5.574382969887108,142.40146941260969,128.98651632497626,64.07878656958738,61.635465801514364,30.937326277558547,3,Pearl Millet (Bajra)
38.85371962748924,74.0395549024395,5.460942845206536,95.00460318888342,37.810882651903874,7.372235541242463,89.86745597362278,97.0017768324331,6,Chilli
31.694633919331913,54.25297019745493,6.350149514159941,189.12139936706004,45.89666461534094,42.95311514975361,21.337188175136582,54.07655589763057,2,Maize (Corn)
18.729289432724084,91.20997913277199,7.668141536662456,263.9734058552791,173.29257073837468,98.66622870095823,44.9648125188882,27.086262812476846,5,Soybean
40.34276869216747,40.87820709539076,5.478538194977562,299.6933159336615,58.688435538923784,14.565892104861295,84.12009382234956,51.98187396191997,4,Groundnut (Peanut)
34.54864202475747,62.52336400401144,6.150054958663416,190.17357524815887,82.23704961528372,45.25084943996602,6.827011828392217,86.24453139818453,0,Paddy (Rice)
34.236321258653916,74.90745847580348,6.25912842078523,133.31764481216766,175.54165168052225,34.179245268045456,15.659129842736071,11.918997794946812,3,Pearl Millet (Bajra)
23.176203657545212,75.3138273829676,8.894054382459345,83.05798806053645,135.9980875859663,90.9833717218851,99.1036952118898,69.80076248144141,8,Red Gram (Arhar)
33.813251285583775,72.161532189973,8.795998605955809,91.98690503063129,74.92525707492078,87.58731025119874,31.637446966083303,58.221166117865664,1,Cotton
27.452745735699803,47.89373387437091,8.100619122384341,154.24739388193439,139.90291368767794,27.581382229091737,97.67660340377557,24.921103504571924,5,Soybean
33.62959144899581,40.15342696463043,5.587465143686333,122.83775635859858,13.739810922468605,12.71283976979096,22.340497345824023,81.93792665883302,4,Groundnut (Peanut)
20.558232727391776,71.33612124373622,4.806167913412514,275.8680663349844,149.77210540215938,64.57814743580616,39.303972085696884,42.461846768912494,5,Soybean
33.78828731047287,68.95463754906345,5.926068619742812,123.12273094359867,102.5330476980855,36.95502762895242,76.52259722783921,35.85457853576465,3,Pearl Millet (Bajra)
41.985929418496,41.65814066880066,5.700575472452239,124.56448552072193,164.50460798404765,68.848017107576,67.48894868762696,82.87501688340728,4,Groundnut (Peanut)
19.157088932653345,75.83404446208661,6.7766661006587725,127.38966348151355,191.38115388122898,8.051376826442375,60.20662799326028,66.19020406486649,5,Soybean
41.45218042131162,59.58617946268767,7.999775595305069,254.25365890294427,185.89982440396798,17.672927341861495,55.34042170147572,89.04679936338455,0,Paddy (Rice)
27.765791057348896,73.40443845420495,8.362453224954862,202.22072983713252,182.76035825651473,70.20536211340112,85.12684214815032,65.42976592306555,1,Cotton
38.898082808094216,84.42886018505979,8.301888384347288,191.96727808928995,107.31229162743855,25.17521225373729,27.32011346917231,75.19195389802614,0,Paddy (Rice)
36.77725161739856,41.03234785750001,6.118540025503805,113.56004626748141,78.42700168639823,86.47082919742815,47.03473806438425,83.60723887084593,4,Groundnut (Peanut)
31.60839026368003,31.244416419794383,7.592554545573073,249.01316951308303,98.35671169882782,10.566134332462866,19.76796775486344,14.81708796007445,3,Pearl Millet (Bajra)
35.72278102203184,80.64166811572613,5.90775388885899,30.74188117959632,141.08024062953854,25.470788364629588,61.61445159441691,78.29230838050546,6,Chilli
39.084373471232354,69.63033263492004,4.774074944558322,263.82320825467167,177.95957760552548,99.86322360608152,28.801720305775415,64.00617040276276,4,Groundnut (Peanut)
27.699367719624792,75.47657202543792,7.657043695213241,163.5699719423003,49.32739757002272,46.1422297457453,36.71499611262165,16.116686093337005,6,Chilli
25.84879587751773,84.48007337426176,4.544223986564045,131.51006576175558,184.45670010772358,71.78173803674113,49.768818079235174,54.75485712444693,5,Soybean
34.02224125352603,82.18271076359252,6.341321643563198,159.20683860095198,164.88424407427894,22.3529896414163,7.543205641797146,17.25631086258794,3,Pearl Millet (Bajra)
37.3883026065902,92.4598095503736,5.982206711859341,206.8763485494727,195.98264288386457,62.937529823626086,13.734103912479577,74.76335375164356,0,Paddy (Rice)
36.294843234638776,64.83578012538769,7.620198923334836,23.57431942501126,177.24783692352057,73.98007649509475,70.16327596728087,58.09215082301371,1,Cotton
37.14752757260723,61.75221612289385,7.948104627421705,264.03451980830937,63.18809264146226,34.8752804073185,45.75214816816319,93.91447129228217,0,Paddy (Rice)
28.453999555510393,56.122667992897455,5.868425861870778,145.08706708719,30.131623155369063,83.74522563770839,87.15507108999006,26.115912698315746,3,Pearl Millet (Bajra)
37.62802118820052,39.9899177848733,8.152321565001841,116.0306255160219,31.325803678401837,62.32466995486691,70.99384034619895,63.330943821793305,1,Cotton
20.8850173288946,67.21947013733146,5.822625422272202,58.708758377535986,65.33243052987245,41.96668591342787,5.769589456495632,28.619227842203237,8,Red Gram (Arhar)
31.067738351060388,48.00581408118862,6.508468619939526,143.0503048203638,126.69490755706245,57.97602736760006,63.58767142287781,64.03771865601105,1,Cotton
18.138207851954917,89.8849882938434,7.771583371563603,158.97037595962607,162.82086195846279,59.79228050641281,13.90386227567306,73.59317380775536,5,Soybean
25.790059917606488,67.90740227801135,7.6181410315115485,133.02107445817379,180.8575583264973,20.72585280591727,79.18865208009696,73.56278098099939,1,Cotton
26.795076836913548,68.53461173302716,8.9431581254049,210.02482627153117,128.51314303015423,43.259575137361786,99.19323038645769,81.72651118006966,0,Paddy (Rice)
27.50814459862213,53.07010295700565,5.513224608971694,137.85102805258327,11.06994942213021,37.62590586185185,55.46388545294359,85.11242006033187,4,Groundnut (Peanut)
34.69121296055669,33.37930787855099,7.480430610928121,289.19692179704055,45.400187538521365,43.08575864501697,69.86405251844238,16.79991191151158,3,Pearl Millet (Bajra)
27.3253944304883,32.06334474924426,7.243568587240999,187.79770499060572,28.94797873213991,77.3055059060995,27.544845285001397,40.20750982237156,1,Cotton
28.768646942940734,57.51678436995783,8.617943045205134,246.0938219825345,79.0316503581119,50.8411487093339,46.57178565661039,70.4667817916629,0,Paddy (Rice)
23.70105914098386,35.49674957632046,5.203629637401938,50.61965287065408,105.25668879041173,94.33003455773012,86.32905656245644,53.875593290426664,8,Red Gram (Arhar)
26.958042999104162,69.44505211010905,7.883091736141198,131.24156202485358,18.24546392992656,32.89925926905144,20.905180035893864,26.77948331442165,6,Chilli
23.454471054315636,87.26324536657773,7.0572087732094575,114.31735640520276,76.21081540117451,44.49183993706826,30.2258825333074,58.63844217466942,2,Maize (Corn)
19.756702170442647,87.38946307371694,5.735996414045575,179.4550686782457,44.04413817881129,79.76089699550893,47.316199152172864,45.854337443420654,8,Red Gram (Arhar)
32.48276624115307,72.8379516585951,6.634957113662283,261.1117856171992,132.94333158918604,56.87233636547128,72.66364472518133,44.32336843357885,1,Cotton
34.03710716532039,43.730069045740514,6.00199468681409,41.93470097336187,98.2117501716246,56.96767391032254,40.70897570558901,81.25832713433842,4,Groundnut (Peanut)
32.86776830423075,86.09479403832668,7.106910312548074,40.32094345251902,104.11035291744267,10.067315485492434,93.13456657938536,45.86865337723195,1,Cotton
29.123857051213736,87.59607329535854,8.500502748665998,258.08895828412767,91.26143972635761,42.866967958253305,13.973419870528321,12.327996482277326,3,Pearl Millet (Bajra)
27.114858724301516,42.78248302194231,7.061872429854909,79.59802409074007,191.64374499244772,30.719704580064587,40.22639876676051,15.109573822416031,2,Maize (Corn)
38.72000758972381,77.93269557509402,7.342750882469629,207.25091124594783,50.79967377309701,99.93683666895596,72.35064172570009,85.34947566886258,0,Paddy (Rice)
30.457962843269232,48.62377068026299,6.8343653120161925,172.00587706102544,108.16620937033612,34.29373171006948,26.468742737841783,94.53287128110188,0,Paddy (Rice)
29.50036506311354,82.17162030294043,4.730244779004641,253.21020656842424,149.84329998941382,89.02717080541703,67.35924775181894,70.58002160810227,0,Paddy (Rice)
18.615409579354456,94.82046349373418,5.547863505942424,55.024894754192985,115.8004384955669,69.24220482884536,20.600611031597865,42.064409880807055,8,Red Gram (Arhar)
26.189947863027754,31.951690346410533,6.714007782444373,56.339230402331154,186.5139682861922,37.38705887324859,10.318127061860206,92.59682778993601,1,Cotton
27.12469485086057,88.32878127641058,5.896058776851172,175.90914087792612,81.813987571844,56.63576594554175,16.496493091121643,68.32667160106476,5,Soybean
27.57174674152561,70.47098468391277,5.317936189925374,284.98602294034384,98.09840309690382,84.85090859517341,93.34855439774279,84.30135232954171,0,Paddy (Rice)
31.924136861455974,93.26987024571338,6.768597788632972,136.1993723438112,26.8192398907984,88.91998831293662,57.41633387925737,77.39500275525683,1,Cotton
30.806461121445082,60.2256186392178,5.952644070515326,111.54378807131458,125.70983109986642,20.237418125583794,80.65284867056666,43.36425978798813,3,Pearl Millet (Bajra)
32.58972222704267,85.0802154871393,5.661484394280366,189.87301049540804,64.76027400514015,37.25944841477612,36.60217758597987,52.12579367486913,6,Chilli
36.35719827701108,34.05561445888802,6.587934378481714,280.5256081526087,40.458717507958085,36.846202120289306,61.30257154911743,26.379629584392756,3,Pearl Millet (Bajra)
37.51165772918624,51.79313825508922,5.09977916136978,254.33979319649464,113.46094565185653,8.994255627214745,52.0204527019742,35.697240838784595,3,Pearl Millet (Bajra)
35.23495382943587,34.356074953828646,8.674855798839333,298.73541100530156,111.13895004218301,61.83258718593017,94.84510614321793,78.47505819321391,0,Paddy (Rice)
40.93256870291843,93.39730367613959,8.404659440636575,26.319203296665584,24.415611832569034,86.20790503425786,76.01959042514048,88.67009848571352,1,Cotton
18.43758198423268,83.10330397266938,7.684292635832409,51.600280519573424,142.66093616394983,41.24956684342419,74.401549992175,73.75251724612424,8,Red Gram (Arhar)
22.698671656405107,85.41558238098808,4.977962224148053,190.65097374265417,128.51671622366206,75.30341477349681,9.403560596256556,50.93528530578417,5,Soybean
18.18150899947541,90.96774004320312,7.9914476451136185,249.76140301347792,45.91328372183447,64.6315392920703,57.21861855535065,17.612815666697784,8,Red Gram (Arhar)
33.53939313971047,35.53172659778605,8.135807976490586,99.86841584589463,99.19262380926833,40.68662987183508,49.36418812067241,15.011419485463442,3,Pearl Millet (Bajra)
39.552733174799684,55.06384351336667,7.954940779714519,86.97910464958125,146.8613541309264,18.400680951768223,93.14501532758848,42.940649685931135,1,Cotton
23.843575117831183,34.617267787860136,5.012846492036585,240.35322382673624,110.59279070284254,72.38576601371689,29.447488878005565,50.81631125155435,5,Soybean
40.24882907511136,43.701551600751856,7.397585806804941,35.786919078904845,85.14292447487834,86.18369104941785,30.63417806265396,63.60261475477012,1,Cotton
19.44641736694946,44.9087755074487,8.254461580872293,123.42714132312383,71.2443070353793,70.15617677814173,44.077893643742534,10.571077882055754,8,Red Gram (Arhar)
40.426464643332345,60.491968718092615,7.098090305488505,161.62658232585233,125.97483466237018,6.698455983307716,28.120122773605722,97.09561436103496,0,Paddy (Rice)
26.438944493751226,47.45654088448677,7.4088331885264,176.89762881809057,188.4306526789457,25.54212496714417,17.272472191831202,42.02662173955578,1,Cotton
20.434099882781197,36.56357694315447,6.562635657418378,224.01224390197754,137.63151969072186,11.600598563935531,86.45441043182608,84.63233041449868,2,Maize (Corn)
29.660922220471814,40.886920791117,6.879182939478237,119.3568025605843,24.201721690899944,59.18667945974154,58.036269818372006,57.07707009855559,1,Cotton
24.16263762529219,39.57291163088591,4.654695862582764,191.55161650889002,97.53014496160542,76.86537948983917,86.82945830087385,21.47867199893449,4,Groundnut (Peanut)
24.836949647086147,93.24999186429939,7.375333598879781,183.9051183814678,179.25658498701924,15.505022771522647,83.95780271335111,80.18576862303793,0,Paddy (Rice)
25.37495915823088,79.35401294970077,4.866512458010217,173.33250818304919,27.947860902206507,84.6420929563716,31.794023705018756,72.46478259294909,0,Paddy (Rice)
37.272621547983924,92.90449524252153,6.457565674531005,199.3353220798194,197.88638530613323,57.773352947570906,57.03505721080602,56.41437547377206,5,Soybean
30.93987064020611,58.583131623014054,5.816947939503335,92.64576789906137,190.32318479263006,70.54705615346387,12.905681760306694,55.28067203737264,4,Groundnut (Peanut)
25.47138477974409,48.093951308072675,6.954425775952709,43.701651003696114,24.872151338676414,97.28317561782139,91.94892898292206,17.698205306081668,2,Maize (Corn)
32.64801079946204,81.88905781859714,5.100373509854432,53.39606817112816,187.34853088541544,12.949693883531246,43.40495793118954,67.71470747450093,6,Chilli
35.187616181356645,51.20650467267454,7.612395308879932,82.88306714309229,78.99519214929782,90.61628218288998,42.39923746945703,90.18957370637838,1,Cotton
24.54297601760481,49.45991929084764,8.077551916178116,160.05542194637988,170.4947417444139,16.979756118803884,33.76176020870555,18.205552891479535,5,Soybean
27.925178436608437,45.11288949350903,5.235095023844204,255.32397015288564,89.49283416552159,42.33108663048481,48.763055747516866,33.18900765710363,4,Groundnut (Peanut)
20.925266240086742,38.4291335845753,4.96940889308347,216.36213578474755,93.76247141347801,85.88667615145586,28.917141721817565,89.40310166290469,5,Soybean
22.347584388832328,46.67009896608979,5.154819672543116,240.93136917657318,130.5061872857331,91.09415249009749,40.61096591569643,35.02226406414181,5,Soybean
34.346828495159585,53.0957836508027,8.447074028543257,118.27317469930559,157.15070966243684,53.105308986788806,80.99496961556378,67.54704315183352,1,Cotton
22.354520344695047,73.80962352947247,6.876851677903603,133.30304766159406,16.419938680167242,61.43994063616539,84.25427284059133,57.06399851499668,2,Maize (Corn)
30.603921208009446,34.06671474426435,6.602674482033762,130.23092807737157,122.6996391501555,72.27399678686294,33.89733537470903,62.47682924033986,1,Cotton
35.01711028133838,43.68295107824729,4.980203185960594,73.72449163326043,45.479268878500484,84.11207350300785,49.55637090251485,46.58942333879828,3,Pearl Millet (Bajra)
20.56504615427385,82.58653661895897,7.4230020304063284,37.14066428020017,75.73040839400856,16.543561106078286,88.01287874660497,36.399249408726575,2,Maize (Corn)
31.615493271093683,39.5499250329451,8.405998163527904,185.4565059916235,76.11404656949114,81.95658428177663,10.003966523821227,14.270943664210868,3,Pearl Millet (Bajra)
24.15750680883273,52.2719345239639,8.226836411955539,296.9806713577641,99.12146464201919,50.72123429860359,89.46877138959961,75.49672265788645,0,Paddy (Rice)
41.11024500570191,86.2028299207791,7.317246190413606,66.7123173860736,73.48591825647294,47.80922538527606,25.822512836971512,75.65622467309196,1,Cotton
29.605095521278194,40.070145224323774,4.838754224932531,33.07174957179665,30.398612505626875,45.270476439714834,69.46122820036571,69.02386512692765,4,Groundnut (Peanut)
37.34382119460379,35.377894315182346,5.005786622292058,238.26887091070122,37.66946031983578,53.37510059837405,60.342411156537025,66.63977335452661,4,Groundnut (Peanut)
31.205437011750284,61.494969680200704,4.721890441994211,90.72408187172277,16.35321725660856,94.77980257248734,57.52937107797895,31.44710763074231,3,Pearl Millet (Bajra)
19.04190078851566,49.657268233104865,5.658656474216112,252.30026549881995,99.34732621246332,57.079358415254404,86.63922135151803,11.966354171433625,5,Soybean
33.195633014256536,66.62154369145051,5.1104766022217,217.1022667696643,191.34506202206782,95.55186613499822,14.64935364624282,81.16695492591869,0,Paddy (Rice)
40.83368021295977,82.24731788142589,5.670216181135952,284.7885903742253,31.978292493142146,22.127562408485854,37.96766240593542,53.22019114123277,6,Chilli
32.43868368351195,38.91465172992831,6.232761250735328,134.49962601186814,189.79025367058557,73.79291798910015,56.134010902752735,37.00175550183042,3,Pearl Millet (Bajra)
37.66053262624297,67.74544049602852,8.74342252832011,205.35155504617757,149.33868779909778,82.16275616783098,82.07244112487378,18.970007796690165,3,Pearl Millet (Bajra)
39.220955120361786,62.85806942534116,7.246692269017615,150.15933862771578,131.12477255749099,69.51723897681188,25.562092924108793,15.519499999322178,3,Pearl Millet (Bajra)
23.47391452677438,39.36512109085797,8.25738203557333,196.5648352463922,132.60277351147695,62.657616621521335,81.27833493055624,40.7002715179756,5,Soybean
23.08907615779744,70.55990155938386,7.6965817532054945,145.88769368216646,167.0782531952936,58.657214203187316,42.965655836923894,80.81686169949077,5,Soybean
32.663543732423804,47.78662716095016,5.006264087369843,72.81702899874095,30.314774232166062,86.78839584497612,22.946816361201062,90.84768994137708,4,Groundnut (Peanut)
27.864683275360914,61.70923070536081,7.81164182868277,162.21127648094665,105.90332147745293,83.0564267306275,77.10371184213085,88.91412008594969,0,Paddy (Rice)
38.15667126880129,35.347701078009024,5.73794496701606,168.00357640248384,142.44731626954413,16.617428512156955,13.635395640082043,90.96007345796963,0,Paddy (Rice)
39.60055496155227,59.8729637188855,7.375985311476178,246.9690775128451,121.4958845639771,85.61582741793342,53.90290053716708,89.87983019538216,0,Paddy (Rice)
26.482113103265235,49.92012542278332,6.034328881393448,225.94579762220275,168.22802349442597,44.33651884684203,11.068199466879399,56.395778140834835,2,Maize (Corn)
23.68489341538757,83.45477872704802,8.989525184690965,205.86165470360436,23.731624712156783,29.101198849602024,38.859696239989816,29.308576193007536,8,Red Gram (Arhar)
36.73261236585269,33.70361725482894,5.6859816577355,51.748386754720315,141.23319750484154,87.62801396132296,62.1022959056073,80.2280992896402,4,Groundnut (Peanut)
24.595344853155268,57.209472869691446,5.7560871184842135,221.77256138584022,111.46526877309637,46.04235596520545,57.830976441285245,28.80674178702695,4,Groundnut (Peanut)
37.742743644328286,59.798042568543465,8.688025150030793,160.08544377926412,82.04056415618925,81.79464556679758,43.44226470094332,33.51424035457808,3,Pearl Millet (Bajra)
28.16971808757031,77.12539495944272,4.610899820863452,270.34787010972457,74.65224662446586,30.023343135805227,45.75955942735099,30.526380320384263,3,Pearl Millet (Bajra)
34.02119758299529,67.32869238086371,7.635100445429385,277.56386155655196,127.95820022709664,5.373285535110691,26.54310756832282,55.31845152523091,1,Cotton
20.292847532032035,73.36880191762177,7.763968758311451,35.44384536849993,179.28912118241033,52.06862332577972,48.308845900289775,38.320820718879034,8,Red Gram (Arhar)
32.972623792237755,80.50820356736415,8.263703598346797,249.77963689925406,104.2734259592119,14.521684381074005,95.55921129347925,23.565732367030048,3,Pearl Millet (Bajra)
28.842424289693497,86.04319328778227,8.88497689787314,30.555269318347772,166.69740117461484,76.66571577486641,85.79302718946009,49.87926024666165,1,Cotton
32.07860311621138,50.40190728696058,8.890208636204935,122.80749519460635,86.40971255035383,31.227137926593986,18.79712256225266,86.90383701309469,1,Cotton
22.032340985876722,64.97147584865368,4.793745409049087,171.84399317390216,29.454947930703543,47.146336427330475,7.829174795487488,60.20865123559756,8,Red Gram (Arhar)
35.68496987866037,84.607025098548,8.198276952388062,61.46822361559568,21.686089927141325,13.268188683697653,93.68480970807991,87.29353331810766,1,Cotton
38.70712986103749,94.31432351272866,7.408394701458215,228.9678675193415,19.75353055149874,32.232628602489,55.04122623867102,27.23675228696409,3,Pearl Millet (Bajra)
23.201755202178617,87.8187552178446,7.413039604678911,22.3393171681988,82.2285269719573,79.24157310956434,56.09459319918423,24.693700883184754,2,Maize (Corn)
20.297149332483883,54.14537207058449,5.077574669766126,67.20773356153032,74.07517265880999,19.400851630720346,79.16820959211962,60.65078706146098,8,Red Gram (Arhar)
18.567326065112074,42.68582361921228,7.42584224900544,182.6231123589732,146.4080344882882,66.48015830706095,34.89545251777602,50.772943336072025,5,Soybean
33.40731601063838,61.810514931428266,8.921171612705615,220.02851737044188,151.1360853011245,92.1554560164276,50.78121903942021,68.09519246493221,1,Cotton
32.570256866130734,78.20669436934276,8.603183562927512,276.6600687542965,19.66225407841057,69.58449217698343,97.02297674894007,79.92715761035677,0,Paddy (Rice)
31.12073790513768,62.016989598964344,6.476087973621827,217.53906254169468,52.01341994891284,82.04706048276155,68.85412525857868,76.11504201739153,0,Paddy (Rice)
23.56673030678341,61.406756115388454,4.679765879787425,208.09819567136248,62.10975153019094,15.352304783872,19.605778039599663,92.91898328195337,0,Paddy (Rice)
27.381743901732353,84.48497737031704,6.130320705000922,130.415520978186,114.0462769871338,28.819523470195172,17.65654105851356,45.04656400581702,2,Maize (Corn)
32.26743204446815,53.49124563936711,8.218756402202498,20.359639147504396,37.45789254232055,89.98119096285615,24.405152041635514,28.162033317839906,3,Pearl Millet (Bajra)
29.922404612620063,85.88665386275696,7.656745956593247,53.64459244597414,35.44883168600007,72.93503329371848,77.83760906996817,58.48031231541395,1,Cotton
41.7068524851573,56.442312061862026,6.567046450172803,169.67527253169095,189.31988894951203,65.75761350584456,33.06081536485853,19.74539457682433,3,Pearl Millet (Bajra)
21.274554061361595,51.33515186909206,4.74795690821474,209.03636803643752,162.7985523865784,68.0578399315615,7.031940434132579,35.41889885318356,5,Soybean
34.68346929714225,59.509344227980435,6.421026275204862,136.88551949100952,44.32443139732236,44.349052658941126,94.69656453303787,28.294148863156714,3,Pearl Millet (Bajra)
27.70365043450301,79.55905231386646,6.610612228730476,224.59012322794925,87.24788350204328,9.232880003677057,21.122774557516514,44.89760707814312,1,Cotton
28.276790758214755,38.19013181115963,8.678499898023611,166.12144269301007,77.56817985893746,79.52194649671925,5.908027684066515,19.787058600194953,3,Pearl Millet (Bajra)
35.22234637579623,42.76724903168113,7.384887466119718,40.76933476640742,160.29077407242738,69.47775744045862,27.527502226415685,12.80207352023261,3,Pearl Millet (Bajra)
34.61846763178487,91.84391366810098,5.90243812494592,73.76455027102567,106.9404541308432,49.916424090708844,27.3277347762227,67.7978724074428,6,Chilli
41.79014384885252,41.40695577978823,6.863932190028246,255.19950250830402,34.29145002875873,90.47716345998445,45.09049883034369,63.701910089502825,1,Cotton
21.081462946899006,66.90227566551854,4.79724888519972,222.97556905484305,150.40849199968633,36.93516817358439,92.4370339925035,72.33558637140219,5,Soybean
20.498631585219993,67.65544033302596,8.876557060423815,270.53335636349857,85.4087158627346,32.96056570196741,88.5225671890143,68.11400674387826,5,Soybean
35.384131611089785,61.82559003326591,6.120269558688268,52.91602975386224,59.95560705010794,87.91565088254707,48.404982723330654,20.05793194052975,3,Pearl Millet (Bajra)
31.88128600815382,71.9084411574932,6.650403097109111,297.2623096922207,81.34473818393683,80.71382720210362,44.03549097422162,35.614941561056874,2,Maize (Corn)
24.57985599743534,44.938737176845194,6.098777884066152,78.63387990598142,104.5737470853103,53.923082011592754,57.72586321511087,21.39834167123101,2,Maize (Corn)
19.90606485573568,65.92304740548863,7.571302785522901,23.298365360259762,75.1919481192318,17.419800248495747,28.128131137317745,84.18157138027355,8,Red Gram (Arhar)
20.055797990314332,54.19126159104832,7.480044712483169,299.27842293499515,55.96209679243399,25.431789789179984,9.957574236804469,75.72752167128604,2,Maize (Corn)
39.46058099193884,73.0083718758973,7.718950397381111,98.70068792463168,85.71538547275627,67.34165908883662,94.22629293626464,27.734376256805334,3,Pearl Millet (Bajra)
22.60481579324983,39.17953031925472,5.706644533253644,207.04544670351677,13.642853042480667,41.578917594839105,22.73640356333141,40.03521316311062,8,Red Gram (Arhar)
25.7609174907725,67.10703209456597,5.920508165238297,69.47104796936546,156.77459075829964,84.46495320826726,23.848069278343058,95.06211931925085,4,Groundnut (Peanut)
23.439753653447713,42.04257309991604,5.0636305399329355,182.4639890157597,42.4795297778413,95.24572588655938,49.88373124112503,62.28602349340933,8,Red Gram (Arhar)
26.519911339966495,48.11179910247736,7.449794873307507,273.1297962072766,18.341876589821076,81.53550790111723,51.70326775983142,80.50169256250184,0,Paddy (Rice)
19.66617222590624,44.21613702103291,4.679087073010437,109.6507268799628,134.20275165196506,40.86681518457793,6.751249921570484,33.284011059648165,5,Soybean
30.45743498179849,41.884455691473114,7.189570509855566,207.67111329242059,157.04786447649772,79.92521077698528,19.055700183527215,28.484656975778858,2,Maize (Corn)
19.622701526213156,83.67121185144336,8.413631481832352,72.61300486355663,164.6275350026402,38.386958979714926,40.92470776327046,78.98468973849626,8,Red Gram (Arhar)
37.208556187736676,48.57099189795787,8.50874466730335,194.94271164124308,103.76674470551399,20.87450833773522,69.95441588350121,70.35677606036674,0,Paddy (Rice)
23.609089965850394,90.26304582118921,6.520669921664828,114.20609850890284,49.01995509109721,8.172354462256452,26.699753399033906,69.9260577706352,2,Maize (Corn)
30.960285950508254,93.04522414743741,6.566866596958832,79.13831240462648,150.0732586774671,41.643087712296904,45.18637239296745,58.631843200969065,1,Cotton
39.121898101475,67.13193054591133,4.846361323536078,107.69097419701784,142.94548465932405,90.83813385124178,57.94778114806435,59.594894164336296,4,Groundnut (Peanut)
33.62105685713266,39.29507297327221,7.518442614493661,70.07549918218382,56.791439479602914,27.703725836789268,89.41628698921275,74.74138046695033,1,Cotton
30.790986877232047,54.34563581967278,8.195667391677805,272.5365101946072,181.64747361393066,24.61875066832948,35.97669772107672,33.76021833866518,3,Pearl Millet (Bajra)
25.784010074769014,81.8525971176339,5.600947745721209,131.2123281687961,29.83057703573751,97.13297459789884,17.688035257030933,41.0436249954121,6,Chilli
25.99204591339675,53.88039736530958,6.395853967350141,88.67820539282286,196.7107655223519,7.3753907208062515,51.48086146027278,86.70403580576485,2,Maize (Corn)
34.067686924756565,35.65611918968127,8.274777015443716,145.55419548446122,173.44708408571827,79.64930428740666,75.9385521599859,37.18013768906988,3,Pearl Millet (Bajra)
41.85934466930802,66.19101921033221,8.447042104480296,109.75012670581876,140.70074264102428,35.53014579538268,15.436676920009676,58.075242281378316,1,Cotton
33.88414055638509,84.93285534724225,5.594309911189017,228.43739106773128,188.36247877316825,8.561355902617636,45.34493171121124,71.8322728325882,0,Paddy (Rice)
31.386802016880598,81.73521516432766,6.9775678554361384,291.94157532793844,147.23912198150447,92.19124131991045,6.689588419935926,97.99338476131953,0,Paddy (Rice)
35.5356122457419,41.38300410847296,5.366219177861222,142.6494238753411,46.186829435708724,18.26602136991044,8.188122256488857,48.30563717158921,3,Pearl Millet (Bajra)
29.164934694809237,73.72969993681033,4.958454438628005,261.0893519922273,94.00966624143423,57.419031953941065,50.88056950558323,47.67217314299505,3,Pearl Millet (Bajra)
19.443416222418847,44.33277712331706,8.600042256263809,178.44166059669345,23.585574623010718,31.03514970580704,33.3287433243383,84.14777739016274,8,Red Gram (Arhar)
31.495123581069834,44.183489745891194,8.192283769044492,64.02598622638537,84.03491023474193,11.19331620754565,85.28519340551415,80.88427379086797,1,Cotton
40.98300682812912,86.81466526483703,7.920157058114283,213.37436778277564,150.90457375006966,9.742636138021012,62.20465908201316,74.33467759264028,0,Paddy (Rice)
22.20727061658383,46.22848192811496,4.719448434659132,163.76165919522964,83.4242366768553,15.977886389452184,48.12363136558408,50.76420809199454,5,Soybean
34.56011737969598,47.11107752367073,8.296779567196158,202.16982651058896,72.75589333894548,11.779866319491106,43.753860250158155,38.50664257414299,3,Pearl Millet (Bajra)
22.822408527817355,30.042470399484472,6.471198341574227,269.1124755200662,123.11758727695926,77.25302097439268,52.23832061800851,63.56828246746668,2,Maize (Corn)
30.85986442735395,86.59348721815866,6.040778054831368,143.3216797836929,175.71886050979006,51.128789216925774,8.841688965202827,87.10764979558441,2,Maize (Corn)
20.320234791521273,81.51866285859376,6.959143624614194,272.32973450085956,19.04080658376136,37.57474867815307,89.81536885996269,87.77241632235561,2,Maize (Corn)
28.808902470196443,70.77638078089407,4.911089592256001,230.18732399886338,83.23938259294972,44.74504646254068,99.83879979472604,19.54785436619858,3,Pearl Millet (Bajra)
36.147919893485906,78.76727465602474,7.904909472085794,156.80937924583574,40.065740944899915,93.24993987939921,22.241276861576374,47.69482497555726,1,Cotton
26.341716581735568,39.88315688259197,7.1209578459973315,188.90219798422982,142.11730763905524,91.52142221012399,16.436381653588874,50.89553214548995,1,Cotton
33.957881387693234,59.7910336481924,5.339655435929254,111.1627171053232,30.087666481915626,72.98926561164481,18.639859027616545,96.03015234209029,4,Groundnut (Peanut)
37.0907990589535,52.82926017767076,5.347044898960705,295.4072439268568,136.31347413024645,89.04482585506034,67.79757053226487,69.66382534134743,4,Groundnut (Peanut)
40.252267667506864,36.09547420670607,5.329118932077034,206.85832565411087,64.37436545160239,35.366562620824354,67.8368796528236,45.83768471906221,3,Pearl Millet (Bajra)
23.631409964530885,61.59848153897006,4.756510743983703,32.27711869905637,47.794194610072694,41.20538597078687,85.55279541644904,12.293093966732183,8,Red Gram (Arhar)
27.583581979423396,89.8480772722713,7.145093022172581,111.45413360944245,187.90698598674723,63.30265727615166,76.42350690049406,59.75389408872924,1,Cotton
21.65798431993002,32.60384273829514,8.281566799148287,194.5280414525361,13.519669581731614,64.24446499324009,47.72051897008728,18.454685856175338,8,Red Gram (Arhar)
41.81960405180101,48.9449593770966,4.578741962943249,35.77331778378714,93.1776816590181,50.76148461117239,63.22125934870529,83.43159624660315,4,Groundnut (Peanut)
40.24802323018309,43.490160853370725,4.720520902370731,26.687573569359976,14.109128567740818,43.06249560160556,70.38704368496074,76.22164213019187,4,Groundnut (Peanut)
30.95897112673343,45.47953248827026,7.077466245091256,146.00678706778473,101.88267913982251,98.68712960282603,53.709964677096394,50.52480607191973,1,Cotton
38.208799065034114,89.04824587215938,8.187730584237237,113.15325031394761,105.19900178093945,83.00674448118382,50.186843522905484,47.770548599669574,1,Cotton
30.502991454529013,60.42448852522886,5.970325007558851,142.72361024928645,71.11586956500193,46.323118799364295,66.28425733605206,88.96582897005165,4,Groundnut (Peanut)
32.96605651206623,60.30946184108822,6.07326479463475,93.55412676640145,35.1107377297545,74.09278533775901,57.96008215268711,35.3843348367953,3,Pearl Millet (Bajra)
20.138986370784398,79.43741675959335,7.183559238735492,66.12096914403466,81.5136321695503,30.60836085898365,66.17451900691148,31.91375666539583,2,Maize (Corn)
36.12649009192339,40.041993260320176,5.733958001058662,212.96013995449457,137.72995858718753,14.516085992546339,63.22120352651957,92.64937408866706,0,Paddy (Rice)
21.065123607245635,61.6722480165033,4.619737647349579,164.07991255498413,158.65520364244725,38.48094742751036,73.32367324879719,81.21363363430648,5,Soybean
37.82562312606068,57.94903891786888,7.8085283314571825,76.04317914982272,110.84261445374705,43.28241601172245,66.06633333437323,82.21505218991312,1,Cotton
36.76867410408926,68.79919488553264,7.315424608236539,109.48503935279953,122.06853494355356,6.571026833263726,54.37553621154039,27.177055656281446,3,Pearl Millet (Bajra)
35.00987274583143,94.97125071127851,7.113401995750467,185.70621414573125,48.11711051368401,82.40524015541013,69.77069707201672,22.610047245922228,3,Pearl Millet (Bajra)
18.86784913259429,80.01417811533307,7.837578580463203,40.2242175162938,64.59276331325339,39.12337322697224,47.700786692615665,12.290600383907872,8,Red Gram (Arhar)
25.27508054268789,55.86127069613276,7.538538769029168,61.28684259453027,40.7601659099481,60.13972574911397,27.958766467397098,30.859652784843842,8,Red Gram (Arhar)
24.314701677860228,83.79094839781305,5.426468946802445,40.508769150069234,57.36611650087615,12.026502790740818,5.1347309127219685,78.12876327086057,7,Sugarcane
26.64327377931646,41.09604361531121,6.08616471124508,247.44885315995327,52.728488242851036,21.62469873130548,58.196593978855105,31.12338085124518,2,Maize (Corn)
20.103425922332125,31.980139610082407,5.0674956375538125,230.6745852993626,108.69526941433514,89.52090390611819,61.11224652782089,74.1610889563491,5,Soybean
40.486987752745506,43.28914421017775,5.084356560380464,230.927620926192,116.91086360023859,62.825315148866075,97.34465165369286,32.167927352333095,3,Pearl Millet (Bajra)
31.29125377709703,52.12675114742687,7.542880858604427,220.57109617328786,189.54000995608587,95.27698476619612,39.34044173895618,44.785739819659106,1,Cotton
25.332583455792566,63.18774923487139,8.363700481421242,207.42791862756337,47.15842294928938,99.88125326717511,42.44265806868962,96.51828151220394,0,Paddy (Rice)
27.527556409782804,69.98339413517799,8.832296627375126,153.557736305889,131.91838493068423,40.326710956643964,24.170960227508072,31.54343235300393,5,Soybean
28.732860972116057,89.18937161893741,7.327562028972499,199.83788578199218,165.27926110762934,33.38629108791109,11.70075804754558,43.12061520224755,1,Cotton
32.41426400065481,63.14051062077975,5.328455955124307,30.7412353406329,116.44587811877997,86.54382524011419,78.41642682186536,36.4956718809388,3,Pearl Millet (Bajra)
30.376306264715947,62.58291690067241,4.975426554520189,194.01003834389968,58.45069397520439,99.86808556855814,28.719701112235878,19.6469987970402,3,Pearl Millet (Bajra)
40.065407357146015,33.26579563849384,8.15782937191541,237.8057575503256,59.88454370380004,64.81591725208344,62.845961797853604,53.110684507512595,1,Cotton
29.927123589739928,32.26925092265455,7.1044041436199965,160.10034090762926,17.458080083489982,80.53836863859462,70.33843837682075,43.3247783733042,1,Cotton
41.81179235575951,65.82539752456418,7.282282594561739,120.10373195962634,68.03440304421153,79.26585658745107,49.76748529270653,71.15006355104065,1,Cotton
38.4341989858823,58.48160986114239,8.016579399396193,97.67948574427416,151.4746990106422,38.75727228085696,88.25345073758321,81.94832013173607,1,Cotton
23.00425234457606,84.54672567371941,7.664747524796033,199.98457404538308,19.028373869350972,59.55568612442328,47.160509893074234,57.89397487561619,8,Red Gram (Arhar)
40.33428515145399,40.444173006269935,8.255062137852434,213.98433561637444,51.666103675917824,84.1404094201003,32.06631918896768,12.833285143685643,3,Pearl Millet (Bajra)
20.792793549251428,31.623158037608224,4.7529625745694535,263.87092796151194,144.18417472103857,70.37081824480028,90.12147468135413,64.4651673486555,5,Soybean
37.618793003788596,59.18751991545818,7.863842865359272,115.8535430890774,158.70379693634655,7.010562328293634,86.84860700374587,14.874384241842648,3,Pearl Millet (Bajra)
27.134959043437924,45.43610618889674,8.328837407949429,235.53624606796396,96.5104979117664,36.98703854526568,20.583794972259234,64.23935647671419,1,Cotton
39.07138369068167,33.22493426702444,5.787607691062415,177.17963077301462,142.6341243109433,18.725191176487506,7.4662967436224905,70.28263553568858,0,Paddy (Rice)
38.833360562578804,77.09888864509588,7.382012732969638,267.19421738986216,83.71091204442948,27.132360147413713,13.548627853213965,27.40355123034162,3,Pearl Millet (Bajra)
37.342209602822905,37.253544997221084,5.913729287266374,167.7873903227738,40.38351655458423,91.02150036167595,32.22200286261262,82.10246108751585,0,Paddy (Rice)
36.96073047136947,69.54076750050515,8.810869799171044,164.93635195143082,85.64840376935224,8.504862446522974,97.36468116546251,90.17549157851627,0,Paddy (Rice)
25.31229933835298,48.26823376084779,4.650406075959767,181.80558280345454,120.19388583859714,25.881067636382756,58.059034550278376,81.55165284201613,0,Paddy (Rice)
19.94206279323005,41.27724327307643,7.109067797248297,229.80829943988164,190.13012355204916,34.409088462631985,40.45986454278054,36.84960873866323,5,Soybean
27.671524290363877,54.68384898975563,5.249265961722818,290.11333407196906,23.06268089684869,63.60398683680751,89.42802898821091,61.62458509521583,4,Groundnut (Peanut)
22.16458835967621,82.09397545449198,7.704990923297214,40.59773918041438,106.40487783054252,55.739660558157226,48.047951490457464,90.50373312882805,7,Sugarcane
34.67882613365908,55.486082498797224,5.29150627538398,34.9616886694848,72.49475786003762,25.73560087107168,34.947669698097,38.218495907610794,3,Pearl Millet (Bajra)
26.306393436906852,78.80002719871862,5.559224678542609,282.5140944740548,106.57922191257197,20.602901386199676,94.41585523083745,82.1624483593574,0,Paddy (Rice)
41.41464482063796,38.1566092919448,6.724668649705912,168.3651751450977,14.55533500154102,27.495813286631286,85.7041782883044,10.833811551029294,3,Pearl Millet (Bajra)
33.38332985628797,80.23014227823015,8.61675727498595,192.17284407874212,69.47481739330046,52.74031453665728,85.14849566484689,10.320909845051512,3,Pearl Millet (Bajra)
37.739533527224665,45.400666118932165,5.452714674665868,155.07860844652407,165.77494803013096,30.761889642564327,53.66705058977024,76.85462610982913,0,Paddy (Rice)
21.18059214580436,74.03055344277672,5.149080095031466,46.22408673009286,115.24892943238113,95.02223765273361,79.99664788746823,77.00738722718665,7,Sugarcane
38.688347574542945,66.77580106466476,7.915395743343138,235.06502595722662,95.61067363506231,49.067196035740515,22.038569130132426,79.42999253100186,0,Paddy (Rice)
40.14617257232146,90.39440661875967,6.752787895502689,229.22290062480434,64.24976362591451,10.585621571740521,59.456180967843146,91.84236173415829,0,Paddy (Rice)
29.689486051654463,55.17596366839541,8.603033005717972,107.27693001798735,66.62807933035762,74.28030855448017,98.46536267051684,20.37575544018501,3,Pearl Millet (Bajra)
32.55007050602346,34.30073727423863,5.159765507219291,105.74698866395211,82.78927238221105,36.240302379854015,32.64105089920636,30.414678678564577,3,Pearl Millet (Bajra)
36.35543522167189,31.245106560831438,7.406675518603677,254.59558665354518,168.75843489326647,67.08144854553352,80.46347127852914,89.52779299289507,0,Paddy (Rice)
22.1961270542499,83.74580646322894,5.547956157683168,40.26003216757145,193.770509293571,31.56146519970704,51.59544868476639,25.596785403967104,8,Red Gram (Arhar)
30.061585835122617,64.10781644799309,5.205421928932377,266.7094415398384,93.34452245657116,59.22065546466539,8.781539906098295,70.03617554673939,0,Paddy (Rice)
27.567912666535513,80.3908633692717,7.575432368207718,91.86527317085604,84.73703936207475,78.35448795670915,77.4868427924884,56.680744003591755,1,Cotton
21.51297581189398,45.23766400074845,7.171580789589299,186.0357293715383,170.84464740577394,93.16083046858263,21.014068717250716,17.321043562932637,2,Maize (Corn)
26.820826134996754,52.43044345836019,7.89672356263049,282.07837012049777,91.11201092089769,29.80707872114232,64.98998887761127,35.10320225085489,5,Soybean
19.636135425251844,31.956751693735733,5.8925815940078206,209.874300430261,114.88345273617372,36.81141034490321,13.138098434462425,55.79275504680517,5,Soybean
18.619485766787687,92.49700109731728,6.5158724537198545,136.04034749077024,53.87891627376144,49.10530992716427,94.95240276211666,85.0068102681774,8,Red Gram (Arhar)
21.243990939715747,73.41141393555287,6.324622543486884,213.06957849351625,151.2654817980243,93.08160958491894,32.71376928213429,72.26338708609129,2,Maize (Corn)
41.114762678140174,90.65833070435491,8.928402587849314,116.31429816858365,111.07778047144855,90.63175139701242,26.514145709352515,64.72571820803411,1,Cotton
31.188708861480407,47.257266482889705,5.8151203053272456,97.63235657777211,163.7165645456649,13.538436609560613,17.267958386301757,53.65089431484451,4,Groundnut (Peanut)
41.179731867677276,69.74513472966795,5.826677572560451,299.0713178217103,158.33921870544725,17.53333344661203,94.87020836720954,36.28419057564382,3,Pearl Millet (Bajra)
28.37994907992317,74.10249793902146,6.095466939728733,230.22126473034055,50.85090597130543,52.07337184641064,72.63085553192398,20.493552196094985,2,Maize (Corn)
25.48358719404623,50.64073051674325,7.040673365806446,200.52159366690893,145.97075460597486,15.128830916515232,75.45778442821842,45.99869104181641,1,Cotton
30.14740470816586,85.12710027601595,5.635452349186854,119.48110010140925,162.01033751076056,37.83018296812626,52.44343333112324,12.509627464193747,3,Pearl Millet (Bajra)
28.548280527189842,91.56549508851612,8.618804731706732,33.76503216341348,75.76037574865506,19.096610930660376,50.09913960069593,28.572918255482854,3,Pearl Millet (Bajra)
20.535952422281852,87.51558265024028,5.695585041898186,28.695925289843572,42.79573145143216,65.42383373752915,15.45201808419028,48.05853707679407,8,Red Gram (Arhar)
33.37983155256495,78.03935343605922,8.531170792020877,175.17075152566366,10.500109560121754,95.20206601522037,58.184904080479214,46.83725633912853,1,Cotton
23.18491638023039,48.035204182122015,4.965637786409631,233.3691618909343,95.67169408769816,99.68970817796624,28.45706703533509,13.897997927735332,5,Soybean
32.87011091754791,48.30504273686606,7.454532160798435,170.46617332427942,76.9622189923799,40.64790758720691,97.82880661603855,61.837293510225635,1,Cotton
33.60482621755568,92.61842082899247,8.581434832972096,255.41982014295206,115.4328684268277,61.90620052588817,80.67518930143899,58.372214515084785,1,Cotton
21.648596475087555,30.668492235819983,5.259372472792033,29.359429266102058,45.72780759186929,86.34542708478773,44.234245718324324,16.873178753840328,8,Red Gram (Arhar)
19.472391050656036,76.54324826073939,8.857471320446647,122.69058139926322,173.3364540566303,16.158896915656477,19.37741957569564,92.99834861651865,5,Soybean
36.738278065642554,75.90600056609205,6.537975121869803,86.37970952876985,58.97349096934084,70.50861904993667,79.60651065818448,18.74568454767569,3,Pearl Millet (Bajra)
29.035210170463685,70.47482016173683,8.75571798798461,145.23643108399415,53.0216249666535,43.840147863881484,16.59510787272502,85.22540530888557,1,Cotton
19.39593109213142,94.35707499564627,7.545690196335212,40.265390094354295,101.33567073202762,24.58388522661559,22.986706582221696,10.027256408520522,8,Red Gram (Arhar)
41.87679161207441,50.272163324642136,5.857140914430982,287.1568596399003,104.78169451141211,43.26159378100699,25.094449185701606,87.64073636399371,0,Paddy (Rice)
19.386733463912798,52.09817114656113,5.347361362126978,82.51151229942106,50.86619346916764,12.2162272616671,57.90461063594397,11.735336433979505,8,Red Gram (Arhar)
34.68084549260527,35.13106119152611,5.8668077080129475,278.24617713540374,61.653538077924,71.06367911598404,79.7703821290848,76.68745880650621,0,Paddy (Rice)
41.60829420632193,58.78187887534293,4.9185783416820374,139.25008341027092,42.24399543949654,29.010553531103042,34.85991347884576,41.828791394422254,3,Pearl Millet (Bajra)
23.740322501182213,46.96815420526512,5.147405848544984,295.94675731146106,146.50743388140168,34.58353627926341,13.043632356152495,74.96307841199615,0,Paddy (Rice)
21.41398484849271,52.32013564154687,4.970971981559165,175.13634736885902,156.31691593827557,16.502723332938963,49.13115403481982,45.353578077398105,5,Soybean
20.913238546138295,84.2471663666158,6.40324594683701,280.6332019692261,97.84241451726369,87.14261581953971,76.07047291019387,16.239897165202073,2,Maize (Corn)
25.278603541622292,90.80649337928722,8.080102693159139,21.497716834382395,145.67653431015333,51.87720653186017,26.058065093301888,77.54058919479203,1,Cotton
20.42509946425552,42.072649680337065,5.136225993973531,229.50686573065204,149.82772446811464,59.353953389708025,25.892832063740553,16.27023630828012,5,Soybean
34.611872200659164,54.21308055097528,5.086441949275511,272.85418286870436,36.27235025878363,59.09610489401119,94.98656759793752,91.14659836458718,0,Paddy (Rice)
19.495003155121506,90.36098653750062,7.395430272827989,59.12175875410714,193.57382471856198,43.99684588142747,95.6446040763219,14.485715149666202,8,Red Gram (Arhar)
30.226131075594953,34.01754994479947,5.387323418856298,46.91523848500242,165.9960699483219,23.29034196662325,99.09424454584976,52.18062444389336,4,Groundnut (Peanut)
41.92072449247144,36.0034343272396,4.939245171490462,138.88033001206756,48.85185762720646,75.787611107348,81.72766214960411,73.62702991487002,4,Groundnut (Peanut)
37.53528646814445,40.58141429840491,5.250818601925099,281.43009371722184,45.37135679175334,17.070345208979063,22.877496070954827,44.605688901699324,3,Pearl Millet (Bajra)
32.76526651754426,68.68883421824685,8.656791281445493,171.86823685332286,33.875617660120724,14.868010076486996,25.138244475929827,29.11654576413425,3,Pearl Millet (Bajra)
25.35008689887868,39.78069761538983,8.19662063749286,167.68780984208502,36.29192688296449,72.46377857166782,37.321397944627236,76.80000460285038,0,Paddy (Rice)
32.97350007099932,92.92496479429768,6.0932905305979235,59.515313123810124,152.15074181545228,24.839516942938463,35.22259047668163,79.01793402140792,6,Chilli
30.648995133879637,59.03644427180382,7.451193452973268,20.221063106101262,99.23430882080848,34.143411378519076,95.87013616241086,91.19715858798432,1,Cotton
28.226001213368917,62.59866742276081,6.917740531506171,246.83922540872913,158.75749282057478,50.146609365165325,79.96202837376089,43.102529717934836,1,Cotton
21.137049041764786,46.03281002735142,7.547059185671538,44.52087763614671,151.78842992653904,47.68837508930689,73.78083525534763,54.55015263576476,8,Red Gram (Arhar)
39.2785011657712,60.61241640825767,7.572020186082417,197.47794924589073,124.8764155659921,72.31501688117493,22.666506285522523,41.95530297045434,1,Cotton
28.79483157171174,73.02438612140574,7.329303067769969,276.0926072642536,140.4096552499491,64.22602037711928,91.40492813942132,32.6232003229204,2,Maize (Corn)
22.67094028369836,78.82651390201278,5.697456158417888,78.42253568436068,13.487587632036941,66.21763541677724,83.64768605308652,76.09090061530955,7,Sugarcane
26.826224421054953,79.00142537614434,4.6755288934326815,206.27639414633504,69.23775289295418,72.83516141226845,20.545974926152752,39.889362361492076,6,Chilli
27.939114060694248,67.56292232511575,6.55005051895549,42.03560147810265,131.18621405928792,32.798209105229205,87.76118153629238,47.67715089532698,1,Cotton
37.86090949360498,88.78338537460073,8.509382481108167,189.05144027453164,11.775541162386398,35.621664621045,30.86351595519477,45.52328187091445,1,Cotton
35.60674513347365,83.13151007489711,7.062737663333591,65.90088186689677,16.265619299692748,46.609786050077645,12.682625854050073,72.71418785691364,1,Cotton
36.46331744739216,79.20812745541065,8.245759687658586,226.06699694424984,171.85871666937282,34.20890643818498,67.39811911884996,90.76601509773982,0,Paddy (Rice)
18.264750346287535,33.61435890922994,8.962309543325526,104.34476254229429,139.96472372149364,98.56909755223202,67.11144264151142,68.6745333950492,5,Soybean
27.987695956314276,30.447067544277207,5.236272918622243,149.74948246530096,60.42024929286535,82.33493301003581,14.01854090873372,51.49926845629247,4,Groundnut (Peanut)
29.552259639247765,43.80907301770574,7.61299937613892,187.84055176773407,140.7129396225547,20.64219538432281,35.29092184897533,78.57005009702175,0,Paddy (Rice)
18.46061464375336,73.1290336043744,7.534321081650111,67.95655498654708,160.56676713646002,5.531444808777604,99.31737391427616,66.4054765227481,8,Red Gram (Arhar)
24.235517009880823,56.72783677736548,8.909799513112253,227.65858921293386,68.29091379091923,9.064410483490446,69.45053336583,15.333711426367586,8,Red Gram (Arhar)
36.246955754931236,56.15640685445526,8.935203302787603,104.73929537830807,16.847101724845615,28.1860278490779,74.35714082731627,18.418395604858066,3,Pearl Millet (Bajra)
21.290632937495978,87.49814773492488,7.590053752758583,205.464120775571,187.22803369066955,15.857672154501373,25.22714213240904,13.336691078479733,5,Soybean
30.847443154862198,88.21158512856951,5.596266563919874,64.31925419582461,75.58416927616979,55.66712091479435,12.48429674537186,50.19983670615615,6,Chilli
23.1648449284137,89.09639216348307,8.093501271587696,212.67294457777808,30.23153502409421,86.50954615909907,31.305660525389076,82.67510222182891,0,Paddy (Rice)
18.290898591453438,50.40207497347677,4.981631103949671,55.892660386929286,103.452805564698,74.9912709867566,28.645346593353235,37.55131890291898,8,Red Gram (Arhar)
23.788834982388995,74.91862782805202,8.01314686877233,139.09981895559542,156.0088811761854,25.48286099280809,27.281689571065044,43.80609611213839,5,Soybean
41.42097011784129,47.65615678283403,8.595882558651134,89.2177006468855,52.11298977733624,42.933429322449655,23.311660579268757,90.03398553637437,1,Cotton
37.23689068519175,42.38963914983924,6.222750276457958,229.5450698398911,61.20310952533904,53.249949905471375,59.601790612263414,83.64750318786562,0,Paddy (Rice)
41.0298394637048,42.001109727579,7.337858827423862,93.36980126192488,56.115847491730804,81.96955570281688,36.16983020497307,68.52423388966528,1,Cotton
29.708497054232698,52.23699535613361,6.435642294435718,266.88084579071096,198.41788003801886,84.71655229508565,82.93277642951539,33.47873282411811,2,Maize (Corn)
20.633668768260083,57.94724528568841,6.469942747446578,269.7096591938516,47.50670940880308,91.42323963123872,22.47500469550148,20.29965047658303,2,Maize (Corn)
31.15102773536863,84.01169611857944,5.89666900098654,75.00356826238004,119.34884122356355,53.37829879777314,49.139571732511726,11.413176395850007,3,Pearl Millet (Bajra)
28.90505602943906,37.792921075726284,7.929583292026461,191.87686460216278,185.80028191482322,70.95610091140698,6.297494460477599,19.416939189189037,3,Pearl Millet (Bajra)
38.26456998575078,77.77018008066813,8.712794538749273,44.560939681590014,37.91034808677806,15.62103526722403,50.759820633243244,35.748487038906966,3,Pearl Millet (Bajra)
20.35398193882187,64.54456942230485,8.733378866555075,129.63038788845617,194.46229759486303,58.7024511956283,10.304630983265067,58.55752559499562,5,Soybean
29.717787288522675,48.71644727393951,5.286515781937203,219.73008426035622,190.02067453516867,28.625721899757835,97.88373362790114,15.632007282210047,3,Pearl Millet (Bajra)
21.601167952655622,62.0332729946336,8.436346423454548,204.63850911797655,178.0686775410699,46.013104077528055,80.10625222178922,21.988044492023512,5,Soybean
25.79222224536144,49.496234535506474,7.818441486422049,194.91618743385024,50.765739052700425,65.23479828913834,51.56059028046326,25.93510180309881,8,Red Gram (Arhar)
35.696569857307196,68.7453270904899,5.637768303106302,99.1114418254842,130.47046064208683,29.413664096109205,13.225799027038274,65.61442418253094,4,Groundnut (Peanut)
29.424435104850396,58.199854985590875,4.802780758146816,125.84698584163256,154.56937986263563,9.957580490692303,61.28231687508936,64.18950231025096,4,Groundnut (Peanut)
27.021318843498463,40.686359390127116,5.705987700979701,48.82492051608013,197.34530635732165,5.972216358831964,77.08255631667836,58.467383920749455,4,Groundnut (Peanut)
27.467430685680846,37.57789984612029,8.604937065516864,221.32638972140828,44.28052619546038,7.1051558767295475,23.118139035450803,32.044125373242686,8,Red Gram (Arhar)
29.02672244174368,65.53521933468846,7.349304037030976,161.0888631015566,155.5449209086663,5.7932250638081175,58.97979237481163,42.658532827248415,1,Cotton
36.840397052089365,88.65684716359672,7.744745974040423,218.4543770567833,74.37222228615146,15.48373037299817,82.35003534637245,18.508695037721388,3,Pearl Millet (Bajra)
39.41003253456563,52.35724962624956,5.657185579990932,89.70418694312437,43.36902845792044,27.75142788416234,77.98353887640005,29.92853313070883,3,Pearl Millet (Bajra)
40.92803247609428,77.6450069694705,7.737246700086692,110.84270401781853,90.06161883063244,26.01604384731842,81.28424169737953,88.99805992958707,1,Cotton
36.88568127012708,72.81298807108485,4.626546778250657,113.5802944328321,160.8288233082371,98.74567644709019,88.53572536262338,96.2128736863529,5,Soybean
25.569765497952304,90.55106943011626,6.188946055978562,27.207874729220535,98.32146270376991,34.07057999484961,94.07979970514967,66.99404353634594,2,Maize (Corn)
34.51523294607701,83.36376612444415,7.32039006844049,115.49340439257459,112.12938903857922,17.104974419142913,43.524509744335916,90.68044969806097,1,Cotton
28.502474977329406,66.82934182885509,5.157434544935941,244.9252805850494,199.08028793802302,56.82844169593701,59.03306473967334,66.56128723532541,4,Groundnut (Peanut)
24.11209492910523,72.70698238521697,8.203516085011206,271.2435788099268,85.83076691591094,86.50595826276329,80.11265497433303,12.92129077728135,5,Soybean
38.18091790622214,88.39512032796227,5.557640844653633,165.10112837805968,126.92614339475557,69.41573579482915,71.2282823248494,97.71510747880399,0,Paddy (Rice)
18.9222323750958,55.96872099815076,7.435265007683008,147.54047466138167,79.39639830692066,33.12779846786778,99.574421685116,18.70780254841507,8,Red Gram (Arhar)
39.64228781125016,51.24165588075553,6.3233871415889835,28.63089323582367,84.62927280245394,58.353535180188224,6.299376854941193,70.07247852716534,4,Groundnut (Peanut)
29.07545915099362,30.702720436287763,7.182196179649413,266.17721452390714,142.17174315462753,72.91131754903887,38.737655455000116,32.24958587058153,2,Maize (Corn)
33.29283544339873,83.72581982244517,4.983527486830087,23.64285975924436,188.19852545802786,74.16992677493552,31.697652995669234,44.494337935812496,3,Pearl Millet (Bajra)
33.82449413293878,82.06374552621872,4.576107599647233,284.5300224588593,113.04820059354107,68.32115325328044,29.920005765725787,66.84220826248256,5,Soybean
39.48282577695687,36.78954367650984,8.593039923211355,156.98054963266537,155.99598650026817,87.7269903536837,26.14032933739415,48.41088673907822,1,Cotton
33.280072372012974,67.49572977362551,5.713335039452323,115.74165820092345,26.949246175223127,87.66001854268991,72.36676487744676,32.04805318593928,3,Pearl Millet (Bajra)
32.73440603424148,60.15881038084768,8.188546512512065,278.7811617559448,50.120027112066126,59.99897314366531,13.052149961155576,39.43126444529258,3,Pearl Millet (Bajra)
19.59964897345656,37.716091208092244,8.9970763521249,26.829478070827086,105.40501177471117,45.836355065565165,75.45283922461714,40.05623428923951,8,Red Gram (Arhar)
30.4417925266849,93.73693475894703,5.4514406609951,182.7989705633444,13.80222748946721,65.94917807868448,70.87545499154598,94.42050359672281,0,Paddy (Rice)
21.604056019609,43.955232685118105,5.6932683353251,173.70110685981453,58.04244596488617,82.730140130194,28.826392587585158,80.2779454012637,7,Sugarcane
35.69841044931565,34.37022170588647,7.482869044355995,81.40971233918698,108.30624506674357,5.5369499599125485,29.01920940069032,50.35229189018721,1,Cotton
30.29332609950419,68.66507966762413,8.844518855702795,140.08848077805897,12.842627668697135,99.23971585641085,64.7417556077277,27.584240990040044,3,Pearl Millet (Bajra)
34.32546670100048,78.02633401364713,8.621164566858347,202.63392166425567,60.26379438294792,22.37490837127393,77.40625502094939,81.36941770311373,0,Paddy (Rice)
19.00014961445722,32.108823993067155,6.762939840295132,223.5967351269397,107.66585570041521,49.67365363769774,88.26613324329972,23.83205750153687,5,Soybean
20.035008385099278,72.81664651725643,8.07799627137026,20.20072043784234,118.89835711643667,87.84282481007234,85.9532585661752,28.5206751084963,8,Red Gram (Arhar)
35.19176131350437,64.59897193684455,5.110856338949555,282.3189604254843,185.89282168050804,26.37883790919894,96.66388444556605,42.2091784819333,3,Pearl Millet (Bajra)
19.73002406396816,36.71222557687815,8.898471828918055,66.06710426998747,132.6156684176155,50.295546270536406,60.23156505696856,87.47064123497513,8,Red Gram (Arhar)
19.710161466366205,41.21405200151354,8.83958955316194,85.40252158226058,88.79980248069882,17.595307117212023,91.32227832733416,21.597226839801703,8,Red Gram (Arhar)
18.2906034056373,66.91832932554523,5.236780310456269,93.7725647942775,186.76672365528287,42.53225091187829,81.80876095973902,20.756608971198297,8,Red Gram (Arhar)
40.956033559187524,49.26324487836374,5.84740406161398,30.589638234569886,159.12776684368092,21.82786820533524,89.9934243098313,53.46979897086341,4,Groundnut (Peanut)
35.700200627016166,90.99052236233555,4.950697488780452,54.45459460529098,48.00169501142204,39.544636133259914,6.104527122109831,34.32412761624337,3,Pearl Millet (Bajra)
26.478033804049538,83.21811491646329,5.722729195041809,296.1779784243654,34.86004865627575,40.479100595308594,96.76078422725205,60.04805886503807,6,Chilli
25.116853950903725,93.9318684233881,8.17180105236843,108.26068646564009,138.40421079111925,99.3512250118416,49.98536547041544,49.74402825212367,1,Cotton
26.392877513900387,46.87860453177691,6.202420232243668,52.284305294933816,116.37780145962692,99.50723778385836,80.82738400961007,48.27640135890708,2,Maize (Corn)
36.591684748348364,93.03203613186851,4.897786352160413,49.95755312889453,160.03798662062357,15.904696472758179,17.08439133708918,19.85362140285541,3,Pearl Millet (Bajra)
33.87289466568994,58.03020153645126,6.040014861505071,221.44879094759213,150.37295951495042,73.96703403619298,42.61440410232754,22.412372741985934,3,Pearl Millet (Bajra)
22.44469362881923,52.58872169539405,8.91622500408576,259.27922592913944,128.79019143292786,9.915820568564609,30.788762986994136,82.2549148153228,0,Paddy (Rice)
22.178624048018023,33.27271925300796,7.333576178666413,91.94664386237156,197.4126126094895,7.868241457032919,32.70758319758902,87.95768090631351,2,Maize (Corn)
20.361495593121536,33.42974176087417,6.372724258827709,25.85466345386579,111.38204872097765,15.00671995327161,16.709283895333765,30.65215089390202,2,Maize (Corn)
33.84726527283212,74.98073163653255,5.249423310737715,82.46520516469963,31.49009373532677,96.72113741575373,81.54756409158567,19.984524134179676,3,Pearl Millet (Bajra)
36.34494389332166,59.76538463821181,8.937795587776627,35.824393423092054,167.37197731503778,94.38203704999626,5.878019885202425,14.700667130236933,3,Pearl Millet (Bajra)
24.3611142798001,44.723905692346875,8.19382054168408,48.95058225641162,57.852138845684706,23.423142926664642,34.688018413594236,63.53019000928692,8,Red Gram (Arhar)
18.50267906474191,69.90806991114013,5.766647861029137,140.82227355733988,157.68740814734448,20.358871877602596,21.56900160555943,72.95108270001809,5,Soybean
19.972120019434257,46.435777686257225,4.815309130745352,84.37714384125712,191.85034824000977,27.850833219014966,60.95869935779235,42.807279049882084,8,Red Gram (Arhar)
41.22864083628073,67.54606403238748,4.754815008199011,164.46484598711857,142.39114765322483,53.976964437138506,29.153978248381666,69.81147633917628,4,Groundnut (Peanut)
25.090674659458088,53.34856855387487,5.041701672774902,90.97825091201331,123.24573058046221,59.12194004336394,29.604853180169467,72.7403757692383,4,Groundnut (Peanut)
36.46135554811521,83.53089472976824,7.113458626264897,283.35044430882533,97.4733733782577,26.051375891747497,51.392123679555276,92.31012076292767,0,Paddy (Rice)
32.99192565250233,83.34525044984065,8.679435395424715,273.66431101935405,79.23787453912662,76.87916486854479,67.00545873738794,15.708880129489437,3,Pearl Millet (Bajra)
27.1665513516695,61.02777587795609,6.73534542602693,178.7057094029305,77.07090268464889,34.407551093251826,16.523946933690546,26.92167164433502,2,Maize (Corn)
22.93649429269332,52.80324210677601,8.293254671052887,119.23871775646813,130.91081408482222,92.60247592529399,21.673587984222134,16.030286908534954,5,Soybean
20.913274035825754,53.56638677634115,6.506489789369136,126.72112696972596,152.74189221817173,67.3886571133894,28.481600736479173,86.38346613357773,2,Maize (Corn)
32.7603112329328,82.37144416843415,7.688625955955214,135.31863928045914,138.91824320203872,46.45336345884311,97.50608034120626,79.74767008295403,1,Cotton
36.591210735306916,51.331666381844784,7.793427317789254,223.72221019778434,47.69791922677692,80.0416401617703,42.729487494577434,60.56850221472183,1,Cotton
33.453702084987135,43.588859290944995,5.282836676565024,146.45891874527462,103.85756422726332,82.70188947443316,61.90405860994752,17.362380084504117,3,Pearl Millet (Bajra)
30.7272511979798,35.504742221894944,6.125472265391153,259.88438502165127,160.41161371478196,32.595752532849644,27.9465672080179,34.051487561527324,2,Maize (Corn)
19.00682936235927,60.335052857486545,7.367859704421107,284.3465400605021,100.38377485592069,37.27288166442801,51.59365488996135,36.19934662914949,5,Soybean
41.24373066226521,61.33858642978972,4.818134736829648,114.06492294610148,111.95842314974384,93.91573960421732,12.041321566666015,59.345401249356705,4,Groundnut (Peanut)
37.16914059970979,84.65906617618896,6.126930844933304,176.99445478519044,156.5158491524562,20.650398644510833,8.30050386262106,32.707862675230956,3,Pearl Millet (Bajra)
25.027728880823155,44.38051526899416,6.906597598265366,46.61583031311804,135.6404081903674,9.00428961147875,49.529685048038715,16.420468024340025,2,Maize (Corn)
41.51928790461241,54.764432788445994,8.983010218700874,76.13133337458052,87.7755349676546,48.13525564790717,42.872632314249145,74.30708256309035,1,Cotton
32.44515815127173,82.5463730280899,6.635401031800983,135.77041467884482,180.1284151269016,81.11494052314475,18.003630370723627,36.31905862567619,3,Pearl Millet (Bajra)
31.978143796973917,83.53553469868328,8.172255407014456,77.73676045249809,40.88774304606093,78.30847009952085,70.3221357474697,49.80892757805046,1,Cotton
35.95375630630877,54.99971993861993,6.44430278279978,265.4369374208409,199.1481252321617,92.35540974671909,99.32583163543012,21.23466387844287,3,Pearl Millet (Bajra)
37.482474914163305,59.843061513634254,8.08375825178869,64.32015169654747,32.58198991048506,55.654063115058825,42.586448013687686,80.624250698723,1,Cotton
33.75548657595606,49.71358290520339,7.179366607290488,147.58503003486575,12.840494509805392,14.506143798820665,64.33307041215247,59.76680516931707,1,Cotton
21.0742979127888,90.61606709725528,8.489679486760792,189.5957873287652,179.10359121826528,60.925452561921524,96.48271452462615,89.33953510646793,5,Soybean
26.11842014386796,37.71184477320272,6.349241485575495,213.72189428503643,56.541166589531656,78.9475833635551,83.99582238245314,53.60149754974933,2,Maize (Corn)
40.27400736782519,90.69371249509555,7.2193698891966545,127.25942352342189,148.64292921487697,13.866171425633508,49.037461213755144,92.84545911997341,1,Cotton
23.390774684252445,74.45131936929731,7.335084062784723,263.347739242924,164.09292123709318,21.40245310427103,75.06150102369234,88.48440198555669,0,Paddy (Rice)
26.93200857210032,64.55218992463753,6.37822323810213,179.12936230181916,173.2074142961022,6.167612809788736,17.172828823799783,60.72846736841259,2,Maize (Corn)
28.369845190660705,32.12283895099223,5.149404196593666,143.0621785253145,198.40290477619166,61.396995047446985,53.64986626906092,92.18262255718798,4,Groundnut (Peanut)
28.54571975266685,60.91375246843054,4.92101733110551,38.82737753457025,65.86754490759982,89.23976723486092,31.51072633209397,38.431809761920604,3,Pearl Millet (Bajra)
32.71054997986862,56.5036268251776,4.5750219776983485,150.1130511646462,144.94623496617925,68.71301502019945,20.3105503501353,42.176510317970596,3,Pearl Millet (Bajra)
40.633820105872985,40.47922277838296,8.430904189103465,249.80603542840447,31.925973073357362,98.29380832114329,45.49668609418081,14.00205971493125,3,Pearl Millet (Bajra)
23.776625083980118,72.6666242275427,5.564137105074126,192.07148510196834,87.29376535780139,10.988196987477348,17.44638267119337,61.84967979521907,5,Soybean
20.916033031222035,93.12480897893857,5.451780371767956,253.00548704415314,171.11462172939218,90.78510308939214,71.40358527657612,73.52930935374613,5,Soybean
22.739291756638494,66.54227271919413,7.812159301917295,158.32326776780556,79.85502875123059,82.33648730173466,48.342804185066875,78.06968874130507,0,Paddy (Rice)
39.286197605022465,76.45896296885647,5.940072508893262,53.16927742645491,122.30812230176667,34.85294444745297,55.458740093643065,23.183833172057092,3,Pearl Millet (Bajra)
33.49945950372494,34.44927941679109,6.777201115853265,23.8191568340467,105.71695430768047,97.48502242453893,18.905714173474916,49.085998363500025,1,Cotton
24.861762941739844,57.14835472810466,5.231299793838553,104.90147308120554,132.73079091128858,32.35408607628443,18.278307803881976,25.563962664264576,4,Groundnut (Peanut)
37.58272653524681,37.56330153569223,8.818855746578862,215.4373320193819,194.84993398366203,89.48394876368076,60.424466349711786,68.2672066991739,1,Cotton
38.672879912722465,69.83172930987317,8.332116300077569,241.27277310367424,20.589750035266405,88.671114822048,98.5759260437974,23.899280773115596,3,Pearl Millet (Bajra)
38.31634412856667,91.00134028392006,8.387053303342515,102.81079369369223,119.05268832530965,76.97747357728238,14.143805407583933,89.5664041881346,1,Cotton
40.054236807349305,73.0155526106565,6.330481868574023,158.7830978473092,173.9754680575541,58.52969501222093,32.14448571374922,30.295848818204373,3,Pearl Millet (Bajra)
24.05378448416068,34.9921981404374,7.930625461682277,137.91329324154287,101.46271523220122,16.400261213604367,87.59861607109931,35.643399433365545,5,Soybean
36.12100628991068,53.05330332403038,5.147442699254011,134.94637961839982,24.920165328898836,55.53731477716733,11.86584116424751,84.87975634928797,4,Groundnut (Peanut)
29.05294793457936,65.79311966365535,4.538785511663011,84.77763969604214,116.50247695918647,38.895644287218786,88.20914352986037,50.345149692823696,4,Groundnut (Peanut)
38.20796526936148,56.20850414866139,4.589878196601126,58.18390940824835,73.09403925652589,80.26061814975841,54.807168420601364,12.111643230406425,3,Pearl Millet (Bajra)
35.483776251878716,84.1868606808862,7.139707818320522,75.07279630473968,39.43893921420782,77.02227461720027,43.785343523010454,53.523590105832824,1,Cotton
36.63473871599339,82.95361530614929,6.549277073615734,35.493068405736906,171.31655752385987,91.5081882003975,34.419653613388306,17.43981351345083,3,Pearl Millet (Bajra)
33.747884104345715,69.7690163067094,6.831069070088339,75.47660771060157,109.10390746831311,6.408865431012248,33.22613002214498,96.71033524448333,1,Cotton
22.258290467272964,54.27476643362584,4.533584131877487,22.57625133510625,187.32251835202266,81.86480559818938,34.05124533270048,61.75381820009301,8,Red Gram (Arhar)
31.08064605352652,46.59686429461087,6.402089788458415,195.63235217807392,163.14313587458312,94.15389504684353,89.0562926912186,32.5748703497661,2,Maize (Corn)
41.6320737485882,36.88183068385341,7.731306725403874,108.5851140685512,141.6646408169968,79.98354266527426,73.76054686660463,59.60715580019036,1,Cotton
40.497313595930855,53.068349426626014,6.492121658853462,292.4805191995344,10.954845639409267,17.368473687684837,68.6236857439593,16.764305097594427,3,Pearl Millet (Bajra)
19.03616965912828,56.85621361850177,7.794986428405,74.2407742173634,91.28645676126749,12.721514959884335,80.88116915044007,80.3904347756559,8,Red Gram (Arhar)
21.95555557750649,73.92849013176479,5.548585339785756,116.83199968668629,47.522393513886136,6.9802977817315774,29.425892985393773,91.42886874004641,7,Sugarcane
21.161490562909485,72.78038857934227,8.159139020167764,120.1955244196293,183.05160309928488,64.73079645366676,63.71406714776679,86.95110616214204,5,Soybean
35.42351783964709,34.5570290766817,7.147940582040535,22.366418897488952,43.17095708850845,64.81890192668929,48.70629270100534,40.074669002273524,1,Cotton
37.62684791656668,55.69185550302525,5.448433947434578,254.9782268510485,64.35140981526425,98.75680285073017,79.33195534401837,38.667594528616426,3,Pearl Millet (Bajra)
23.124272791456125,41.81562636912852,5.565242141342248,28.958448840410924,108.19898586955485,42.814101539889094,34.37933049496212,13.087709787034399,8,Red Gram (Arhar)
30.140464630843894,40.19282584559237,7.326137090562916,283.25035372418756,60.03908760963506,36.53109706526219,66.1019686026401,67.32323156568067,1,Cotton
38.1768726722688,83.77463973292097,8.234728169455995,269.78081830621375,49.87428868303302,64.32036808251729,88.81017912264478,57.07162100870195,1,Cotton
35.58723707439002,32.72448908655674,6.370325019131198,169.94613650406978,123.82887176952296,83.43282388822142,43.20429523851823,50.42248067680604,4,Groundnut (Peanut)
31.013692931804357,57.24688693363788,5.662351931074165,172.20676097516179,26.896609323454534,93.99352520468517,11.329098299908837,89.87152389345421,0,Paddy (Rice)
32.16834457101055,40.93323762482368,8.401552231097702,203.05781842772376,21.0518741569757,81.29679578700866,54.02482812247031,24.773343295290474,3,Pearl Millet (Bajra)
30.20065312599072,87.15646401910081,7.511707312878757,128.37400334176834,80.72660608535357,45.53402815850145,37.86738634166746,10.850631468736045,3,Pearl Millet (Bajra)
25.141162831651695,66.20763336287729,6.516384692773844,201.22223935139954,146.92624635649383,65.3168523546461,68.86141115198163,16.451847786627358,2,Maize (Corn)
31.560527828616387,45.03974136449512,6.695550878756858,32.53514883277632,115.41328407205012,86.34843603803111,95.34812785111758,29.656686528808464,2,Maize (Corn)
34.53324724920218,62.65777366581447,5.419154105713783,35.13333565792344,90.34652900868798,51.607920389615245,51.13279020970047,12.929128335184211,3,Pearl Millet (Bajra)
38.95974998065938,77.54661338070252,7.320611835291798,148.02451749347242,117.49279720267066,25.585231152012305,49.288071864775716,54.250246536595924,1,Cotton
33.27099249550196,92.2776705797632,6.114341297442999,173.89424430968978,79.43578208412198,21.12372677604793,67.18555601818872,37.63996006055487,3,Pearl Millet (Bajra)
36.26691688903579,44.32899027595223,8.980403295034572,268.58893929402933,187.86780373210146,5.014985734915389,14.83226284138893,25.882504709995676,3,Pearl Millet (Bajra)
21.841719238909754,87.60181518840744,6.660825818678495,49.30497749421095,20.431929273047125,73.23260952322201,29.08308794787639,76.00739859548227,2,Maize (Corn)
29.07737938607496,90.72976742088687,6.686485227853259,250.341419614289,137.94438101566868,15.554234840369098,92.30303592253786,27.991716708462643,2,Maize (Corn)
18.22395887585024,89.5673353945843,7.046333043348024,78.81325444177949,179.3437063172726,28.16471447111434,68.64454826955779,70.50924888745381,8,Red Gram (Arhar)
23.920292748518953,71.30193319602414,8.62540201403436,130.3434215828089,162.73809465969816,33.298251494665365,6.277184178424545,40.73531171459223,5,Soybean
35.435081162712116,70.938342538256,8.103681449368876,108.64868175167561,44.96779661607488,58.23608671299299,24.439419893106887,55.0408429383048,1,Cotton
41.80343883238472,56.208691156948476,6.530085314090286,132.0434764023117,66.22600630625479,42.80594134309808,69.86954027274541,92.18029950691614,1,Cotton
20.38027439009318,78.90586234974622,7.734146696877582,62.138739460323954,146.2391083543499,69.09402924220038,77.61792424344455,13.286943863791528,8,Red Gram (Arhar)
27.635863580670918,64.53411119281057,7.138059744513427,160.9996208329954,26.01140624434545,10.285672636226757,84.78665940403398,54.02327665801664,1,Cotton
37.20170324877983,74.03347462983913,6.71565171915562,244.45992515278283,164.25372296819097,16.77422345512175,32.75679632129426,85.1892205088304,0,Paddy (Rice)
22.89685523109357,57.849763750171704,5.365420977529578,143.62952290609115,146.59231947491017,52.42509283566034,93.44771664636845,61.74173385659067,5,Soybean
31.322038783254868,77.54727016280404,6.58771318554701,157.37180125149575,148.6252633547151,37.01165484544883,57.52995488989978,34.364605492933784,2,Maize (Corn)
35.5937111047122,83.5906486442957,5.606183641601586,257.654923878768,29.045860350842364,33.10226946137917,71.17120712684982,44.99593989276302,3,Pearl Millet (Bajra)
32.783650806244296,39.51835667918305,8.616789674332445,217.69627209864862,146.37450351508386,11.367667508564658,61.690191964091255,69.86337532811456,1,Cotton
22.512593630769988,84.14043151232482,6.0093306607335615,157.32723438553973,139.1654437917943,90.09332160106014,16.66030519408894,88.39144669961466,0,Paddy (Rice)
26.529229648457747,65.11927456636997,8.785188065400176,92.1547814929703,167.87527325615162,70.72276568187982,96.49589264156359,13.61384088970182,6,Chilli
36.81100282764953,84.90328409086459,6.8987488054262,267.77948911659064,17.903231688729207,16.553724897866694,16.673180089944502,16.295416326353124,3,Pearl Millet (Bajra)
31.301436339168397,58.034610912165945,7.3419497040427215,181.56571247335634,14.391027008880517,11.179365985028358,29.213785859062444,38.604534077643706,2,Maize (Corn)
18.125510725029905,54.63763154989728,6.943232000201975,81.92133083099415,80.87134897692654,97.61289067596809,82.29464862118311,30.48461223049815,8,Red Gram (Arhar)
36.263778240674256,89.47894761361945,5.082212776350154,95.3535307386429,38.269773931339046,69.71139229175296,63.76671134260464,33.31391798757173,3,Pearl Millet (Bajra)
18.847472518565738,46.32600239064608,6.191195485535735,244.87726490214885,116.09305073834216,44.65832675390544,84.62417071075392,29.47175987907752,5,Soybean
35.897610785549574,84.87380114359931,4.946157505249308,32.36075738448753,184.29629128628227,71.66444887179956,53.994937895534264,27.23260429925388,3,Pearl Millet (Bajra)
22.8595334439657,61.461337213111264,7.303293198825218,297.7858123680696,84.38114876346299,76.85151971561511,40.81435735983031,21.494909084497678,2,Maize (Corn)
40.99376352286512,63.41620376583188,6.510933878401975,56.4984703201417,170.54057168179477,79.09640922693404,92.57532245703958,92.18796359798094,1,Cotton
26.830578031250027,50.050438296816466,8.000932372069215,242.89918711114248,10.04576615839463,50.398344037040474,8.443970163905512,22.68867282374147,8,Red Gram (Arhar)
25.846358792113897,67.24774304023602,5.492117164497165,130.5370886960712,42.017782257245,45.83886202186056,86.33237093353935,27.987532179367182,4,Groundnut (Peanut)
21.57331320797867,51.13872775795373,5.240547262932007,157.82053132049072,15.780472534276267,6.047668005545532,26.927689592839254,31.671383710309144,8,Red Gram (Arhar)
25.334501171765158,32.5525119257074,6.328495039336955,266.58216169008176,72.34796429786304,93.02292593847461,85.62995113662694,92.105308835477,0,Paddy (Rice)
39.03961828387681,47.679909347383145,8.669634224482715,135.6151330849797,182.55602318233554,62.31424844694959,18.223678274604133,76.50284375689546,1,Cotton
41.91202410305394,30.414637821428393,7.696898167555853,170.49825102850565,28.420903483807674,24.29962403304697,60.12080155060135,79.4935498677653,0,Paddy (Rice)
26.83942873216436,93.59306115869569,6.385156311568134,33.803905474567586,125.21785758132206,92.36232484503648,89.37025230608984,19.218726839387827,2,Maize (Corn)
28.766655142909023,92.77356863828359,6.827724763894397,20.657292682886883,95.78422843269439,91.91853066817815,49.9862664553946,83.59526900137911,1,Cotton
35.32970251686569,55.68509433569983,4.878958550296942,88.54396444048325,188.30896034950436,98.9724956147791,75.92383401132233,45.920991199932786,3,Pearl Millet (Bajra)
39.26869873116179,77.34410553207698,8.930591533692509,210.56326601725485,33.27863708204783,88.03537349820299,81.44380369627805,33.12842630669021,3,Pearl Millet (Bajra)
32.23306402048282,52.47739639667762,7.498832871127135,53.954170140558276,50.2852915954235,99.78951684290615,74.96694982809402,60.66600734978733,1,Cotton
27.396616756267903,73.62105521058845,5.7843183080854015,51.85334846527384,15.612974036183722,28.245187871710897,92.90632500308683,82.35209571187258,6,Chilli
27.90292418036697,82.35295279798865,7.136137773968599,135.06897025005293,92.44769742996101,85.01371059392724,47.449251899393225,78.52138929459203,1,Cotton
34.694835515923366,91.53915590499565,4.992670647310473,201.39437081030343,62.788250917284316,83.18768933559763,21.4469167206898,88.31977846713963,0,Paddy (Rice)
18.077238326502687,56.01379793022868,8.846265009634127,219.38015782942054,175.28212743916097,26.939334125969705,9.54205105173558,91.67563236935906,5,Soybean
32.870144099036175,80.9143688921431,5.286532445475147,69.96618874754495,124.93875450757346,14.351567155094124,28.413687615562985,30.95474228564196,3,Pearl Millet (Bajra)
26.53183225059258,47.28534929108772,7.416136431248464,42.28468126417189,126.67724021538332,98.04494879937197,18.603762868623,47.299494686895905,1,Cotton
37.06073595065002,94.37159974658714,5.6045450814251865,283.3111695047524,111.06303240744747,33.122332394457985,58.00513043627564,11.287311450046161,3,Pearl Millet (Bajra)
20.231775355755172,31.675023919682825,7.729026221918411,92.98658711738848,27.45156407354819,87.73472009444157,22.56980703511454,87.38030601532527,7,Sugarcane
32.11685440676138,69.22937242257287,7.995696152581265,258.9370193304427,94.5535499078175,5.39207969408737,8.698702192490263,23.602349329779543,3,Pearl Millet (Bajra)
29.54334935726697,72.86788880733627,7.530388780101447,261.7776061295891,199.90598604461815,6.99735668586221,8.419033742523446,85.8097834861571,0,Paddy (Rice)
33.41581262172546,74.72296120981838,7.265247571148366,236.30632569351243,168.69356526074282,49.257774326154994,83.99910234466185,38.98608433482048,3,Pearl Millet (Bajra)
19.55648626759124,37.82519262129078,8.516110922784053,67.27340986271963,179.75722029175202,27.677894973831037,61.18774348708736,42.395755918340164,8,Red Gram (Arhar)
31.919610898275153,91.00443592575348,4.853820199453911,250.10440859117608,166.4130082568349,70.5349219264166,39.018103679870926,13.443638394579626,3,Pearl Millet (Bajra)
31.47563011102857,41.77691313825538,5.989116446010878,235.39015658764427,29.57792175188671,58.72861092895566,89.95166406032345,38.765333499348124,3,Pearl Millet (Bajra)
31.455842265988103,70.47897121058966,5.617293658338807,187.08243722974078,53.21516827231193,12.361150757796686,11.668678083732793,88.17600408651124,0,Paddy (Rice)
32.483703998314915,44.47394514300052,8.946062829294398,114.41656984730677,10.593113757717829,20.449688149993122,98.13059690914346,12.248171298701164,3,Pearl Millet (Bajra)
34.235230493432695,49.96906710638261,6.25225400850093,93.50240919463235,67.66692372684118,41.86468065554936,63.547720074173796,45.75681762811183,3,Pearl Millet (Bajra)
37.31973599233847,65.51980521232808,7.796757146581794,54.12897938250051,30.63540644583359,22.63238607576615,22.429104127040603,12.763167423521221,3,Pearl Millet (Bajra)
24.475697283077146,57.117572206697474,7.581263237464521,162.731978732244,99.83073560730077,80.26112298817321,69.51156440281201,42.64126140959772,5,Soybean
37.80118584432149,40.41466406347291,5.4543655686482,183.87304514275704,138.65422282904137,44.5266723775616,77.52121967943845,25.192376388665622,3,Pearl Millet (Bajra)
29.958136374322887,41.11086615735514,5.575489560951981,120.61491734442042,176.15600605723463,13.87602735003743,45.787564420223575,32.19521860761674,3,Pearl Millet (Bajra)
19.849398699223947,57.17941123058198,5.765780535988654,153.1005389506432,152.35126136727067,51.01257571585186,86.855097593327,87.22865683820487,5,Soybean
19.405222301855503,79.22339358790754,6.350072752167207,121.78404806339468,188.331263197916,13.629627200834346,19.31957869316468,48.37233141472641,5,Soybean
26.02171964870546,88.36770204510626,5.554462795427371,199.48169604979634,20.24067517481987,17.24904401488263,31.489570439872793,34.094223243368276,6,Chilli
36.837527450675225,35.468298046859886,4.588431672360815,272.35257818303774,12.314168729142875,27.762934042679504,13.881774350479027,61.86177725964821,4,Groundnut (Peanut)
34.984342433781976,55.55175399136107,8.45726875563238,65.89767337314456,135.6542416288804,86.65513199851154,25.033394857698454,22.50541246526725,3,Pearl Millet (Bajra)
36.926759152137755,36.51596164198698,8.84524424121398,126.79446677287456,64.97695794222679,92.83819057163234,27.67923713155878,32.82646145303532,3,Pearl Millet (Bajra)
30.414457354598625,31.07851124111886,6.037066741642056,59.44320910624117,58.1651930600969,83.49448428654657,92.17515313756246,58.06982114905419,2,Maize (Corn)
28.564775950931775,73.01171437185718,6.023280957414627,194.98425571419295,72.86854666182091,36.737335654695485,12.42042043135984,30.902027682630056,2,Maize (Corn)
21.538860640950816,69.1592137278282,4.531913157484669,224.0837426568068,61.26125099954919,30.882411905339005,45.604436417832396,69.76324089127685,8,Red Gram (Arhar)
25.876626086623478,40.5962423979676,7.561128097486684,280.93556512728765,107.17291719730159,57.16979062507272,55.57787528655673,53.25123459883798,1,Cotton
28.416464788173005,45.197834151049165,8.214479530868829,98.08413935307017,93.62820497258517,73.57605025064566,90.37584011120528,77.9350381824128,1,Cotton
20.126410312310814,31.541003986893696,5.159737351620015,286.0591376423204,107.3614247615647,99.37041487521661,99.78114077281528,93.44551914357723,5,Soybean
23.29468686506907,84.27156837013624,5.218498572152178,37.713548109788945,137.81558618508288,17.49921762849799,76.5718709173844,20.19083026257188,8,Red Gram (Arhar)
32.35740705752973,93.35488874315584,8.055374624871469,188.84388174208468,83.55479670451818,9.682739907261421,97.2251441040578,39.45052087863995,3,Pearl Millet (Bajra)
35.65591474174056,38.8048698916549,7.273308367593651,35.99716141613239,57.74846055700979,70.96380945455074,79.774607590908,38.120317533299776,3,Pearl Millet (Bajra)
41.96034027343079,45.04588889474438,4.701872509324726,270.25677257334456,41.57810199366164,84.06144943287103,96.50425089228457,23.304096901678374,3,Pearl Millet (Bajra)
40.39471995224538,86.44661905655072,7.301461457080268,168.34653597961514,76.40008271119885,85.4031340873102,72.19071896472325,81.30667608534543,0,Paddy (Rice)
33.4215647888446,90.22014686715201,5.890129752796947,207.4175382135829,150.9432302967727,69.45403716233027,12.577525417851751,76.86932595541352,0,Paddy (Rice)
28.109953279057727,57.27577988244267,6.159263199618807,252.8406992549267,153.7739329211792,95.63150139132277,43.18241776430427,52.62944143342711,2,Maize (Corn)
33.26825675299759,33.29046069748982,7.963791382335961,62.086974295511254,136.71202346999996,53.54545253673576,66.42674196123468,57.32382844592564,1,Cotton
36.85563883392557,32.56046919003326,8.149208367026748,30.80563734267748,54.46535330830617,91.81240584194019,38.318258398153844,15.239884144219669,3,Pearl Millet (Bajra)
20.840068582161294,67.30674129448568,6.301604820779238,266.0867208555986,121.73638671239256,96.94215301419469,30.971472220808966,58.884647004780014,2,Maize (Corn)
27.837717352710918,55.538182078056636,8.762188212028597,108.18130368850109,118.43103569960111,85.47995841529523,59.852930377643645,79.638054113728,1,Cotton
38.15525485525481,31.862407792547543,6.329082230784325,56.11409421960627,102.01057764084784,34.42706350956896,93.68267828673132,60.49682647537943,4,Groundnut (Peanut)
27.211990846393057,67.91140550031619,7.973262158535494,151.16914638438422,114.4960074129342,23.64048686117805,8.323277984034588,33.34696057059686,5,Soybean
31.724934509452478,30.73466487828646,6.677447690539166,187.52570119488527,103.44022019849693,57.07140617327275,78.07696433643657,68.74424796542168,1,Cotton
32.10646466069276,81.17917727970274,8.538895469349377,28.671768958302835,117.43670955408056,48.0364012861179,73.65909141423957,41.81098183694179,1,Cotton
22.427430075207344,49.91813347571915,8.584925596425805,96.97078431198456,145.94613137801446,88.38704250830963,96.57557541188727,57.9488490171447,8,Red Gram (Arhar)
26.693650599654923,32.61677019560009,4.893375635419877,29.183964797530884,30.82935693665355,14.503008751379603,93.41756612159163,52.905751968545374,4,Groundnut (Peanut)
26.02827092980637,68.24289436390497,8.714219990896016,137.6939089747397,152.4288929083145,29.485305824594267,77.41209339419832,43.54340008493585,1,Cotton
18.628721004769556,55.84948693814856,8.21490678684187,270.6280081385484,35.8183685242429,76.42089972927731,54.438832644846876,73.26126227468389,8,Red Gram (Arhar)
18.580602333392527,93.29702686821472,8.060898214407,295.1426752181994,22.659319697971192,14.023731272844651,24.405417557184386,87.7810978547576,8,Red Gram (Arhar)
37.96072904821857,65.37291306274065,5.404101028584851,198.3733149810157,195.45514038207884,35.47261933206152,56.797393240929566,10.458701625969395,3,Pearl Millet (Bajra)
24.553699439347497,47.89054676740554,8.123036439395992,65.25855425968571,191.82843608538388,41.7797624351284,77.7084394223671,92.15825369227232,7,Sugarcane
30.43389038973157,76.11352620120836,8.325597306082665,273.63782919980565,21.48294353870717,64.14641067345555,90.08857520059985,55.013331975323794,1,Cotton
25.169413766130553,47.64698016527623,5.80117650504368,164.54939049601694,94.21815388024281,20.022601343339637,80.02264087500217,71.66440547196734,0,Paddy (Rice)
40.57630188276817,88.77581394149173,8.785170352630457,63.049807388817065,45.3865382769572,86.75742658322241,23.55035884315013,85.29496182347718,1,Cotton
24.22312221277857,54.356928082979465,4.724370658796239,278.0834674464652,102.21553045553944,47.51651236929605,61.97019985166564,51.10512492365576,4,Groundnut (Peanut)
28.31176350573444,65.74145658045333,5.174591639612128,232.09133420246883,167.7336761699216,92.11706262865286,36.55647865547891,83.47771845611034,0,Paddy (Rice)
38.94552601163045,33.287251748574874,6.9191151212318145,224.87747636248244,190.61623720114915,49.447641795223504,5.874538402111084,25.630544112057795,3,Pearl Millet (Bajra)
38.206405603003404,57.697880466895,7.091066120050394,218.5705970624333,130.5080041557921,31.12882459936967,24.020988899923275,24.006743034223675,3,Pearl Millet (Bajra)
22.466434028310655,84.10363007796468,7.403175374854065,76.09514990700384,77.24207677024523,18.473738725329113,15.75596174367768,67.8574804593415,2,Maize (Corn)
37.26343943509705,82.36717234861723,4.5763610819195994,79.0818736781073,124.6318574724737,5.355783997572058,85.05831673624951,86.57258448855288,6,Chilli
28.996485281709425,44.580706325479206,8.821650485799587,212.7220395596314,69.28024816060557,55.55496107355938,29.55809395404214,88.53350362317147,0,Paddy (Rice)
29.591252930048526,44.69513961568657,4.700646417303648,81.52237003091113,182.86649175809146,15.179886208057725,32.04630704431777,66.6491603371977,4,Groundnut (Peanut)
21.20351933798265,83.12484529386039,5.143778787255311,142.82807510485367,175.37608799010903,42.21413754496193,96.193974320894,56.24305225841994,5,Soybean
19.934436330170993,90.47589731100615,4.563065328867256,238.96051116630358,116.06403255313559,60.98081731752323,41.01323868964096,39.162591717293424,5,Soybean
35.47054336737037,36.19845988274523,7.050862949823426,239.50670506739547,71.7117939222685,31.190160205756527,5.910635813717483,96.24003657274116,0,Paddy (Rice)
29.915067656527192,59.25381156270464,8.695200977644376,146.9132963072407,65.74403836076588,21.64630777478095,31.96538409288297,38.13322042663005,3,Pearl Millet (Bajra)
28.48441686276431,51.934528132674885,7.4967622473620885,241.81318271706863,16.349418993961297,78.59855414788746,16.333460157172183,75.4883774363802,0,Paddy (Rice)
35.508197487657526,86.59474960473355,8.201958608161924,254.8141029354559,165.0059616948061,94.94516136675395,14.766813364906126,56.81439839164006,1,Cotton
36.37230957578663,35.42911945420122,4.559765415563611,203.33721035959286,95.57281047741151,14.54183969688677,12.361292562896203,63.54908614223051,4,Groundnut (Peanut)
21.813796024064487,43.723186266272435,6.9390688431587675,83.95923864635765,71.77525639605024,19.781080816575745,61.35964966666084,44.626288451799105,2,Maize (Corn)
32.64540358746339,78.91044194312212,6.5680333987748485,96.7232985079533,99.51096744957324,96.20120243900827,22.98803374483657,94.9044350415578,1,Cotton
21.248497974664453,33.334100183779015,6.7453557489935685,108.1555235144459,165.56021818638388,8.589501072163397,39.318065433895995,60.308044696735855,2,Maize (Corn)
36.0330020646971,62.0147997464288,4.824959334008346,52.70515016550656,33.67669946442902,97.87507197229486,86.8916830323516,92.52531148037352,4,Groundnut (Peanut)
33.76692375041135,58.7369572541818,7.579959124811884,96.48469370358464,172.95463776594718,5.441225893073933,45.31212328064619,10.668044623304443,3,Pearl Millet (Bajra)
40.95875090600299,51.73607663426866,6.764491866863855,78.66538280750899,180.52667867058727,87.99852228687648,91.99067825490557,60.39501132081865,1,Cotton
19.654992392554107,55.64720049573005,7.943169824375688,147.4920499464086,189.87450385643876,34.1958921938362,52.3041150725826,73.11244629582389,5,Soybean
19.369313307630105,64.44613815046515,6.6838078532777185,274.36251340423416,85.52271856029928,94.16594152684317,42.88947840977679,75.56705506227519,5,Soybean
24.772489792636804,40.4888782952449,5.1722173630189445,49.254488691108264,51.25667676715766,35.10980242038062,76.28694807361666,89.63796559678796,4,Groundnut (Peanut)
