current_price,month,season_idx,rainfall_mm,production_tonnes,future_price
6868.11232843415,9.0,2.0,245.9617213968342,1682.9806038483898,7870.769416040836
6748.096940444602,10.0,3.0,136.82654404253788,5724.111432607514,7055.758760573476
6602.942372582152,7.0,2.0,92.69954548541745,8232.252353111122,6830.745982212249
2343.69870528671,3.0,0.0,53.0456211266361,483.49123801775903,2459.9093606584784
4082.0442841889703,8.0,2.0,258.34640648611696,5008.846722547435,4234.34096218319
7900.840308406353,10.0,3.0,265.6986779479135,4021.6165119496895,9292.26623127299
7927.769215322573,2.0,0.0,94.56109208514793,2200.0348236271057,8278.40816898833
5415.778047702222,10.0,3.0,194.0929535709738,3844.675037276645,6279.905123988063
6110.236830687372,12.0,3.0,92.42302614130882,9836.625357607583,6555.103596815127
7683.34467585451,8.0,2.0,83.03545560020206,7260.108930981598,7936.4933968026335
4424.531098067868,7.0,2.0,25.93825417679628,3065.41709214792,5070.4000450242265
2389.6345762446563,12.0,3.0,181.6046369240975,6093.015009660213,2576.77889467956
5848.167690854508,5.0,1.0,61.98363209195601,2541.89677882823,6216.151985144391
7740.664981853402,4.0,1.0,23.463931202740945,6147.3546993403115,7466.117275142304
6031.839610130914,11.0,3.0,49.358326014308844,8972.050225900824,6267.763917386771
6721.5873256542955,10.0,3.0,107.85537364458787,5613.080319431268,6964.425118986644
4247.867225808998,12.0,3.0,207.36569323127927,7360.0657569815585,4657.166517051146
2127.010501941532,10.0,3.0,76.73445493299505,4588.056087291338,2394.0806291164267
2597.7335625862665,1.0,0.0,268.52535750886807,5288.826784873566,2380.9474215137834
7887.256391330601,4.0,1.0,100.776754907226,6981.243279673298,7469.8844268140765
4705.69806046287,6.0,1.0,112.74336103862198,8142.809550008833,4338.095431142678
1578.1338361521243,6.0,1.0,81.03361038655365,6628.568726601951,1468.7002085599072
7709.88732475263,2.0,0.0,91.06549438011474,9777.170739511921,7248.544530985185
4735.569427811844,9.0,2.0,40.75783207487971,8216.243619203,4840.0269633591915
6935.744588896945,1.0,0.0,102.53576204053306,7793.886025617964,6611.344663844665
5064.977923239808,4.0,1.0,260.69288868817443,8466.505631912152,4784.2459690434525
2161.064843885947,4.0,1.0,212.75887159077175,2883.9882607010554,2237.594303248473
5501.202283857654,2.0,0.0,265.0750970823726,4377.266824088969,5796.902061793869
7983.10179607746,8.0,2.0,49.360524026219856,5688.182892106448,8274.205786611468
1725.79558719863,11.0,3.0,147.57265663580455,4677.624552582588,2157.7727582993225
6971.662283847786,2.0,0.0,84.19136443443222,8489.832400418389,6605.596109335219
3030.625171729972,2.0,0.0,221.94036535572144,367.97832502439695,3328.1475624703294
4060.1304476292066,2.0,0.0,291.6665909232493,2170.8366306049265,4333.273516791567
3922.6118265238197,1.0,0.0,248.3006541340806,8828.894755918363,3627.9205588797745
7342.181762749277,5.0,1.0,29.877886690281784,685.0913630019753,7608.394190437647
4779.160227406948,11.0,3.0,108.66471450038557,2347.184205727101,5574.109399382358
4406.632864423778,4.0,1.0,28.002313326146595,3577.3782707272135,4742.532826313746
6817.163207439046,2.0,0.0,31.24675074067595,7532.33155203574,6436.195661821851
1817.8963729821603,1.0,0.0,42.26428516603589,5645.788892051799,1575.6130083725502
2061.9660481189544,1.0,0.0,97.37154011175733,9550.586557525277,1940.5570090019896
1640.9775696958804,2.0,0.0,105.17677493867672,2355.9626492224374,1564.580690775842
5971.888876049079,1.0,0.0,132.12698370576868,8733.992009388421,5588.895580491675
4916.504891014678,9.0,2.0,133.3807064505629,2900.8435485175632,5528.354273907239
7194.143818143837,2.0,0.0,235.9945233160907,2530.432765352946,7565.824521925004
4740.463869321937,3.0,0.0,59.592908202091934,5033.914461183572,4585.37366198439
2941.827222952962,9.0,2.0,64.16737242519216,804.9246020392875,3391.5629462984007
6733.4579251787045,5.0,1.0,195.4449344682255,3904.6394286335035,6975.784837561841
3413.1050525120486,8.0,2.0,180.08780261389907,3621.1920842864624,3840.7241485754116
7581.9835839893585,7.0,2.0,63.121317534991476,1685.005401447558,8604.079431340138
3127.755271039563,6.0,1.0,258.6340395190973,8621.868968221615,2950.3909375318644
2590.184243656864,2.0,0.0,112.13663594833808,3920.3074727228945,2698.1498377702437
4706.605944819471,4.0,1.0,122.75085759245614,9821.009777185456,4333.456181606156
1828.3482668065817,9.0,2.0,137.72882263368479,9007.108695473966,1783.6665896523816
1736.6762351370146,7.0,2.0,110.356523806902,2028.625925742262,1937.1556627142331
4724.094544160476,3.0,0.0,176.0874146363354,5100.70950614559,4240.431762956839
2898.1947251661195,6.0,1.0,128.82136248429558,6057.860969828874,2804.5365345086016
1560.7921495686785,8.0,2.0,92.64172326468054,8207.70897914185,1491.5584174805788
3424.369924304891,8.0,2.0,273.2529629590168,8867.863221548809,3568.3505929980292
4602.887800002847,8.0,2.0,106.33820723924333,6277.77840943935,4770.476163160594
4062.8765594927504,8.0,2.0,215.57689913127012,447.82861110793226,4563.806575015788
2380.55153004275,10.0,3.0,117.22349569993094,4864.63685022948,2879.5724653863977
5267.886380907854,6.0,1.0,141.86159632569212,8859.55500824469,5063.9478494564555
6117.164442459641,11.0,3.0,86.06418655237286,7169.487065188173,6483.946049110287
5891.00455406142,10.0,3.0,230.65229342843116,8714.405219953633,6234.288076306016
4059.452488341271,11.0,3.0,226.41691039935085,6773.389918254802,4407.036070448261
2394.374982612241,3.0,0.0,26.22718482626805,535.9465971682293,2532.6548388954666
4746.664027689698,9.0,2.0,36.85433128436171,9683.265896445446,4953.653065879082
7287.806407091038,3.0,0.0,278.2654073285831,9188.38355163982,6732.298160788267
4546.698518118013,12.0,3.0,268.87151722659826,1353.1374451349704,5354.796265068341
2771.9268233203193,12.0,3.0,161.70441397798848,1215.6425517531131,3133.593217267146
2104.8464701092475,4.0,1.0,158.1400696363342,5436.877154722499,1997.541066004844
7635.523147642717,10.0,3.0,247.47876882746192,7594.803262113144,8181.302245759522
6329.561157699947,1.0,0.0,58.76604112776612,3883.5147981887117,6785.170427244873
3534.2853225531353,2.0,0.0,203.03575397686853,1450.1834190780964,3635.9462504058174
3419.7906403336337,6.0,1.0,153.27523845643267,5154.50537793541,3206.744723892793
7318.920163696884,12.0,3.0,228.13268820837442,3441.9047485678275,8599.407479941494
2654.193526262732,1.0,0.0,28.428781567357326,3582.5423599581145,2708.9407144589177
4977.742382767539,12.0,3.0,185.9631539227028,6485.356814719784,5374.602673567802
6137.7777886654585,9.0,2.0,175.8839002603561,8867.520182372089,6291.75244754151
4076.5372877769823,8.0,2.0,255.4375322849719,5630.058135470878,4192.283819129268
1759.3652265300757,2.0,0.0,209.51416331540779,6907.264857213393,1721.0108153455046
2980.43228917689,2.0,0.0,266.44490035077854,6633.47521606029,2825.6737534080125
7361.752893375429,8.0,2.0,268.4365300599165,5556.347306313607,7487.755338349121
4900.273284457104,12.0,3.0,134.285920251921,3176.5056412729878,5757.679763457678
6800.368102171804,11.0,3.0,58.48155745050767,3840.1624306113636,7928.738379392971
5111.956028139013,8.0,2.0,196.47942363021264,3225.46760505512,5805.5966070389595
7633.413622129971,1.0,0.0,264.6489075543829,9183.231155172343,7331.497958687616
7409.371491119493,5.0,1.0,40.98693637453301,8283.524838053387,6944.904653181732
4638.772273067612,11.0,3.0,176.21851646370595,5835.538991227085,4813.064018428572
3568.781165336271,2.0,0.0,52.1998674647507,9131.210362644586,3394.282101943031
5410.847117746467,1.0,0.0,27.558877691456548,8875.446062164981,5078.8807925196315
5886.7699308515785,3.0,0.0,210.2978991034334,9284.174557543167,5594.971056261957
4739.308099954105,3.0,0.0,210.91789132420587,2295.561190789776,5001.905786600587
6844.840937118114,10.0,3.0,188.18425259898135,7203.280073862557,7111.41585877939
2691.635391601738,9.0,2.0,260.5823850925032,6131.322549242668,2816.8058659960666
3673.6768990562105,10.0,3.0,42.64540314217394,7364.92331456261,3815.218740359388
5961.446322881944,1.0,0.0,49.47287327565262,2707.455702791043,6257.730802980866
3103.4451250191223,11.0,3.0,262.06992263424524,6978.609807239148,3249.315026185272
4358.99084044362,2.0,0.0,160.91748156815368,4157.3023010184315,4532.7838212830575
7764.2680530839025,9.0,2.0,96.45478647470642,8357.508783432373,8101.655657633522
5568.193822462732,5.0,1.0,226.68395383588046,7974.120679101553,5315.325533003248
7668.872025167317,9.0,2.0,270.43304232923253,2192.4403475032796,8768.875948776025
6195.869121115743,6.0,1.0,213.08892013682942,1920.1672363926998,6517.73788550775
6210.334002836624,10.0,3.0,241.74112706996573,7205.544040720174,6657.396464990565
5347.071628986337,10.0,3.0,99.0992272546539,5549.701457808788,5722.6744822129385
2424.3558662957244,3.0,0.0,100.85710063495188,5616.338515752284,2323.494564555884
4878.14289076087,8.0,2.0,261.95468649929705,7549.90170224761,5093.547078653827
3142.3303032725617,9.0,2.0,192.1615976234603,8564.21085091572,3236.5513274651903
7991.371603283322,2.0,0.0,85.56557046864621,2465.7426160262958,8573.752069224905
3235.2526106579335,9.0,2.0,166.7653083294194,5599.841513226446,3396.2117043600347
2999.4579824994153,4.0,1.0,212.0409320122298,8306.651623971564,2758.3218275552695
5555.2405083062895,8.0,2.0,81.19374275022064,8740.662294830525,5685.5527848036145
4821.167285927596,5.0,1.0,203.37379429816608,2945.352944551314,5093.99185818323
1638.793936154342,6.0,1.0,31.80055794897498,1131.123180315374,1724.293379819022
2341.965663451054,4.0,1.0,105.03365444116514,2404.950213390021,2514.01382014138
6771.779121878832,5.0,1.0,208.71210728331212,9460.445188743819,6496.951502171599
4643.997708459144,12.0,3.0,61.817738337172436,4678.549153108621,5352.574346284036
2449.0988963495934,1.0,0.0,82.21572857989969,4243.880526504646,2674.0400447443926
4524.076658432268,12.0,3.0,266.146121300349,229.5350524686806,5280.568753077464
3145.469040035624,3.0,0.0,208.80990784085037,605.0453609213763,3255.0701315682245
2953.344497230234,4.0,1.0,159.69723887186865,6720.089701799764,2757.747480952279
7725.2142968931785,1.0,0.0,79.05014979568664,5939.287980377465,7403.639694527766
3853.1594245753167,3.0,0.0,115.59470384303226,5797.7301551044975,3639.1360374947276
1801.8021803702043,4.0,1.0,180.81253952046058,1192.1964726422684,1838.808157841698
7807.123372142468,9.0,2.0,63.48752629330717,3585.405578697,8819.361171414079
6666.457236019026,3.0,0.0,154.88834237149288,8142.345572537464,6189.559041504805
3153.6864926670305,11.0,3.0,134.51283035864628,1831.621116774709,3641.3622142603094
4157.796925585044,3.0,0.0,153.4724555997331,8838.60378472612,3850.740395413544
7104.882234868335,4.0,1.0,49.55702995848384,1302.6351734541413,7438.592800172081
3823.1878756012825,9.0,2.0,49.81918437260801,1774.5783682274825,4388.630512553742
5188.1262730428925,9.0,2.0,289.95106676896995,4829.724615421912,5927.645265705299
4976.569652819982,1.0,0.0,294.2229654429352,9458.46905404052,4828.28120998271
4108.414566087198,8.0,2.0,139.3261042153091,3362.522013639694,4741.660183326612
5656.762361789155,10.0,3.0,240.91872702223446,6616.358136224684,5976.507415750191
4576.3897924622615,1.0,0.0,203.62159953846154,5927.845434291855,4349.096014899445
1637.9981958808235,2.0,0.0,52.73671929314891,1581.2641013555194,1717.293618137151
6793.490199711594,10.0,3.0,103.07002405371537,2556.8523238022167,7817.060260243085
2235.5125878991753,11.0,3.0,107.82239442046573,9308.512449173837,2281.204630571943
4516.584550793862,5.0,1.0,186.8168417605827,1929.8132741656852,4729.030844161466
5269.355141028731,11.0,3.0,182.3934794480516,6980.597908575621,5592.762155243306
6085.78935225639,11.0,3.0,278.5824342367716,9650.475377743014,6516.265875137212
4170.177479371671,12.0,3.0,241.2101679133567,1283.1093228025532,4941.220046103954
6281.065165698455,6.0,1.0,259.91734608883263,4051.9017028544135,6453.463023815399
2353.7755506707067,2.0,0.0,269.5440118110826,2316.928229983099,2512.9520669608446
5747.396063760064,10.0,3.0,244.3574683153945,2293.4590223049745,6773.224747498138
6871.203029307069,5.0,1.0,113.20675309599015,1277.95985559684,7264.633035303993
7281.3858234437575,3.0,0.0,80.20363197366001,6530.5567215155115,7002.665779282896
5267.18222370028,7.0,2.0,180.09485464589315,7488.800748116047,5392.698323693449
3533.818787487742,12.0,3.0,213.07912860692923,6800.259709228257,3859.6302488453643
2561.817326138572,12.0,3.0,128.23903130968642,9254.098930429613,2654.621598699997
3746.1318937033916,1.0,0.0,257.5348219900629,1542.2202063087361,3857.7794387587837
5009.833425503859,5.0,1.0,288.95864598903535,3266.469196511561,5294.626871989895
2776.1464559451433,12.0,3.0,179.43080331845857,3511.270816054314,3235.2468285670748
7691.346887005104,3.0,0.0,147.84577742054114,2397.612828084356,8096.844836524877
7331.380287673911,11.0,3.0,256.008392743905,1507.8289471539695,8781.141787892078
1714.2217666253032,2.0,0.0,26.795473157028265,4918.364411670011,1831.4124608368866
5152.7516884975275,12.0,3.0,56.12353243358945,8360.952317669542,5499.501359670499
6630.507136602985,12.0,3.0,256.78414452175497,9549.943283472849,6985.3219630534295
3095.0477395710454,3.0,0.0,224.96800398143787,1380.472258963127,3113.80174201965
4905.325510552835,10.0,3.0,136.51827549721128,8249.256557920085,5213.4626140063365
4138.947235660964,4.0,1.0,268.8785201628334,8263.353117356222,4017.3494936065713
2777.550717417497,11.0,3.0,118.40832054070839,3950.883403370413,3240.564603118123
5495.792995192847,2.0,0.0,197.47670020273688,1189.293279039996,5802.6996448889195
7958.999140144401,2.0,0.0,197.61365169125645,9901.07926689329,7675.168964954668
3874.3671918196414,3.0,0.0,71.61292993198614,6590.371002235305,3792.770137287088
5090.463553719035,2.0,0.0,99.75848612593624,9823.737380911647,4870.245647041226
3631.0554305397536,6.0,1.0,276.481938354904,4888.1896052781185,3826.216720359329
7200.16600921623,2.0,0.0,71.35615906215676,4012.4106993736145,7438.6836657567965
7119.917552754006,1.0,0.0,68.60089411733486,2547.1362121074926,7425.497858857551
2662.0270216618064,8.0,2.0,154.29233264548472,9837.362817542993,2708.7792595835676
7349.667682547394,10.0,3.0,45.815263106595474,2607.2469676765095,8575.022665761006
2484.8066218644362,4.0,1.0,270.49533291562454,335.25128655869844,2628.923213993879
2120.3597375646727,2.0,0.0,48.0417587274919,5173.43729452593,2167.273605365327
5744.075002059957,4.0,1.0,192.63609351542243,3832.799881204063,6152.699679575884
4008.3766881543174,11.0,3.0,115.13891980468907,2687.6867839497186,4733.361374215974
4949.81385750216,2.0,0.0,245.19640793188947,6382.620353163617,4764.677890389039
5741.710082593512,11.0,3.0,185.1470088149108,3706.2592874884403,6693.962711901481
1843.4420456544017,5.0,1.0,128.72571950224267,4082.283794337041,2052.741295990626
3404.195612091457,7.0,2.0,295.484435672547,328.1514785510386,3735.4004964360984
4495.891026497637,6.0,1.0,38.54467677034859,5931.80219267527,4344.122728059648
3232.818163738557,2.0,0.0,181.78016490458947,1308.5031954857234,3434.1062487414665
1818.313997855886,11.0,3.0,297.07912723233255,2216.6681030646755,2077.8685105381683
2063.397726001847,4.0,1.0,213.4667400996448,7199.466424065118,1943.5248991627193
6711.361146899268,8.0,2.0,227.13549685981405,3201.1029892207193,7519.943324331285
7424.013934884019,12.0,3.0,28.985520482256057,1715.7809546399712,8643.30918359943
2489.5164657979176,7.0,2.0,25.98168566714947,5816.49905591856,2426.959573858749
3120.202722394657,7.0,2.0,30.110831355013993,2227.554499885612,3599.710999371598
5739.6211307519525,12.0,3.0,297.682692609345,2782.68431819118,6846.222047318431
7702.766544600907,12.0,3.0,294.2655330074384,6251.259168780951,8022.79897435029
3447.333109366262,4.0,1.0,113.66249921399331,7424.6316355027575,3422.0308951900693
7058.888570534007,1.0,0.0,101.47490855443208,7422.6308834362135,6704.983483076359
4789.160188927446,7.0,2.0,60.86844874499639,4874.209777521221,5454.095910633871
7717.631154025073,6.0,1.0,112.15928376613235,4597.539418993411,7985.71968487952
2385.6813057832433,8.0,2.0,123.64198055323568,7897.687323889449,2553.3750797467965
7828.870588351912,11.0,3.0,229.5191886925294,2011.043778613919,9222.771819355195
4366.361080891802,5.0,1.0,262.5621948175257,1606.8042305317465,4675.785234118096
7694.099537770701,8.0,2.0,229.08583352758865,6680.481153692147,7991.814791404559
4481.486410834876,10.0,3.0,201.0130283067603,4154.118650453627,5377.017972959517
4945.5338717837585,11.0,3.0,234.4520218648634,7128.984759644791,5210.185577509744
6731.037563552586,8.0,2.0,226.7792941625055,2640.342212286036,7616.359636437177
6197.085254806061,9.0,2.0,153.20991424451054,3316.2316225609925,6978.558512971713
5527.421582712355,1.0,0.0,114.03839268918018,8977.108726935367,5322.65822059604
4210.370153332115,3.0,0.0,99.17860072572788,4274.399615533723,4447.51979934782
6650.849388097437,12.0,3.0,210.21952866357887,5950.439350231806,7162.035338056733
7663.484166380583,12.0,3.0,288.60515484466305,1156.153721771264,9101.276483908145
1563.7708301296743,11.0,3.0,182.69532130197643,1870.4088047083114,1700.8137369573844
5320.993126942298,6.0,1.0,275.5074206922345,455.28851534417794,5695.104393733723
7128.876038359265,4.0,1.0,23.984223872425304,4301.271036440499,7561.388716898486
5745.231492746122,8.0,2.0,242.4517810860816,9890.308044500736,5865.069520902682
6705.390175916689,10.0,3.0,259.00874422882225,8751.344211249514,7162.518568497729
7317.8971750184055,1.0,0.0,196.67827462423483,6365.7982579110185,6942.108750540869
6381.181603044876,12.0,3.0,281.5370798212843,8624.855270378914,6838.861679930243
6160.61310887098,5.0,1.0,185.1756380067639,5982.2766278889885,5822.87074297104
7770.848293865469,4.0,1.0,87.35033270748981,3750.811915307963,8197.704887852271
7113.9502762952225,12.0,3.0,80.40082424549439,1818.1093709010415,8371.389949295932
6799.956152288029,1.0,0.0,175.63415467396027,6565.18254342622,6425.382832394003
2061.6218430671947,10.0,3.0,273.8155005389391,2011.2076362683792,2439.6781870391865
3053.694240406216,6.0,1.0,40.26302481142156,4232.5413302805955,3422.8965183056275
5118.9141581130825,10.0,3.0,189.22934341905508,8275.438237337105,5391.681733846265
6112.140682336289,3.0,0.0,235.54497243496687,1379.3700953611121,6397.752229152177
3470.8968064531,11.0,3.0,52.31257949459936,1377.3120486622715,4028.3256524182034
2106.632735285352,11.0,3.0,52.69551339936362,2321.5839143568137,2432.3427858533673
3522.14471429911,5.0,1.0,122.51583906748466,5563.981340510761,3411.2994268549833
6511.689673773375,6.0,1.0,96.68672859392072,2592.062434773139,6894.544754232929
7203.106690718925,4.0,1.0,75.52796449023313,5081.659578824507,6842.482275917274
7433.873714238228,10.0,3.0,75.63436861117665,3089.627849490903,8824.339214765687
3962.6334144369603,10.0,3.0,56.58732907895404,5111.797828593215,4279.717416600471
3921.500736591277,12.0,3.0,191.03912366294668,2848.551345117129,4598.698131349245
4143.598561316641,6.0,1.0,212.67516900354437,9802.122518524797,3813.7094539072723
3942.7615512394104,7.0,2.0,216.82214352613246,4977.9072213054815,4537.474239741412
5830.277948796863,2.0,0.0,169.05911331880972,7462.069997671577,5552.337221037177
3829.101203857953,7.0,2.0,286.8137555063587,7035.41093309223,3930.4357122543065
1632.2355879925979,7.0,2.0,266.54917772521844,4956.537810662176,1813.671315182829
4353.659904471167,2.0,0.0,288.1367199465584,2464.73441051246,4630.91481562403
2956.9884301608204,3.0,0.0,128.86273387560982,5156.110951337362,2837.018708847059
1687.2463956000297,3.0,0.0,265.77928478740694,6841.6190748323015,1583.9378323958445
4560.479184971313,1.0,0.0,233.60491583392746,4653.200778575797,4690.466780442366
2838.704634788905,1.0,0.0,115.19241284952366,911.058562891142,3066.0741946787566
4442.821796458271,10.0,3.0,49.846112381181406,278.0339726250312,5273.150850487398
3305.374912966862,11.0,3.0,211.13394997110618,3345.980403831601,3907.5531296446784
5424.107656822816,6.0,1.0,58.2066507541265,1587.216868323788,5482.771120054837
7940.7030146807365,9.0,2.0,102.25722596031137,9071.283434667357,8144.1297524931515
5057.007484625822,9.0,2.0,160.10208140426045,1840.743433840756,5715.35019128763
5704.823459803005,11.0,3.0,210.36710984157247,4003.3988687145047,6659.392733923987
7475.292425382809,1.0,0.0,279.34374401524536,7149.567369507666,7161.866626398811
3931.0027152130956,12.0,3.0,186.10721255771907,8172.674434159004,4239.775691720116
2582.56492360629,7.0,2.0,207.99566790818656,4829.360216463496,2963.5746007449243
3338.182339048596,6.0,1.0,106.80387804227385,1893.236595123082,3588.1227291824453
4118.16711464457,4.0,1.0,212.44193259999088,2781.8627134009453,4242.2915892540905
5692.614928162949,11.0,3.0,142.58123380442086,4247.787631647357,6658.222830978084
1529.8221912931867,3.0,0.0,259.9407312074567,3709.4864343232716,1612.2966819127105
7046.990895985398,9.0,2.0,129.8861438924128,3551.8602959795994,7941.527514509209
1994.610824823898,10.0,3.0,151.11616606383592,1405.3526373909763,2403.8358677291876
7354.258467970578,5.0,1.0,141.1245719348722,9141.771496492402,6944.7694767215135
7671.324387831843,8.0,2.0,247.11439360606784,394.590403535379,8803.151456157051
7935.6681617288705,4.0,1.0,287.0357751633335,4456.021065969937,8257.958817675299
6761.816198644705,4.0,1.0,111.63736427531671,9805.182775780559,6594.284080672518
2422.060918610992,6.0,1.0,153.0078122133815,6631.266994358611,2463.3016611286357
6090.085780963711,6.0,1.0,217.659354674106,3618.5655709575244,6387.009818306668
2821.588388953147,3.0,0.0,270.7068541697247,1546.366086086382,3054.361444474864
7331.330931272626,2.0,0.0,158.2361951168858,9642.338795893033,6932.730139868306
3557.9385167597407,11.0,3.0,50.490182303483635,238.46498254418225,4265.198615567963
3624.1738509877673,9.0,2.0,123.22798738037004,6845.73694907012,3704.3241045969075
7464.746423446633,2.0,0.0,174.10132792323165,8813.36096730874,6988.673910393623
1586.0019600940795,9.0,2.0,136.90688967048914,349.08884987379776,1515.9007677323743
2760.7799846432035,12.0,3.0,72.23560350065962,7279.231154495961,2915.9728279747196
4242.5597326624575,11.0,3.0,30.3570586961009,9988.493836421876,4536.408556247679
6054.690187516254,8.0,2.0,212.4744265023706,6432.460438876159,6318.537446474575
5709.18007929078,11.0,3.0,297.9664134175999,4205.321583649647,6716.925775818069
5851.177188586469,10.0,3.0,277.3778574910528,8756.567121627191,6305.885339433411
7220.143184669317,7.0,2.0,211.3158550410278,5586.37453958402,7371.551583692997
2286.697679906168,12.0,3.0,255.62834638460018,7519.4643832204065,2406.0640138576478
4894.051025422008,5.0,1.0,91.60373317081408,5919.0120190031985,4733.671328753194
6215.604979166175,3.0,0.0,194.281642101965,479.0818156306977,6329.2112693509425
5634.769879007069,2.0,0.0,36.96918031171032,2210.135383232941,5917.547079269656
4414.041779605239,11.0,3.0,218.01149964748817,879.7593824688211,5158.916224851293
1611.244808169066,8.0,2.0,291.56425492679523,1156.2088475939074,1936.0005088519038
1892.9397267112502,2.0,0.0,261.02324602100055,252.5143865219125,1945.3270094484271
2273.118624549938,8.0,2.0,169.64344493605847,4269.533292240114,2619.043317805237
3730.980393429863,5.0,1.0,240.84726140757743,1868.6511543662346,3991.2507706481315
2264.7474423364547,9.0,2.0,284.2916667854861,8571.39555289032,2204.2231963067698
4269.535034906954,4.0,1.0,80.48492182298031,7525.371621652538,4044.908658499694
2661.172938806266,8.0,2.0,242.11238363366584,5774.45224867341,2695.8325204883536
6564.58028392034,11.0,3.0,95.55714823127894,4941.311318968915,7795.6498736366875
7164.669508629402,7.0,2.0,265.5452781431066,2633.0995417021604,8178.741770050719
4032.708801793143,12.0,3.0,47.53926159324074,4802.0195121623565,4723.809388504002
4823.656474551652,8.0,2.0,69.90115728355562,6448.169831057667,4865.278898856711
7697.72557014612,5.0,1.0,221.7726097721045,7844.065715908478,7395.891027320421
4980.800409766032,2.0,0.0,68.93770108170972,908.6524559699747,5224.428208126432
7967.975902982262,7.0,2.0,64.25520453285242,7113.800418580945,8045.673151206403
2423.851458998355,3.0,0.0,175.53072567168417,7453.025779936725,2180.0684541308433
7104.471733878539,10.0,3.0,253.79642655853982,5633.824789156079,7594.168599252605
4731.819517374275,10.0,3.0,95.17087907689614,2221.7600374616923,5462.555257010908
1647.641723122843,10.0,3.0,255.5186911575358,5437.927416261633,1901.8625928909942
7819.449119355765,12.0,3.0,246.2269510328729,5076.778329971573,8244.928240245788
7772.811348331827,11.0,3.0,182.14951226861393,4809.529954229282,9140.797287609648
3991.2604611887664,10.0,3.0,201.03757103243564,4660.335163125123,4706.451259650815
7701.923462058382,2.0,0.0,31.3235322513343,1197.1731062860454,8028.669416022353
2416.5626745505474,3.0,0.0,122.7979563250397,1910.6356000879111,2358.2046458318373
5920.715917284435,4.0,1.0,93.75058071313872,1063.5876756682892,6232.023320957955
2747.5384147709246,10.0,3.0,62.00108100369227,2500.530493913046,3170.845976562427
3103.20703617638,11.0,3.0,129.1046121639548,2708.4201490336627,3658.6945487527387
6565.693341816935,7.0,2.0,119.3731749772812,2526.251028781149,7435.709765441307
3952.8275496744172,10.0,3.0,224.08966987632357,2188.197775037474,4669.5884982628595
1546.3287683860376,12.0,3.0,187.46697533349092,7380.678250299411,1770.2434192152289
4192.549757271365,1.0,0.0,275.6680192645654,8203.797456021366,3939.2276283896263
2982.4505841142363,6.0,1.0,60.71412325563489,3338.3812440684414,3094.0655409725487
5941.644438128893,6.0,1.0,36.72960949058728,3120.776027676044,6105.462875815027
2763.9165287027517,8.0,2.0,169.69018049751602,8455.92026254983,2820.16364236108
6974.647934837092,2.0,0.0,20.28759881101982,6276.846626491331,6658.705137237234
3236.104578703068,2.0,0.0,240.56130407779037,3005.0394154116693,3359.2302174325396
4054.683678839589,1.0,0.0,161.67240883180264,7164.761696607164,3885.263934930049
3437.239595181137,3.0,0.0,156.65836129621022,3511.468821308357,3594.9008929010583
5685.501760760878,7.0,2.0,121.49887404276883,5906.900581987514,5729.143507503141
2157.5630179715786,8.0,2.0,124.99267412165352,9927.076896879234,2238.618462133488
4607.645922538586,7.0,2.0,140.71742991018363,3085.7843146387295,5208.603905473556
3673.956298897878,9.0,2.0,24.489056439288454,9312.207407012498,3779.299788381971
7246.896761374046,8.0,2.0,43.392820420537305,3274.4589014185117,8172.624936741337
1977.1786082335504,8.0,2.0,161.41344560314639,5448.838373310752,1976.1530502083513
6893.0179220635555,11.0,3.0,62.034234261545144,4653.839517030496,8118.78194095098
2589.9230974444094,2.0,0.0,238.0535303371595,7853.279667204968,2441.978949608818
2075.7547895447083,1.0,0.0,96.85584872126722,704.8177248717486,2317.484788955485
2815.098577799552,6.0,1.0,47.411898457810736,6308.510810279772,2738.2420898824676
2167.2443830767675,7.0,2.0,85.85877925296595,7630.602749053346,2267.1930777941784
4886.395663313817,6.0,1.0,119.98750444362068,4774.23402868298,5116.516982359394
7923.397193952578,7.0,2.0,29.88865040656741,1142.3968047242731,8823.050542064104
1723.1277875076826,8.0,2.0,59.669146828172124,2523.5696334996496,1889.4193168242978
4497.334270576499,2.0,0.0,110.6770912537055,6828.75646399855,4220.684080840929
4009.4571392011017,1.0,0.0,106.93453266673394,8964.83011645312,3786.9855313378534
3707.4416926016024,10.0,3.0,244.10827503675497,4273.925209304837,4357.282670548289
3657.1134678168455,8.0,2.0,256.11153308754285,5648.079147274766,3804.6844152189233
7317.582918072004,8.0,2.0,74.15720776019398,2361.0118635959343,8319.990673979259
1623.3449763546262,8.0,2.0,54.70316749559727,4180.911808965027,1933.6094585037386
6536.956517970899,10.0,3.0,197.56549560999713,3434.219096927866,7662.508707252238
3144.065662238621,7.0,2.0,245.2945955947208,6589.702924918084,3246.384404990438
3991.4208203142366,2.0,0.0,289.84246722275685,9848.519621583599,3819.3573175208285
4230.974433515756,4.0,1.0,21.902959729023998,8151.704174658294,4039.083814588655
3480.7564014793325,9.0,2.0,135.82987175950524,2002.4293907692331,4049.7289791127746
2108.132601930086,8.0,2.0,225.51659354642797,5819.018073736992,2227.2459954000437
2243.150517391326,4.0,1.0,251.99660368481923,757.4759779891757,2249.7557857007787
3437.8523065371883,8.0,2.0,37.44006563126738,2544.4633197420917,3889.3780276884245
6841.758843767129,10.0,3.0,210.57206544995566,1804.954992997865,8044.790505691762
2375.0797431181772,6.0,1.0,100.9028408717116,3421.9008226306833,2665.9570153696864
6327.15891544855,11.0,3.0,40.8871486132751,6820.258293537714,6705.713791537621
3377.65324129037,9.0,2.0,156.94872289130683,5043.993837476585,3386.873513297025
7242.522078228603,1.0,0.0,64.28293609716087,9335.801672309255,6915.462008675304
4284.135090104166,6.0,1.0,226.36210505727172,2206.2135145002358,4538.100702179277
2616.201536432941,11.0,3.0,227.55330391584698,3705.670547914008,3070.7511777467635
7907.988925718317,4.0,1.0,255.77897419650265,3365.540510245448,8285.76749176656
2648.124374994425,3.0,0.0,125.71923184137061,2436.039897003306,2856.4429102291133
5189.528838009751,5.0,1.0,23.726743224580215,9932.39061434982,4861.764543768478
5200.362107624873,10.0,3.0,92.72606274485432,3933.5328998862387,6088.349571137369
3923.2874326555693,11.0,3.0,150.98727586707753,9411.038906946023,4132.605839376455
7684.675851569352,8.0,2.0,214.32315823649412,3965.687391144596,8801.933983489293
6985.184655676256,11.0,3.0,126.97136399228758,2120.507619532543,8237.416691338185
6893.827145448573,10.0,3.0,170.09355089879867,1280.1426737588401,8021.941195261821
7831.987580291606,6.0,1.0,166.79380448760074,8570.0756124375,7363.227689816004
4471.21069827606,1.0,0.0,66.19505782032864,417.76664080227454,4844.644443078835
2131.70754153019,6.0,1.0,194.45386002240355,9647.506424558886,2111.7795843022436
6475.463515423659,7.0,2.0,142.99048389751138,4240.092996676929,7410.499649012309
3975.28176643757,6.0,1.0,246.21723646269805,2549.0060757351357,4175.025610037315
2737.243486722869,3.0,0.0,213.37113827609195,6212.716708932088,2721.059171596358
4641.107730931648,11.0,3.0,51.2113721353153,1415.8386191782447,5369.670308697358
7517.173111086561,9.0,2.0,156.85235481023918,814.241178306922,8584.71170894852
2613.8206235950847,10.0,3.0,216.69842037837248,8295.055183904713,2745.6432629831247
7016.542298993322,10.0,3.0,44.363283226055934,4304.240668790735,8231.54227804373
4218.332120498262,4.0,1.0,241.89916911585684,5230.723629834867,4065.47865565994
2389.212874570423,5.0,1.0,82.16126410043184,1849.2904878631423,2497.1889176044238
7014.484975926267,5.0,1.0,160.8637427326331,708.1000208167286,7330.43323596568
7802.532217744286,3.0,0.0,283.3571604923381,3740.9837132532825,8153.046216784466
3393.2596529275756,12.0,3.0,179.97358575023952,5110.847898562884,3451.5206110740505
3472.9853639734474,2.0,0.0,138.73524647710528,7677.763156592477,3360.3923853168276
4038.5488897595656,8.0,2.0,21.90257967175995,5060.414802331087,4063.0207550694113
6791.847368995246,7.0,2.0,57.35581437674186,7846.819475090439,7117.108153041865
1567.7117788067487,5.0,1.0,182.02588782743652,1242.7845187757073,1623.088363761887
2955.7175862939735,1.0,0.0,158.2710113830467,733.2314432351211,3208.258649404349
6088.34877219112,10.0,3.0,121.87216918111278,1672.723545020171,7015.175673482143
4136.6564281559195,1.0,0.0,278.5004479103529,7742.920056198413,3988.342248444011
3646.921549292829,8.0,2.0,113.09511047926343,7617.369285303144,3820.825968175387
7169.838777863113,4.0,1.0,170.40221180434983,1499.5412646553505,7632.615807505424
7462.670480950556,4.0,1.0,179.23975466675643,406.7877166817296,7713.5609031751555
7661.91042458027,9.0,2.0,167.69114921789836,6884.291168500435,7804.902604652403
3271.578462252928,2.0,0.0,153.7239096312278,8567.289654105476,3154.120335360768
7431.331962004195,5.0,1.0,114.37784608333426,7565.666185550804,7071.640722211513
6290.276105727377,6.0,1.0,274.4538172510935,2107.709908089274,6628.258682418854
2502.395865175774,6.0,1.0,146.22491329256053,5879.302182530822,2348.4531434522387
5466.755184003367,10.0,3.0,167.9656828569012,7597.9206341928575,5940.691404984038
1671.176325495443,12.0,3.0,203.81383547246784,2632.7041750156914,2173.9805946450265
6104.458012510623,3.0,0.0,38.943691880829704,5324.435933557585,5807.553505805819
6268.1888972311,10.0,3.0,238.76067960970866,3213.1579993403257,7407.6638427841945
6630.700305867483,6.0,1.0,163.50204682408994,2333.1966315375093,6966.734820810682
2621.412851795827,10.0,3.0,204.00954203659072,9698.93433503144,2891.907546234555
5583.6246161589515,10.0,3.0,236.1633783158336,9134.56140783057,6007.30589433367
2662.5684513797532,5.0,1.0,264.74782941398007,4512.110536419722,2710.386428297794
7653.225542029642,12.0,3.0,129.82171674682067,1454.1028045333662,8951.17707658729
5887.569502425424,8.0,2.0,247.20036995103143,7306.282302874422,5959.902566048014
2119.6180120263625,4.0,1.0,92.47433075845248,2631.4411882693807,2441.1846992033215
2715.7094950378482,10.0,3.0,204.8939822680626,1768.3262777971356,3244.499308851075
5812.490637843361,10.0,3.0,48.75804419029903,3877.1372756080273,6787.83409201501
4598.358225037457,3.0,0.0,25.60853087874106,5345.513110750717,4314.3961505355965
6285.93483037071,6.0,1.0,46.813675311539114,1064.6592652221048,6664.650073726599
3325.127193016784,10.0,3.0,109.42709623749323,5760.290083180413,3610.3289453425887
5776.463989506,9.0,2.0,28.706491870905996,251.94891014995304,6614.358781146559
2650.2410921978535,8.0,2.0,196.53755621243351,8929.503699871559,2685.1027719030203
5034.116711846715,10.0,3.0,108.63247074703415,9215.342723860778,5380.767672958039
7725.69734507491,8.0,2.0,226.18529896000342,7357.400657767329,7935.438683857529
5583.444509891411,3.0,0.0,32.85623815548958,4718.839144884359,5787.715905590908
1824.9585137819572,1.0,0.0,80.67643863329948,2623.473078576781,1842.0869320409734
7926.953895288074,3.0,0.0,134.24095909231562,7466.709698042825,7563.563404087121
2519.6311427176265,3.0,0.0,127.14243744233296,9324.79229932543,2409.365672065238
6167.449167531183,12.0,3.0,56.67962839417533,1669.4836784846516,7297.188357884048
4961.4452539172735,6.0,1.0,298.358307802864,4711.63769404721,5272.799359708635
3413.344470727975,3.0,0.0,99.64308263347405,3221.090196755689,3703.9623040641764
2652.518155280109,2.0,0.0,221.88898370240966,3631.743711554508,2723.071712154831
2655.065367798652,12.0,3.0,81.6074752192811,4117.002035097032,3172.775768429246
7079.597927853043,9.0,2.0,265.7983390033035,9522.78380927625,7323.603379299518
7173.931342062252,6.0,1.0,128.57232684191388,2660.507961894127,7507.657476163329
4523.445890560628,5.0,1.0,272.2526969169493,4977.490807025716,4759.367239774201
2173.53950901233,12.0,3.0,115.7137774975119,9519.725969451725,2289.721353053433
7247.073175004134,3.0,0.0,22.420270019135767,4812.963213161342,7778.114064422914
4665.607160138079,7.0,2.0,164.7657207019692,8649.635267022388,4795.301161536958
4351.955748634939,7.0,2.0,166.940622122307,681.7712658202812,4971.2382276489325
4147.820658844532,4.0,1.0,53.553571180817954,9535.001142786037,3919.310882148928
3872.5921300848368,10.0,3.0,85.78980055740188,1956.558355557904,4515.797579679705
4919.035123455862,2.0,0.0,239.37876547477782,9801.356843839714,4568.923154346934
5429.517972976077,2.0,0.0,30.291630896024586,1838.2109660596295,5788.983361602907
4531.809323224214,12.0,3.0,157.06747227227058,4499.222883170244,5390.882763903403
7328.213062457789,8.0,2.0,168.51427455579758,3155.2834665681908,8286.105897271951
3564.7979854417326,4.0,1.0,212.83937698931473,4388.991068840936,3671.008292468704
5259.027069114079,7.0,2.0,30.487754872037854,2580.1949252627023,5978.129378488977
3449.700481260904,3.0,0.0,183.9809715853299,9656.642383033655,3237.399712694101
6396.775154651473,9.0,2.0,20.867450241891294,3126.6773423236077,7236.179619884202
2163.7871456335315,10.0,3.0,94.24994284097338,6567.4216294358075,2201.184727385847
2726.5434791696616,9.0,2.0,159.91159148861473,1460.730147028006,3109.265871830239
6707.80916452518,7.0,2.0,275.1587744791728,8261.436100013849,6901.172458961935
2690.7843689270017,7.0,2.0,55.44514848154992,5470.828640744182,2848.3225932582786
5567.35125026581,1.0,0.0,67.40095612091702,9796.516632860026,5276.924362261911
7806.58243737728,10.0,3.0,207.39001802747174,4291.681946651008,9153.855948179378
4898.788989478778,8.0,2.0,124.96127427027169,2034.9339622689379,5430.685844779557
2718.07690121045,2.0,0.0,194.5579925384041,3525.5880944657374,2942.0576221399833
3584.491797002144,8.0,2.0,299.2871667975948,7395.959500325594,3749.1144330487564
6852.477496952548,11.0,3.0,296.32406517767913,6625.154557859172,7293.335132070056
3785.7959352798293,2.0,0.0,119.03980225843799,7805.639335415479,3490.167654153408
6202.823833693788,1.0,0.0,161.09909907095314,827.35589282167,6415.802862891427
6552.775408746066,11.0,3.0,273.3132444162301,5845.650875913386,6928.384560604671
4757.688507093567,8.0,2.0,45.806945474396116,9328.469902659417,4958.606464987332
6590.886998381528,4.0,1.0,146.64509307431717,1168.2290028676157,6943.658359119936
3559.8695287833934,11.0,3.0,125.7216575286085,1033.9190632384912,4066.937990738729
4855.037703656638,10.0,3.0,102.56717634507923,7194.383208743187,5198.09706985868
5962.628715818913,6.0,1.0,298.3771793382575,3220.3063128575986,6193.628425276191
2592.4754574784724,10.0,3.0,225.39380231226582,6619.934182572979,2716.616908636123
3278.5427879842327,11.0,3.0,128.84915787001816,5499.306679198564,3566.1085674169603
5738.237922058739,10.0,3.0,252.12612966631738,9862.059917565066,6166.725475772965
5759.840778892098,1.0,0.0,157.10650819937592,8901.658527853253,5559.2967305735265
4706.467201944363,9.0,2.0,264.3908354630004,6812.9205374609455,4826.98466766818
6671.3048190837835,11.0,3.0,94.58635677656194,2690.57879842119,7916.096431871826
4633.356863032341,7.0,2.0,82.60806366837832,2692.890805289648,5207.335781577631
7228.594725189266,5.0,1.0,89.24027074928532,8834.213625632565,6846.559714161379
6283.3723006676455,6.0,1.0,170.77456131501467,5894.876546226391,5943.10022768188
3545.5166114717185,3.0,0.0,101.5677495234377,7913.889642315813,3370.149982356092
4069.151055149611,9.0,2.0,61.193511560987545,4553.655644714619,4511.498009634693
5839.963457503997,2.0,0.0,298.495817181605,1120.4290028501132,6113.961238129328
7313.942022352693,12.0,3.0,272.1213036835948,3393.595936572298,8717.328402408268
2661.6067625728065,10.0,3.0,197.8034824980623,1695.3770234547953,3042.6472998407057
4845.313001822871,1.0,0.0,269.63200469870486,7840.144882612472,4496.701649178525
2272.098738608449,1.0,0.0,281.9295665021893,7035.068697605193,2058.5987354650483
3316.458509580853,10.0,3.0,209.31032172243394,975.2879316416025,4113.103962793055
5958.878835406075,2.0,0.0,165.2303380335663,6251.715447742583,5698.123052105401
2005.2751291130512,6.0,1.0,266.9605018201096,8753.941519248476,1883.390141910088
5805.330782277509,6.0,1.0,178.98315913561467,7003.9065244596695,5520.529876204284
7355.272286144431,9.0,2.0,55.50415199908472,5160.007938545772,7564.720517523932
7800.90689162003,10.0,3.0,122.71968012810161,3187.446520894984,9122.630506486808
2908.1093066658505,4.0,1.0,144.85786648590556,8882.257820900366,2721.3265014358294
6367.836717951193,8.0,2.0,281.9033245179667,4285.768333196096,7208.512187580491
7521.407916585943,4.0,1.0,204.57193224563025,8568.396444314476,7087.357113697853
2093.900520521334,3.0,0.0,265.0777175828494,7851.698398360151,1957.450725933572
4191.153455179834,4.0,1.0,232.12567623518214,8180.646956280511,4009.8431086072696
7476.1634846690795,1.0,0.0,106.76104822635122,9898.995449600297,7022.583056066017
2818.1187386563956,9.0,2.0,221.2385180579713,7512.709307142349,3100.18577953729
7569.444444620972,11.0,3.0,74.68392605868489,437.0052636146193,8961.91919574516
4926.74846207056,5.0,1.0,134.28082728089095,2133.7959563093746,5071.479106093077
2149.305036494112,7.0,2.0,245.70572000366099,448.4319882191287,2239.0796306562743
4424.202558910847,3.0,0.0,191.3401653362639,1980.144342422737,4590.4124240453675
3620.6977705359304,5.0,1.0,251.1155016667322,708.2511557925218,3856.481511031307
3334.327043586754,10.0,3.0,91.31700305801436,5066.008707743904,3586.9615659323144
5019.591241618944,4.0,1.0,229.92967307964258,379.24151001747026,5261.702922872002
4643.352489887156,7.0,2.0,76.65082120371423,4778.533086191069,5217.446326640588
4632.786537530597,5.0,1.0,172.68516827144202,8998.524980488119,4328.816700734713
2072.9212521702493,2.0,0.0,141.38968644724076,7510.902524490613,1937.0685438729763
6715.068176676388,3.0,0.0,175.81324017582597,9445.163644152384,6298.32436993636
4629.355549812669,8.0,2.0,57.949358727916305,2343.803060189552,5217.778972990891
6835.887886562183,3.0,0.0,121.14380514364328,5357.749582412408,6600.569567099898
6859.865170081177,7.0,2.0,206.7330726425286,3253.9365863418043,7717.387918932104
3561.379611512281,5.0,1.0,176.38862234268765,4988.815977351137,3788.319094732054
1528.2509747494803,7.0,2.0,173.7115324953095,5615.050712884456,1629.0594051317032
7423.09690347777,10.0,3.0,163.03243139675124,458.2426917110651,8643.193853006984
6444.515505060562,9.0,2.0,284.28777481088594,2409.235738628333,7240.6108327739175
2197.1377193525623,7.0,2.0,281.67951542312557,7077.250514515575,2339.778775014672
6061.225721020159,6.0,1.0,120.84059238352239,7751.987442948966,5684.103311797095
1630.1512463477238,12.0,3.0,118.53060324357733,5737.568538126282,1729.882066177114
1680.4339499345401,1.0,0.0,175.37156784045712,2781.2073766918993,1927.6543532047492
4917.851057385977,4.0,1.0,46.76975955897818,4110.332755555126,5242.130190820185
2124.243290036253,8.0,2.0,104.84187621490446,1050.7644376257072,2415.710327039956
7768.187396151972,1.0,0.0,84.64291842432837,9536.478206246658,7447.036472306874
7309.902973226706,6.0,1.0,82.54910713419997,8699.906964981852,6939.934057740249
5723.778203111251,2.0,0.0,198.781547250675,749.4632343838873,6091.425659923091
1914.1083104490363,9.0,2.0,127.61809361636182,1748.2575900174718,2006.8975895414897
3611.429175745923,8.0,2.0,67.92602493232576,5852.83496776866,3694.185054605322
3916.1994863892855,9.0,2.0,268.5201165965727,2401.0577338792373,4274.0630250380245
4625.718932886548,9.0,2.0,264.7616326225824,9350.56691033987,4758.896040200144
2597.8686810419395,2.0,0.0,261.4896185890259,7580.346750623638,2449.081015128026
5253.825678181774,2.0,0.0,129.408583832182,2805.5859778197196,5625.3753498222495
4332.509211409952,9.0,2.0,35.95508698292667,160.40397078571374,4970.011635226699
7657.43026205358,2.0,0.0,49.887765010442095,8014.52917290945,7232.471733947696
7585.268992563924,4.0,1.0,97.29346233596377,4298.48812505055,7932.035141665651
5175.58070970982,2.0,0.0,81.5916011504233,6459.539347391993,4947.257396642712
5688.270683938479,1.0,0.0,264.71597364167394,2941.0507716708453,5926.8793707311415
2395.677040529326,12.0,3.0,296.18029050899264,1514.4452676458925,2814.726376751724
2951.601052461115,11.0,3.0,248.66862545290468,6785.584758678883,3245.8393649798163
7354.650127312412,10.0,3.0,224.35769276977277,4558.213422651925,8582.738135036969
6044.578498822278,7.0,2.0,184.81475917964798,2428.180040592811,6818.738068387953
2731.296282340004,12.0,3.0,235.57432377036437,1462.5171957054117,3187.4098403958997
5206.366989475949,11.0,3.0,285.16932741386944,5846.747984972171,5792.22035089726
7575.948128181418,5.0,1.0,188.37650757398268,7282.9444080549865,7245.81013477292
3743.6121900523735,3.0,0.0,63.29170832555349,2910.480925018841,4021.3582666788197
2707.832440874054,8.0,2.0,65.88032883524151,7377.911099936527,2839.6861412870503
7623.164299909139,5.0,1.0,183.48158487600412,1912.9097674544419,8071.154024183421
4498.224841898645,1.0,0.0,113.3711911397462,3450.315341841582,4761.02196698016
4212.072991307981,9.0,2.0,274.8692650685914,7474.33463931956,4350.808425086716
3239.1867986528764,5.0,1.0,191.25985347407226,6635.420844506085,2961.1678863627494
7295.304417156437,3.0,0.0,209.41793175854087,2778.183906348734,7688.698802521694
6996.508984782238,6.0,1.0,21.62979882825272,1309.136515314638,7337.6669466299145
4119.437596338901,8.0,2.0,159.67759457753445,520.4869069776951,4715.078786476273
1698.9863193310125,2.0,0.0,140.72612198889527,8395.360281200929,1608.368270033226
4403.234298289907,11.0,3.0,217.64411989490924,843.9053007218142,5239.256678207171
2675.5771077703466,3.0,0.0,127.13882489334239,1236.9670068432392,2884.5505688507988
2427.771455967728,7.0,2.0,293.44100892840544,2453.3352397258036,2520.120029095742
4055.1084773202533,2.0,0.0,207.6568908357925,4512.130071974494,4223.15247573299
2144.000092740077,11.0,3.0,204.77713327992504,7918.89209434131,2132.625146204392
7723.519295055822,11.0,3.0,277.4155205322352,2550.0552268169495,9101.974255357007
1809.0046815783317,12.0,3.0,298.6573534915368,5480.731658761543,1900.724310971025
4108.902578091727,5.0,1.0,75.38979299339172,994.6879682954266,4422.813984643242
2557.5675632060165,9.0,2.0,246.94928010012384,4698.658950851595,2916.8611896196935
5977.2735899369145,7.0,2.0,65.4494586901677,1858.6260344353518,6739.3858528713645
2012.2744198946511,3.0,0.0,147.97216685517878,2190.796433016594,2187.9738640770306
5054.236232356123,2.0,0.0,48.05191321309164,3731.6014976784013,5281.491847347734
6525.159718812594,10.0,3.0,194.54387397080615,7637.342217138488,6902.930136345107
7675.38892781831,9.0,2.0,151.185085753421,7465.465656012323,7906.439073112935
6040.429159301182,9.0,2.0,196.03570553120022,4208.232467204669,6978.884377842699
2146.6964246247926,9.0,2.0,209.82901073231565,1274.844426504845,2502.6378981837006
2075.3835731419167,10.0,3.0,193.44103000874665,2878.847038237069,2486.0055592374124
6255.387315497428,3.0,0.0,102.32815433006448,5103.022187648368,6162.693832404289
2899.6411325225463,1.0,0.0,254.34856402822726,8707.176609081718,2696.0662729876594
4407.055506116118,9.0,2.0,174.47213582503474,9685.720686651972,4461.261522319768
7848.037158783833,7.0,2.0,157.1583285007049,6410.962256736743,8063.7316833473915
6829.394189625192,2.0,0.0,296.37786518576485,3571.796255924273,7292.066009834829
7002.856822451304,6.0,1.0,99.38221387781351,6965.189191574349,6577.37910322517
7095.004380732512,11.0,3.0,167.84848537064846,3428.678344623926,8484.09095954648
5527.044710790126,9.0,2.0,211.05088201023761,6292.187188824404,5555.618074117999
6335.5705051061095,8.0,2.0,55.0632612213054,2513.2890597871983,7174.839508732634
3833.245945122867,11.0,3.0,119.18712276102991,2743.188142190642,4521.774484717985
7989.90047272353,12.0,3.0,244.47284047925132,844.7333315071186,9325.51240261744
3317.5441027551924,6.0,1.0,86.2923056879524,4259.3974069104315,3433.722558698376
5335.048121472877,6.0,1.0,158.12130217300987,6219.927748947111,5132.0261537460865
3333.4009090877566,8.0,2.0,196.5765696752319,7909.069943725149,3535.393792124937
2228.4618286404757,9.0,2.0,207.92545892612802,8122.450593893168,2117.2330071854462
5189.307796483898,8.0,2.0,223.92692377339125,9925.200050120922,5338.648710029224
3796.7663606299084,1.0,0.0,262.4736487720244,968.7816857859227,3977.5399663721396
5290.92523890202,2.0,0.0,130.00064404941855,4982.054007613705,5564.063209297037
5131.410098322453,6.0,1.0,217.85693926987972,5261.608296483892,4849.498275357034
5024.66873943315,8.0,2.0,225.00890137567043,8064.8809211411335,5052.071169093905
2301.457293302441,4.0,1.0,104.07675643555726,2736.9493043295856,2539.9139162111333
4361.175033277321,12.0,3.0,291.08422605925955,786.7859674007235,5221.488207000586
6778.0256060921465,4.0,1.0,262.26136858617735,3206.212221657355,7108.607751285004
3548.432721040133,2.0,0.0,101.16117203587794,9840.885507736182,3331.9460279902587
4384.9047843984235,10.0,3.0,209.01922947235653,9004.467858463404,4616.783440279452
4709.905337081742,1.0,0.0,220.98417764860233,4012.9449133718504,4738.54834595067
7107.753531846341,10.0,3.0,140.8154181571062,8775.092787576099,7590.9553638527
5761.398499969123,9.0,2.0,261.84812006347056,424.2693927549212,6595.851786189213
2151.316476442541,7.0,2.0,213.2642189825311,3210.6203668955854,2450.625053574623
7123.611407732638,9.0,2.0,204.28331184276107,7295.43729507669,7301.918389565707
6908.4288406335845,2.0,0.0,81.8353042397211,2292.3772850667056,7264.520963344191
6398.69887389464,10.0,3.0,134.19584717788308,2064.070419724336,7456.611797239491
4529.377119072445,5.0,1.0,141.49829695705796,8631.894705047296,4262.943844929196
6424.044992657744,2.0,0.0,225.42510704212575,6197.944214659764,6089.536100766284
4611.8234071779225,10.0,3.0,193.1504726721147,9891.324911289155,4962.7142312185015
6288.052973126559,7.0,2.0,44.04096537535477,1433.22979516357,7240.960741389127
7220.716072321486,9.0,2.0,106.15542652842721,3625.6712316081516,8169.9601985747295
7288.520303348879,3.0,0.0,152.45330124923274,3181.0123808564763,7569.36347551109
4454.760732218455,1.0,0.0,226.28522483995803,8813.309153417205,4234.874438868606
7085.72741578819,4.0,1.0,228.19935642230874,2627.4355484258053,7600.933075584713
2159.4729733001354,4.0,1.0,157.3521264000583,3599.2638769742834,2190.8221071544435
2161.826213664077,11.0,3.0,52.741067032989726,1514.0553691867322,2613.1748870395795
5063.73515463862,6.0,1.0,102.01295294439493,7776.469728226953,4917.425241396338
5736.990019965749,5.0,1.0,91.31386702917939,2453.2625111926436,5995.038332177997
2494.4595438596175,12.0,3.0,238.68739488630752,776.3706950989729,2877.4264573613877
4569.170291238954,5.0,1.0,70.396167921583,4407.576453639877,4843.625340427561
2113.3573408035,9.0,2.0,150.1779422706538,3975.435427219193,2424.8045662955024
5413.646656096517,11.0,3.0,207.80126498402922,1858.3311226232177,6422.030401275176
7058.111238893512,1.0,0.0,290.1401228260104,1422.6158429705536,7576.913555357372
6294.653344126905,8.0,2.0,299.7873624628432,8975.916412494282,6471.67805534433
3958.895090790263,8.0,2.0,286.81820019552293,771.6604168571823,4394.00904503967
7959.659678141291,11.0,3.0,221.1078566709898,1083.1784712935676,9365.890981667633
5809.077347029889,8.0,2.0,229.00343324618566,2525.9680832702197,6606.818255068325
6799.114823876114,12.0,3.0,232.57882733052486,9533.107977599371,7335.6316635712465
5853.033017396262,3.0,0.0,261.5293654329612,945.3040702465657,6129.943516631859
7931.205892066323,10.0,3.0,286.4999295986182,8178.546784754533,8406.077642462937
6838.838486915524,8.0,2.0,144.79772046569173,8931.316317856388,6906.952767882001
4876.250916320363,2.0,0.0,136.62304585179555,3840.8906403637657,5163.856485501512
3884.717158444334,8.0,2.0,148.93004946601658,3009.5545583352396,4673.125832518994
5934.006389467476,12.0,3.0,204.74880800784635,6806.03950974834,6295.975519673079
5336.441757245559,8.0,2.0,237.1247109577741,7056.082546041206,5511.345639295699
5590.7788416790445,3.0,0.0,263.7524294523722,7821.77391195914,5267.413271329895
3729.57648084442,4.0,1.0,147.73901119912955,8322.611135156365,3440.5948632025315
4286.734733708605,9.0,2.0,121.74433533043624,2757.1150145221663,4895.896063161601
5127.6277367892235,9.0,2.0,295.3387321166234,6900.919858677825,5263.201120620718
6955.34211249198,10.0,3.0,84.92853388202336,1435.5666704182875,7988.6379928453025
6458.90796545887,9.0,2.0,82.16135387069363,5156.240182287121,6755.641869820011
2271.2631582681374,10.0,3.0,220.31408735141878,6167.580473474684,2449.9011505042677
3096.1026251260464,6.0,1.0,70.30404276873985,1701.1461730978247,3256.8194003906374
1673.2752120646783,1.0,0.0,131.8345199289143,857.4147432234539,1723.1808235405276
1551.7436917763441,8.0,2.0,101.86831024799055,2027.9882341343102,1792.1008753138217
2958.440550321571,9.0,2.0,67.23892789194562,4263.828603738434,3390.983260257945
6695.586162060643,8.0,2.0,182.3180269474102,8889.62568037221,6901.777112172357
7380.859778133516,1.0,0.0,124.58321741129608,5365.952802893798,7097.256232787118
4046.4943783408876,12.0,3.0,149.4255683975649,7510.079628166507,4409.091717261372
5160.790877943411,6.0,1.0,74.84164135114449,1824.030830085321,5579.277866930053
6089.341912709975,9.0,2.0,235.00270474809184,1149.184160746732,6838.366354417215
7694.088545136223,9.0,2.0,108.11938336620881,2472.211840559174,8679.222689083099
7434.059542433306,7.0,2.0,115.96109012753168,3207.4160866245547,8459.118094482703
1871.7499719789696,7.0,2.0,90.60310938803154,5526.209986339774,1858.0882025514
3113.077980860325,4.0,1.0,141.63300019332945,8824.308871607964,2907.9828760275313
1819.439535708651,7.0,2.0,149.80145562682816,4318.316906095918,2101.262800014141
5507.525736428834,10.0,3.0,168.30673657226424,5236.102059665204,5932.074771958667
6118.206557072153,5.0,1.0,290.9191189549431,145.6740062507144,6526.19112114807
3503.8421803173246,11.0,3.0,273.313706252797,429.78942262373766,4105.109250952566
7050.037402865894,10.0,3.0,190.62993667637502,929.3150792827214,8327.896222853331
4443.282877674736,5.0,1.0,30.8929709736673,7020.041446242383,4240.5393526625
7989.479848130582,1.0,0.0,191.43289544548566,4913.294550841982,8390.36643615151
1502.598001830612,2.0,0.0,45.10720989395255,2010.3158654653953,1512.4471687055013
2211.6831047206183,9.0,2.0,218.89638678524923,5966.73444302921,2193.7299783071526
3461.6560790797125,2.0,0.0,129.22174104266057,5491.660303008457,3341.9072575222035
1665.7993866991355,10.0,3.0,254.55501763918522,979.1130879189577,1892.3545283674475
6585.20647529863,11.0,3.0,283.90818867423656,6440.086449899748,6864.506183731581
1843.0166211633668,12.0,3.0,136.7908956103705,7694.833239042051,1958.4287790546073
6368.367616409877,2.0,0.0,148.95548273264893,2936.8886363200595,6803.2052214023515
1841.6949821320711,9.0,2.0,185.24132268359807,6906.139733743645,1665.9910165953256
3142.7272202447966,3.0,0.0,75.19716212025415,2077.2232183869614,3276.7971594047553
6968.299301780443,2.0,0.0,279.6531954319412,7591.615255746274,6673.901525917519
7682.1194125452075,7.0,2.0,141.23997942038434,9126.564274314931,7735.974802614199
4194.421227293329,12.0,3.0,66.70969405648205,4474.484525636306,4915.572730000869
7804.603268031584,9.0,2.0,233.5649133572875,2521.758574295017,8759.263526383613
5574.726004430527,11.0,3.0,81.36238428431585,4051.8493517572283,6475.303532089749
4202.928295814054,6.0,1.0,60.1881970201194,2575.766979291597,4380.881253988595
6718.20873579146,12.0,3.0,177.604181138322,112.26982008711695,7810.761642080184
3419.6353809113075,7.0,2.0,208.01867148164544,6539.5204568640065,3412.0418445628566
3227.6756988414195,3.0,0.0,179.47756738617656,521.0137554257494,3384.32094366013
5767.559899921983,11.0,3.0,203.8229817052617,2182.8683281505873,6960.821567151107
4038.1678527926174,3.0,0.0,52.34672344616845,7252.250605685229,3896.878925548815
2383.467175142367,8.0,2.0,153.28505060755006,6690.677637766256,2526.2799430591367
1935.2675293844072,7.0,2.0,119.96522034479155,825.9562292570399,2258.3743733954257
6620.976745615102,5.0,1.0,292.54321254723413,6634.541936682863,6234.1268193200085
5893.41975671524,6.0,1.0,33.894701570250874,9312.691406800248,5623.61534720877
4176.688459942921,9.0,2.0,103.52237685677845,837.574443280013,4824.180254450659
7325.479628611868,3.0,0.0,283.72141434568215,4215.313453998699,7758.020607465006
4170.568890876897,12.0,3.0,295.3789312916123,7321.39551213,4453.04938048249
6116.920564524993,3.0,0.0,250.9724501635974,6710.457731461342,5852.678255834255
7409.2492888474035,11.0,3.0,41.27950832459461,2342.4543704480334,8910.307080898081
6964.650481604883,6.0,1.0,177.1794079361913,1714.3660472173929,7380.038463057635
4822.181046207263,11.0,3.0,132.0344379477308,7864.0453400052265,5105.5878845887155
5924.136550903762,8.0,2.0,245.80671895471247,9566.822086864087,6072.241140726092
4188.827548727899,5.0,1.0,35.40678595997332,7699.076328674008,3895.054059564188
5706.781619911741,1.0,0.0,75.1960504605166,9635.724373757726,5609.2054147518575
3174.0908492450735,3.0,0.0,156.97461854233623,6089.454698956723,3143.695884818303
4325.823739502097,8.0,2.0,64.14134562539155,9298.078720849979,4444.95219963092
2862.0472944119538,4.0,1.0,213.9602399544035,6935.313375994379,2893.410539192698
1748.2021924170622,9.0,2.0,249.81482191914353,9097.959026990757,1844.247453016304
5325.50902873992,6.0,1.0,217.26557021574015,1699.7307828989485,5557.316766767651
7118.7907447801845,10.0,3.0,143.27943981919503,8174.095635865095,7646.9095556877
1666.2587850507448,4.0,1.0,265.94854655074096,2047.7834294391798,1781.4632020470142
2774.1933147404234,4.0,1.0,58.55211688158368,371.548109264977,2979.9315227395564
4491.20288525773,10.0,3.0,92.89480349172248,5224.1027270253335,4669.1125211417275
5828.329309474647,5.0,1.0,157.07111187064493,3250.692627562259,6054.920642372597
2612.9897588542617,7.0,2.0,37.17480768619055,530.9604817013769,3082.208052950587
1868.5163883090577,12.0,3.0,46.79201883863324,9805.013349408777,2123.552436485962
4873.81666522478,7.0,2.0,131.2841440822642,6698.014345350929,5113.744916678069
6821.613134872507,10.0,3.0,284.28816308567514,9027.940514834427,7435.688127791295
1729.0269105330135,7.0,2.0,274.3558341175601,9990.917600132287,1820.171074063981
3770.9014273336684,5.0,1.0,150.4729603179551,3980.4706930438115,4000.0131677267864
5812.845828156679,12.0,3.0,59.80439246300442,2621.8965844677405,6762.85014181435
2349.8230396660356,9.0,2.0,69.87014366836196,1920.4554875996048,2618.25681171358
3033.654049802919,2.0,0.0,125.71289529055564,5200.352367134292,2722.910473528009
4980.702184610729,8.0,2.0,78.82077462429879,6100.19969727136,5084.481560421191
7696.006026367417,10.0,3.0,43.23316642930579,4776.985086721996,8885.820999901423
3367.7270185844145,8.0,2.0,208.6576953855992,3933.7949469722557,3905.4797327438223
4668.928237934617,3.0,0.0,182.80561858195455,1765.8983782453704,4933.446559315384
4099.550609918719,5.0,1.0,101.56309223386383,4474.410275725177,4142.434600702967
7333.07836819552,8.0,2.0,238.10554711464516,943.907057082743,8300.521774160643
1967.2841162022517,10.0,3.0,237.26568855763367,8663.97281298716,2250.602749427076
5179.959343714968,9.0,2.0,157.4805516595733,564.3362557697981,5864.020603705915
6999.778044734636,7.0,2.0,47.029115543330285,3868.396011142391,7857.878627238038
7922.764250906846,4.0,1.0,277.17143202838014,1091.3649035253884,8176.062281907769
6041.715733891748,4.0,1.0,207.22494659147196,7772.306944724075,5599.178218201649
3969.5805918324095,3.0,0.0,89.17422936254626,3196.0960903964756,4210.906018852511
4176.858291470635,11.0,3.0,190.92727316958346,1219.7455652602926,4877.275540983488
3785.9344283279656,8.0,2.0,133.40601883173647,5361.763858758687,3856.289192136538
5423.485148745198,6.0,1.0,197.8978991260682,9171.142371572447,5117.93115823242
6306.1375096686315,10.0,3.0,152.68385080468582,9095.584224080112,6698.511114330245
6826.539163328051,6.0,1.0,155.93220206712536,2571.54530721462,7069.69308159821
4207.855212940617,10.0,3.0,226.0469857340606,7224.630792006312,4502.446346063966
6158.605264683755,10.0,3.0,191.84320889791323,399.81350912581354,7128.7032917675615
7455.446848193546,9.0,2.0,42.38675354838318,1405.3327853839035,8394.009329208182
7485.361163929584,11.0,3.0,38.30459972496502,5044.7764661064175,8045.2904942342875
6076.188517645176,3.0,0.0,105.40258649908307,2364.688701434686,6410.0943435054505
5639.864253281485,4.0,1.0,140.46887903084897,8002.792354205367,5412.725588313521
4954.919490912544,3.0,0.0,97.0623165702001,9317.614503321347,4879.204587792347
2690.7848431838356,3.0,0.0,202.40876025957704,142.89983317954412,2820.551764518668
2303.59274193522,1.0,0.0,74.63022088317413,2405.8667130496997,2420.48919983398
4657.121544130972,10.0,3.0,217.15950699092753,4451.578126154651,5455.629259429997
2536.387015348486,6.0,1.0,236.48220772890045,5674.484954688646,2374.0945327896893
5250.499516850684,9.0,2.0,54.809406126782164,9167.4374981618,5306.165238097298
5697.067746957918,5.0,1.0,202.22574814163664,8929.646556101405,5418.93954450569
4916.501383880264,12.0,3.0,289.20207325203194,6407.983984732862,5259.561360976294
1736.7736313319888,12.0,3.0,73.99066883373709,2648.1413394304573,2075.3074175818506
1875.2317322151591,12.0,3.0,274.60479271252325,7854.549317795777,2000.3956692262955
2236.7177004296555,10.0,3.0,189.69342579672465,2106.2525357435943,2704.4736800908736
2498.6977324242034,2.0,0.0,185.46456285287934,9655.206008558485,2376.117781062384
7934.236989500666,10.0,3.0,34.5383510498428,157.8151657665802,9297.918548594067
3739.2176096102958,4.0,1.0,229.52407794819152,5740.727988688225,3478.0976745718194
3397.82692866836,12.0,3.0,153.9164547414563,975.1327445241149,3871.9264511877573
1839.7331318174888,6.0,1.0,221.92882971383756,4135.235348802011,2048.553002643282
5629.582539456377,7.0,2.0,246.57070896504968,6385.84204907313,5720.027315443257
5739.240103353324,12.0,3.0,166.66298454423801,6927.025106359972,6032.498098504953
2640.41648226132,7.0,2.0,93.82040771792796,7877.137749771958,2675.6642525339566
7475.070016009985,4.0,1.0,59.64029758998774,5973.944257371224,7079.045412286781
6703.208052868327,10.0,3.0,64.94087582107599,2588.061577731345,8014.053665045375
2997.075559248802,10.0,3.0,262.7417031048236,8903.607105055227,3162.6366267934322
4658.023250957493,5.0,1.0,54.60186677650883,8129.963388835507,4635.792773641749
4479.540565292524,4.0,1.0,127.71434045303917,1684.5179452978152,4708.613369929405
3765.382888225085,12.0,3.0,113.59690096092862,8282.460723657705,4170.929652989191
6814.625633366486,10.0,3.0,262.3275866869117,9729.18070751377,7322.2760164164
2210.2191565374815,6.0,1.0,153.75418019440164,6408.4692563983845,2128.591192298188
4199.542558880652,11.0,3.0,299.00499685747855,2889.8717088275484,5064.889899902647
4282.20234856991,7.0,2.0,226.3753289648805,6105.278929606801,4483.317993147952
4546.716429992168,2.0,0.0,258.2586011132,3491.09718456816,4824.8265782266635
7098.774942141086,10.0,3.0,47.62823448746897,6791.870059358832,7738.504059219851
2918.0846563097584,12.0,3.0,90.86863147417087,5493.5195986131475,3064.9706573572935
2169.000627829773,3.0,0.0,57.92493476011191,9301.957059688537,1980.9575023613456
5515.7550083372025,11.0,3.0,149.81415227215672,6217.294577687948,5814.664869525827
2629.9240873573062,8.0,2.0,221.12049668533473,2218.418668898974,3122.51577026987
1987.0585580550282,7.0,2.0,67.33779909684004,7278.587746084659,2154.7828822513466
4273.219933711847,12.0,3.0,56.44719247952687,3078.695346822731,4983.285690086703
2927.7018005779164,1.0,0.0,192.0904496585233,2796.6704341931627,2885.714787599303
3847.9080226418937,4.0,1.0,84.48757105375871,3978.588593187584,4023.8358208636905
3188.1220206659737,5.0,1.0,154.21102009104746,218.76712272048894,3266.466977011971
2102.1370077022025,3.0,0.0,34.31296376376096,9694.492535596675,1957.515279597936
5142.256819007311,4.0,1.0,210.57158737889014,5370.078002451113,4800.7912542372715
1675.619717256657,10.0,3.0,171.56858685977502,7757.589549342307,1654.0963330027612
7781.4397619635965,10.0,3.0,201.2784117084172,2652.737001540995,9301.629509535662
3718.6483912772806,10.0,3.0,97.1137864167289,7491.519503172893,3901.9484320035526
6018.523818183725,7.0,2.0,98.00883310122872,5714.98797255354,6288.018861717236
6767.358671558424,8.0,2.0,244.38094926541228,4299.027320417074,7656.475060759505
3314.1811710071083,12.0,3.0,221.19744763575133,9709.625339344973,3435.8244295873683
6366.801609215444,9.0,2.0,182.32402233561209,4989.052770049418,7260.678496044635
6910.735560260612,2.0,0.0,195.88017321898255,6608.839960707801,6533.914233692947
3068.562019775488,4.0,1.0,46.332370260309524,251.887695749809,3205.4220323112027
7951.215399824473,1.0,0.0,259.727965246351,3084.4065443366185,8360.36864456288
1634.4764384735809,3.0,0.0,235.57396924326554,8898.046504984657,1487.7755896900064
2910.5031215310173,8.0,2.0,185.33762947056533,7613.694705048587,2856.485294361195
6570.134915800453,7.0,2.0,277.206636708254,5413.864958138933,6736.856854432518
2761.851662862394,8.0,2.0,67.21861415583194,9011.581100421525,2910.773222307523
6038.689111490342,11.0,3.0,212.2640680895667,4913.583080754802,7029.371094399703
7060.947632388874,6.0,1.0,289.63489774260506,5708.419935458979,6720.21723207068
7734.892772122691,5.0,1.0,106.80251007957784,3883.3131872557015,8242.077982612762
4582.608850101752,12.0,3.0,24.28184793890267,6238.396363556553,4868.714625526356
7812.209299383763,12.0,3.0,225.76289075135725,3258.1151561166507,9194.045685818975
4175.544928430911,10.0,3.0,21.954490847715576,3916.3725576693364,4914.857824122782
2917.8322578835077,9.0,2.0,264.3094217710068,9666.63000575196,2939.108342517034
4840.492045050714,5.0,1.0,35.764350588999555,1201.9559300159424,5003.04828582858
5723.851088024702,9.0,2.0,202.7741243641256,1142.0279179358056,6411.706144274327
4476.761554324635,4.0,1.0,125.61156043848212,528.8285926046558,4730.0542878014485
5185.3208857841455,12.0,3.0,76.9353830406852,3268.440745626649,6158.567150636776
4206.659720226726,5.0,1.0,271.51235195907213,4042.46950043245,4481.39928531309
4910.952701138123,1.0,0.0,228.94883853952143,1035.704876288508,5126.216907894593
7691.8718676526505,6.0,1.0,115.32335852011283,5536.3968541316135,7394.742957544469
4748.902491486158,3.0,0.0,99.562866000023,5874.685137643204,4536.046472472684
3145.6676132601915,11.0,3.0,226.08344236511903,7535.164266771948,3352.6497182521252
6431.853039831709,10.0,3.0,254.23981352977253,9762.084354496435,6576.343101372652
3694.2989755800704,2.0,0.0,220.43813000282665,6231.587248194755,3444.191257872556
6805.346610339039,6.0,1.0,199.19698301000759,1205.3429861413595,7023.926108677009
1869.4729283952533,1.0,0.0,83.81892305282167,976.3900081332496,2013.1124553801446
3659.1568512064937,12.0,3.0,258.7851153174122,7797.713950138675,3900.9455562381117
2113.3394036941563,9.0,2.0,229.90535536834497,6538.307872505675,2082.527317279396
2054.5658575979046,5.0,1.0,164.83680113459604,1702.9525075949616,2181.6431551552128
5779.532134620842,7.0,2.0,163.2445734346986,2608.263729566987,6440.110051363527
4004.6762087984484,11.0,3.0,179.36844778605698,7527.379834195931,4177.4744383001425
7164.613122903232,10.0,3.0,251.91739037002557,5704.942239875901,7566.330656299844
4856.63339617794,9.0,2.0,227.83267367451612,5891.500618775136,5026.116770226156
3419.7309376198377,9.0,2.0,259.7485983048473,2179.0858457503045,3989.930217597209
6185.777771754266,7.0,2.0,162.03917606444227,6327.674018411344,6299.727317952363
5556.109145307048,4.0,1.0,194.901736525112,7729.223094531827,5384.100379370357
6697.365035389822,4.0,1.0,259.28010593087424,8863.997032092086,6366.289067669247
5683.323796222252,7.0,2.0,85.0496168494803,7393.501515698687,5849.981267798049
2585.5872111429817,8.0,2.0,144.32579047174272,5806.118944989259,2647.7081140145037
5857.015244835929,7.0,2.0,193.78262635422834,6765.267141743091,5993.5125409307775
4045.069784502767,11.0,3.0,276.2409520602684,4902.603478887389,4792.14606951437
4510.429696674193,10.0,3.0,24.434083092914992,2346.292606864463,5363.491018183416
7490.169742292741,4.0,1.0,79.52048428850371,8833.849030442161,7044.892350887235
3839.7663009353555,4.0,1.0,85.64614217316131,5372.964068357511,3632.6339483230267
5477.734429440452,8.0,2.0,111.45155047330239,5983.7512803576265,5753.697532383764
3862.631267179557,12.0,3.0,98.9002537177901,9902.078246156509,4124.014760624531
2115.728654825646,9.0,2.0,185.23885995742683,9851.655214899141,2193.673108205445
4447.914723313954,7.0,2.0,267.9736739913287,5904.478751499379,4656.941989237511
5380.899778987738,12.0,3.0,198.35379550026903,436.1768939729152,6287.8385801468075
4148.771398244391,3.0,0.0,87.62743650722057,4021.860626643949,4353.493118404511
4039.3302004081984,12.0,3.0,261.85079801962365,9379.203472503803,4363.19492496221
6832.460340313581,10.0,3.0,196.97282096130374,2954.235264522491,8134.08553871104
1692.9536198815563,1.0,0.0,81.30939499661244,9992.759983443528,1419.0944754070451
3421.30507881078,5.0,1.0,121.2666304066209,934.7435158798695,3533.436829479689
6776.422224951875,6.0,1.0,241.1901458871391,5724.330391951353,6357.73188919634
7483.445965972564,11.0,3.0,226.90073081639198,5202.948665729473,7952.480499523444
4179.9473079653835,9.0,2.0,181.44306346157992,2627.9938423402305,4666.246425105268
7277.162580774497,5.0,1.0,60.534900767357314,9491.21059338649,6966.432891696564
2793.0457938127124,1.0,0.0,244.92100324806117,6229.794978973371,2667.1863314059888
2939.275941091122,11.0,3.0,106.11190799476947,2379.260006102294,3527.723720271493
7000.243947801223,11.0,3.0,236.04742291976547,3902.0771585995285,8308.527519204126
7371.175318714018,4.0,1.0,201.31858241343247,7240.171326132419,7056.943434251585
2948.237491757339,2.0,0.0,93.96767886018509,3047.1974556935047,3068.7861222564043
1885.607234795972,4.0,1.0,79.46338387714387,8808.101400405692,1799.669076156703
2087.10689085937,7.0,2.0,56.65477851216126,1740.1715897804786,2329.909301808942
3198.975429946361,9.0,2.0,87.7449462446724,2718.600389662002,3518.459312441591
6449.419001454166,12.0,3.0,64.1921262857592,1534.49627232439,7660.819773477117
4814.946880675838,3.0,0.0,192.77434938057038,1131.3705037190332,5048.9690545280855
4461.327474578003,3.0,0.0,187.659273313631,3073.1226922928754,4564.184891176934
5296.909552579006,11.0,3.0,184.12817683718322,9991.869588720861,5678.867729631071
7286.45023750421,4.0,1.0,199.72914658295474,1033.8611912905144,7632.856835969601
2087.7974671767743,7.0,2.0,248.13966951007856,2208.721699288154,2202.778009968792
6015.706829637778,6.0,1.0,275.794759233945,2789.0063108722206,6206.593829322494
7524.140496760134,5.0,1.0,84.5051506124934,6229.383876274818,7091.8845792292395
2886.7752714296003,4.0,1.0,184.5768572472992,7478.92239443774,2759.2774725336308
6945.520053751924,12.0,3.0,41.93414194923601,7544.1433810550525,7453.074935996092
6037.160619936764,8.0,2.0,53.63988273956664,185.4962211944288,6906.441657464096
1594.0454844754404,12.0,3.0,203.21500762918933,6553.319542114706,1744.2934318762927
3005.475922353833,4.0,1.0,156.24255727332624,6344.29510573432,2852.453136500783
5437.990945823225,3.0,0.0,232.33298431364145,5224.781350709784,5303.869983379921
4765.602206692876,7.0,2.0,139.18969467735997,3854.1647578972156,5460.182601909713
4931.585641424628,2.0,0.0,55.72755391322267,7994.697554866176,4702.77478889278
3007.5477599443475,4.0,1.0,264.1750230726311,3504.4198747901874,3203.2521963999934
5887.522559606074,8.0,2.0,43.20877192069024,2377.121493855352,6644.5277823408405
3231.7194110890496,4.0,1.0,72.91009990990696,3169.942228219368,3388.725893560706
4031.3272821099504,10.0,3.0,97.55352246931828,4452.514379519342,4574.284560597178
3897.9534532204952,12.0,3.0,298.6785699783195,2219.1681412271214,4553.053447989095
5868.16264377934,7.0,2.0,136.7207496492755,6114.955337434317,6161.525913778944
2086.642950940913,2.0,0.0,160.4783885338722,8853.671104867768,1994.180825576835
2836.022356761204,11.0,3.0,235.51509027268318,5995.055229204543,3026.06696978285
2803.2309594529406,5.0,1.0,198.19636389486783,4522.016244026075,3023.28083503753
2204.760381752116,12.0,3.0,255.59779374357336,7989.000785626549,2374.4910794340412
2849.367362436984,4.0,1.0,156.20136840461026,7505.582366457834,2643.980289974607
5445.891741501803,9.0,2.0,292.20975249810215,3733.875403153892,6177.533835838271
6259.093110682223,7.0,2.0,243.10746124416625,6081.119359587083,6331.012001585679
5791.972405299298,9.0,2.0,132.38230872771425,7325.4443171481125,5957.252661486702
4588.722896875735,11.0,3.0,126.75611042466943,2530.086254392466,5329.31813053355
1840.8247121244137,10.0,3.0,280.257533772381,3726.1114029334794,2239.0734304210105
7733.545569464038,7.0,2.0,211.63637802812082,1147.183098444708,8729.021426030515
2592.4969954436974,2.0,0.0,194.0014176671788,9878.03475523765,2396.8958329407487
5844.738907636861,12.0,3.0,232.19257848146702,950.1887391890442,6864.386396316031
7433.789000633722,2.0,0.0,177.0334718712792,1769.2006387234164,7834.709796195786
6035.551123876426,2.0,0.0,64.56669646400347,4850.336301674984,6240.74212032306
2917.3226612281765,5.0,1.0,109.3803293819607,8666.19115209094,2729.7552003808805
3552.67594196615,1.0,0.0,176.22456183851153,3623.2320271847984,3738.72272351993
1696.3381355721187,7.0,2.0,25.086989859606746,7709.101860560324,1847.512411059916
5482.928565473738,2.0,0.0,142.4581973897038,6792.737325830737,5006.484876056549
5484.4543757301835,4.0,1.0,231.62480619726227,6422.774363880821,5259.444713238333
6215.753778946465,9.0,2.0,65.98552126455625,8465.670784571717,6346.678132046585
1571.4758802915387,8.0,2.0,38.0765060439336,240.28586732339397,1742.4848204989516
6815.968377359033,10.0,3.0,254.08815940375558,9298.615081747877,7197.70019669915
6301.621223102003,2.0,0.0,192.83668316974135,8309.339185329301,5957.4285152561615
2415.7629619065774,4.0,1.0,69.4421122970499,9384.88547455309,2344.640189884208
3759.5729602483607,4.0,1.0,245.7653945632942,7956.520050181202,3528.651394543521
5650.411803877409,2.0,0.0,204.27625201641945,8798.054933797297,5500.578574948628
4722.679687112131,2.0,0.0,113.55339550156269,2110.4726771748437,5008.723014211131
2248.1127153582056,5.0,1.0,125.33495614928698,3260.3677620828003,2376.3561211383458
2067.7449383878343,11.0,3.0,63.64868569237353,3220.688033360236,2418.3835581187636
6579.465944202595,4.0,1.0,253.87156637844728,1180.7507841927618,7003.627577718973
2513.7862671157636,8.0,2.0,162.52186246024777,7322.834627317448,2686.026285001439
2618.6023805478835,4.0,1.0,175.96534146022495,1448.091837602021,2656.621927794938
6901.000314818924,8.0,2.0,267.37773625536937,619.8407441827004,7769.582508572734
5478.907624660911,5.0,1.0,24.432572606866295,7776.924013545132,5255.732659939227
5430.651453000821,1.0,0.0,38.738457506521776,9056.1653803461,5234.0533559063015
4615.74751386171,9.0,2.0,65.24211492074821,7664.821144854819,4711.729705357373
5198.467593614891,8.0,2.0,28.41058766468076,8270.986907036566,5274.232162271878
5411.502987416772,1.0,0.0,204.28372385483186,5996.654610524635,5147.2168481232575
7790.870526483272,12.0,3.0,197.48625109272982,8888.688745356056,8407.621714637882
2949.3264985392652,3.0,0.0,79.02453282011597,5017.364475342765,2805.142914416473
2894.655728052984,3.0,0.0,61.83380456827453,9884.393923025902,2648.8076800643244
1871.920170084552,5.0,1.0,60.79171638824988,1123.808923417544,1974.2828367949733
5778.292192260595,7.0,2.0,286.90759572921985,8110.8889963437005,5991.147634957759
5068.774175344703,1.0,0.0,214.18126801492764,6449.755218511626,4807.225281669486
2223.0548250031584,1.0,0.0,183.92007197022218,5848.396075389832,2212.555428751713
3869.503078268217,10.0,3.0,110.2963241054264,7285.524255525102,4186.419198118782
2661.310834652825,6.0,1.0,141.2520954144611,8418.886154908603,2523.304579024475
3654.6313126055998,5.0,1.0,45.03364673577815,8642.552261721048,3475.351268546556
7683.217101064965,12.0,3.0,299.4825286554004,1836.2715331454513,8888.122534437744
5941.572452723438,12.0,3.0,231.42392980005772,2050.6557045543955,7084.107342395737
1549.1991551684227,3.0,0.0,194.0068839119038,260.0484441846113,1600.2977250332192
3141.302479596804,3.0,0.0,184.57481466380702,1405.2403321435004,3266.3710644345365
1567.3500560055636,4.0,1.0,161.2080241692883,2712.4366792142537,1601.7292702836485
6146.645241996425,11.0,3.0,92.07967974891484,7238.2546432478,6576.566342483404
4551.241713360609,10.0,3.0,83.38931296872545,4810.09833912485,5261.964814851064
7961.12149679353,2.0,0.0,173.86908801298284,7603.245002281772,7484.331599416851
6268.291196647278,9.0,2.0,39.65622807622647,4916.704893416918,7104.040208862067
4866.434127601233,12.0,3.0,40.85182368318999,5600.4147838086865,5127.764845240923
6730.585283352879,4.0,1.0,177.02780888489804,1199.5592072764666,7093.933233390369
6081.223733021495,10.0,3.0,277.547373498867,7787.927018292722,6423.230909585576
3084.5451546339164,3.0,0.0,275.99611831635923,7605.452668775593,3057.9207980522674
4946.678786378858,10.0,3.0,23.03192418502185,3144.859757638134,5872.77085332429
5113.99171142146,11.0,3.0,50.070380381285936,3352.922970223979,6068.5251496219535
4433.006040950722,7.0,2.0,183.2617542524346,2274.846360674041,4978.631910132415
2664.7520485598525,9.0,2.0,257.57320210572595,8157.0127927579115,2926.4899757775647
2951.8988357762655,12.0,3.0,287.24574426391206,7495.367339421626,3105.6994801240007
3326.8081062137503,2.0,0.0,260.9630232928182,6130.562608024102,3103.362878719853
1566.6584709580643,6.0,1.0,209.73167788300765,2464.3388209840045,1701.5308022623954
7460.13529910181,5.0,1.0,76.14702172498602,1801.347992876068,7848.760314692127
5959.623945292613,1.0,0.0,40.334012714109456,597.6616266286698,6192.13439781795
5982.512552599061,11.0,3.0,33.30441915198052,551.5536696073428,7211.102534823583
5220.148989759289,7.0,2.0,191.3814996951152,1952.6477841024373,5997.696914242461
5980.520253046884,1.0,0.0,30.132809124300163,1095.272069999899,6279.866689800664
7882.106574178637,10.0,3.0,226.9871878103542,5605.465961932186,8578.65020541273
4003.5421946242063,9.0,2.0,219.49180645827136,3645.0922651653227,4604.879260246911
6131.416314697664,4.0,1.0,42.2910309374701,4504.963243464648,6437.035052849116
3836.9385284539335,8.0,2.0,273.8542622103025,5981.265117513179,4119.2139418078905
7052.877191854369,1.0,0.0,166.14020081508465,6625.107278999785,6752.952110939587
7077.185944785228,5.0,1.0,273.24279885456485,6517.197026837523,6772.546268531595
7364.731765252653,3.0,0.0,272.45081573273023,2682.480209526241,7702.060543342445
1535.5116075722092,4.0,1.0,75.16953788839312,8115.307500931416,1462.6891060495705
3438.2443924746167,12.0,3.0,126.56173582215975,9185.325732200376,3625.4365939238555
2370.5082828103746,4.0,1.0,57.69537338106855,3227.789637509633,2604.2125566342097
4450.91028628602,8.0,2.0,236.9938428381698,268.9476240040729,4918.579133174951
4720.422677415436,10.0,3.0,161.15497635060152,9001.6264478202,5131.799363415211
3163.376278392761,10.0,3.0,280.06612111059496,9243.132456239413,3295.644957914062
6202.402198292957,3.0,0.0,78.30026016535766,604.369760089032,6507.888611954524
3253.503161728301,1.0,0.0,212.7429452253833,149.07025940620144,3392.561008788778
7050.293939341831,5.0,1.0,296.9863117763585,8182.407351628148,6656.167043455122
2654.7858929216145,2.0,0.0,206.30675330987756,3084.4872093827553,2842.707919418535
3887.0294159743435,11.0,3.0,39.25670119259954,9154.363456230287,4135.384161530397
5544.545429757984,6.0,1.0,184.75881791465335,2245.761375368512,5768.356800433971
5434.677958011147,4.0,1.0,70.35596991074627,8625.430699653212,5175.263702524813
2007.1892280334328,9.0,2.0,28.54077767740831,779.5782702778631,2220.465646456592
7000.680979241163,7.0,2.0,113.78899524545997,2680.304788408339,7895.7501905393665
5387.422067293539,2.0,0.0,94.50914325513841,9733.975903541846,4998.269916805758
7154.087066596595,7.0,2.0,240.85585166841116,2388.846877879695,8076.710014041759
7139.631258481146,10.0,3.0,124.63055150186813,1416.8285423429072,8435.742722085392
5048.471487437702,8.0,2.0,225.228458507855,8584.841059482653,5182.701739547726
7420.079472524346,3.0,0.0,24.5469177458128,1266.2278384386427,7936.288539668415
7014.650692287464,3.0,0.0,24.147397361349494,1064.8154749370847,7574.408624799542
7727.799139651512,11.0,3.0,28.207768113315986,3301.9088284764043,9050.75431652452
7028.239590636142,2.0,0.0,81.42036369912253,6389.752215309899,6610.162190487991
6837.825031507471,12.0,3.0,124.71657980799726,7136.3891004090865,7365.831157232665
4550.843124399925,1.0,0.0,190.19682487271928,8824.263959891217,4350.117627542532
2878.20189245653,3.0,0.0,296.0558880315524,5455.02410699515,2825.161739994901
7419.606764990659,10.0,3.0,119.23467876401313,3994.8360889336564,8757.364014125376
6196.569711899492,12.0,3.0,35.58449389200654,3652.454242161205,7271.617353459741
3331.361117290382,11.0,3.0,74.57204526643763,8484.337011926991,3529.473424939464
3716.472197911676,7.0,2.0,271.39851346816135,7265.771563878388,3847.7226173266636
5959.510327071934,11.0,3.0,215.82617324135848,9063.747235878878,6324.029876347349
4605.812504298861,9.0,2.0,241.25623073079674,9643.95101174298,4823.1237288664615
2029.6366520013937,9.0,2.0,54.76709758838194,3070.5032772296936,2197.420984209485
2419.41164734677,6.0,1.0,57.79635683810221,5343.773775138311,2395.5725558643194
6346.716442830023,6.0,1.0,51.428882112570875,6355.025992911846,5879.508560855239
3635.7019351319004,11.0,3.0,260.007366006667,1722.1045730869298,4287.193658624014
4799.721284613255,5.0,1.0,78.79093043420923,628.1356358573489,5013.223930394034
6483.039608647918,2.0,0.0,200.08248870632207,8690.862749741604,6037.579171923427
6382.641359089341,7.0,2.0,164.52658253131253,5401.682756478194,6383.788481091366
2585.5976747672803,1.0,0.0,172.42917532467902,5750.664741964389,2368.5166174205024
2139.5601185937294,6.0,1.0,74.72190034955511,5593.652019736753,2036.23685878887
5342.489904273085,4.0,1.0,197.86890616711707,7574.110977843635,5027.190678757052
6320.613680553057,3.0,0.0,32.06814964833273,1540.469252352228,6553.368452487016
2468.7594929701672,11.0,3.0,298.17223735213605,6179.079563638174,2734.942587154049
3917.709367627286,1.0,0.0,27.492493817964135,4747.847164618538,4015.0200617743653
7156.806973789664,6.0,1.0,34.043831400441405,8979.88577912647,6853.296011624137
7637.450420142087,7.0,2.0,110.90127756967077,5244.247285173621,7764.904370395206
4451.453446172948,11.0,3.0,252.85509961547072,9435.05624333424,4646.521992075332
2016.8535712004145,1.0,0.0,92.01297929748802,3597.2046423810757,2069.389159606604
3175.026965315453,11.0,3.0,152.1418038615719,9672.257593260907,3427.821974871971
3014.3044820509645,1.0,0.0,25.033652729334023,8764.0636861085,2753.8719974205696
3053.2641835168706,7.0,2.0,42.086208615420375,5884.206568380011,3155.645473128846
4710.231084965126,11.0,3.0,190.230493591398,3601.728339858343,5462.370956105277
5290.966735995213,12.0,3.0,74.42037144584,3821.641238780343,6159.715531910687
2296.3123264195797,6.0,1.0,214.3912776454671,7750.245655937088,2213.548037221886
7280.814042434174,7.0,2.0,239.9095290048096,5848.250376573541,7643.99383393302
5529.829851327247,8.0,2.0,258.0935758522393,4075.7170961462775,6197.94569220609
5382.136246742035,8.0,2.0,57.46381463981034,6396.944117980427,5579.662235849888
7917.313489497847,9.0,2.0,147.54239372893898,7359.010639219349,8098.146650046155
5582.935853705315,9.0,2.0,285.18280597307677,326.71507432881265,6293.069781718084
7538.234470457703,7.0,2.0,236.18339188440618,989.64173106335,8634.067970279048
3360.6703203386464,9.0,2.0,52.74890691692153,1035.4058600300839,3743.518318395234
3060.841687252234,6.0,1.0,160.7000686051504,2396.144672107014,3121.554713471265
4857.371464358945,9.0,2.0,278.26656291487484,4327.205348350408,5545.07330420057
4805.95815963833,11.0,3.0,143.21086554649204,8056.134002996289,5241.122185574123
2972.1437216453296,2.0,0.0,254.47693047547128,3575.8804464956183,3180.7504841508885
6047.76176984966,11.0,3.0,158.836241932796,273.0301049679872,6999.606450884278
1692.6198250385064,2.0,0.0,49.90726962881104,4885.282344222117,1728.0241727729185
5989.098071571442,6.0,1.0,61.399379296662055,9966.623094703757,5768.011027319015
4471.656259801451,3.0,0.0,33.06921078629031,3555.307856983699,4821.7278902242115
5978.548820493013,2.0,0.0,74.68812736115807,9616.419735796417,5697.9182854903165
4601.024099169874,8.0,2.0,270.21194796372157,1103.316798250584,5171.227525730013
7852.6695887505175,7.0,2.0,202.05545286411188,1813.6866132625175,9036.608820792577
3675.4521821702656,8.0,2.0,226.8799417672151,7268.808494442512,3765.046452094279
7886.724090515523,6.0,1.0,194.06520835013177,5062.003244809992,7443.923200057398
1922.3306261133398,9.0,2.0,128.23100179873734,7674.705854312272,1910.316619338284
5944.445035924118,9.0,2.0,80.72111718288045,8649.22761578601,6003.399139099038
4452.424844101929,2.0,0.0,279.1720835227526,2585.740273004242,4901.732520663553
6843.894565943052,10.0,3.0,164.15233883624603,6860.008787353445,7395.580447400255
6632.504453160487,5.0,1.0,154.707966738223,6115.252242674185,6248.37576521844
6701.366188693593,9.0,2.0,298.9091448061928,8629.196789002099,7014.14778373738
2115.8008954663783,3.0,0.0,127.50039674877344,4358.028616037838,2264.2551141119493
6845.377049098415,5.0,1.0,259.15508816982697,613.517264035534,7225.574541658868
2891.261023384446,8.0,2.0,261.45633688871976,5784.442659997868,2909.0004475831593
1666.921715083726,2.0,0.0,85.14765890018276,9592.895359272732,1542.445455077864
2915.3016779486743,6.0,1.0,46.55511385804539,244.8486771017118,3057.6728390794487
4615.353180548913,11.0,3.0,293.173632400442,2478.5540853823004,5270.411420770312
6323.723839424309,4.0,1.0,139.25112195795873,3229.071120644788,6600.964419923598
2921.111125413549,12.0,3.0,20.62169016285474,7681.804990120658,3108.4214079386907
2234.5490625867637,12.0,3.0,159.7249934721084,3300.4415324348024,2732.591210119413
5698.7871576556245,6.0,1.0,193.4041018492861,2466.930245643508,5934.40271185292
7895.337236340114,3.0,0.0,237.30470928544958,6520.7243432237065,7565.541423412265
5405.656963556517,6.0,1.0,284.0237931026188,559.4123607138961,5511.10030612865
5991.872866802241,7.0,2.0,276.2477761047296,1788.908913591595,6888.146244991562
5147.58838435173,10.0,3.0,283.2380296153632,4139.4992638274925,5981.536182628695
6585.264887485276,3.0,0.0,28.995041512652374,3620.439627166308,6924.9499693855205
7842.7287313613915,5.0,1.0,219.29675747253097,3536.941609915296,8267.3726174638
5036.839991127201,12.0,3.0,83.24022958559225,1174.6946298846515,5940.138194154058
4209.1383263277185,8.0,2.0,72.51475241758311,3672.316192552986,4764.620481363316
7092.229897540822,2.0,0.0,244.0891992077901,8000.128442714887,6638.297099833918
7803.234234439936,7.0,2.0,136.79631296840637,4197.057597794213,8777.704348391728
2339.6806656521917,1.0,0.0,276.64802121905404,5903.094729675281,2302.41118782731
5258.111275580206,7.0,2.0,31.881825422797853,1719.4361522414433,5914.907989804481
6650.989951548983,1.0,0.0,244.6106322564057,790.1424983389034,6975.275801657353
4966.70613351654,4.0,1.0,58.31363515912678,8811.56481512245,4599.003926273466
4159.780293254167,4.0,1.0,69.44161643819565,3380.588701844992,4436.45517683887
5758.993837380234,12.0,3.0,153.6584803468597,3568.3386073745137,6667.018109547949
3255.832614336764,5.0,1.0,130.76518344438387,8789.109709840699,3166.3180083080942
3769.369329099401,2.0,0.0,156.1282457160279,7106.936354196565,3495.883921792956
7949.798282728741,12.0,3.0,283.20742616869546,7587.000838777368,8539.746015249604
5637.02467343422,11.0,3.0,204.06890195780048,6851.83449325986,5998.609685758516
7174.027439021985,12.0,3.0,101.28662691576017,1147.34322343621,8391.955676574087
6750.495334741433,6.0,1.0,68.4144394489966,9584.158628456655,6541.002708440211
5739.771603561157,6.0,1.0,137.6129570366614,9100.449242566483,5447.27462395764
6964.739035982026,8.0,2.0,146.45948763496654,2438.579255631399,7869.069083343139
3366.5302203182114,10.0,3.0,188.36243477186454,8059.542492324029,3654.7175886264176
5641.256917279939,12.0,3.0,94.48075699113502,4153.0246718234675,6515.68156579961
5338.922681905876,1.0,0.0,234.9025891871087,6869.292981858382,4869.803299489255
5545.727405156741,4.0,1.0,47.56886873422685,1739.4696981510167,5915.652173305528
2596.1075264540386,12.0,3.0,176.92694180818324,5431.687081498566,2695.3542418549346
3302.079759987445,2.0,0.0,194.58886290835116,1353.50136564307,3536.3535420177373
3363.279072151504,11.0,3.0,77.9128426982407,5408.054937045347,3582.221922511442
5412.650056722961,8.0,2.0,251.2831781398939,2511.5801649664068,6044.826007193641
7821.554722858609,12.0,3.0,192.32099505814972,4579.418634811265,9246.73094765566
7701.439082683963,4.0,1.0,200.8022201014324,6712.896735026865,7283.553513331278
2976.7320944330277,8.0,2.0,159.36818161376277,8783.038358440126,2967.9399019837656
3481.494079934021,2.0,0.0,274.6863808093748,1736.3611305442528,3571.465074154982
1734.4022998145863,4.0,1.0,214.29972281653485,8943.364242635213,1509.0550844901186
4092.301334086062,12.0,3.0,126.91395817081352,3961.3727144801724,4844.788359459829
6925.3817909223635,9.0,2.0,86.80964857954413,8453.58602919822,7030.60965793073
7452.38630340991,5.0,1.0,39.89726895057643,5174.224392335854,7076.989218023026
3037.2271171916336,6.0,1.0,66.30103441050068,8635.864860453104,2870.8279617710623
3227.6640776774548,10.0,3.0,297.9512265834247,6661.9582684499765,3358.910044154438
2935.523807306899,12.0,3.0,133.89473087765924,5136.289792106006,3001.565353843435
3775.6731892347616,9.0,2.0,271.63242363767387,3194.132466703255,4484.3102629226305
6730.936090838541,9.0,2.0,67.75941992787403,9692.199967424687,6902.057827122083
5704.573554248991,7.0,2.0,139.1010439754379,8028.886810897536,5998.763102880289
6608.61596611405,11.0,3.0,288.94517076936563,3873.7531332053873,7864.927318848267
5289.702191179491,2.0,0.0,45.51703039740398,1750.5635712845558,5528.494076619233
3175.2650073844543,7.0,2.0,186.3155994675008,7817.400644073608,3272.299068563635
2981.962171381537,9.0,2.0,277.3681321949646,9900.448449328107,3071.6464503948287
1558.5045881143737,2.0,0.0,285.91134442719016,2861.8520425454735,1783.9658726346877
6576.383889681471,7.0,2.0,256.88209359129723,9167.044416116458,6813.756566144662
7006.287970070665,12.0,3.0,259.6616410608418,1341.1699853204098,8174.812833121001
6493.836897584706,7.0,2.0,202.61122715289034,9526.841917093356,6690.806163846286
1983.6133752351898,3.0,0.0,81.7184702665979,7478.8552331863275,1948.7778537870504
6454.440576604129,6.0,1.0,224.58999245577752,3531.3026697106643,6683.13708152193
1797.4884454767505,8.0,2.0,293.9476500484425,3115.855040732715,2077.8838447550634
2186.354927091543,10.0,3.0,167.26138410838703,6470.010003999578,2433.9207589218117
4363.089924062337,8.0,2.0,92.99526054153233,5975.72068856113,4407.932449957946
4594.955558011461,3.0,0.0,180.57189897419937,9197.473344787495,4307.662294704127
6804.771138021526,6.0,1.0,213.3708997473726,7685.807028671221,6557.370381548237
5916.924798265919,2.0,0.0,78.31848663883568,5449.6122384818755,5592.739653320104
2496.5811611029058,2.0,0.0,221.3730173306383,9282.90183421258,2293.1914299742325
2969.9540909872085,8.0,2.0,184.48120048762974,5968.033250198866,3117.7547407956017
3356.888723681464,11.0,3.0,191.45797456145462,8511.879873040705,3617.877940935145
2303.872143456579,10.0,3.0,105.67662032715356,8425.332255768777,2458.8714732374865
3369.6917613349997,5.0,1.0,63.47470683113632,9200.02910360041,3291.173783544146
6235.888011008265,5.0,1.0,194.56597068558395,769.2601096631354,6643.333231014242
3069.1095556973396,11.0,3.0,184.1452369627201,5879.8147126731,3258.9067345561475
6929.837705892512,4.0,1.0,114.64341255986538,4737.086652593386,7434.275702191354
4551.860468313851,11.0,3.0,102.85022691284841,4956.369596300257,5479.65910701125
3599.0824480885276,10.0,3.0,117.22844926543954,4653.114975840008,4073.7770829608603
4180.717679567675,4.0,1.0,157.16733477966963,8390.920225281176,3889.2724017146365
6111.728813857694,8.0,2.0,292.94952583112513,3252.485684427694,6750.277129343247
4859.152571098937,3.0,0.0,233.79809416733778,4681.235708134806,5076.133000075904
1547.3113158378774,11.0,3.0,258.48712696633675,2086.757174720748,1722.740651561339
7495.105002802988,3.0,0.0,161.5818792929887,2591.9944976548736,7804.714781043964
1928.9740195120362,8.0,2.0,167.31461129805754,6638.158825104363,2066.372795761979
7601.038767293508,3.0,0.0,77.21090520236774,1257.6657886815533,7840.704380879377
1682.9933535303553,12.0,3.0,221.89283416430192,1959.4359288473054,1989.5790430341633
6511.365677223414,2.0,0.0,138.04352162137812,5327.542139756009,6195.691508760677
4975.385603191373,11.0,3.0,227.88512046895914,533.3529768338338,5844.462326348884
4787.220173926689,5.0,1.0,134.5355067675351,1356.5772942618762,5037.043477181405
1973.0602665360295,11.0,3.0,50.384812419894274,8647.194095770814,1920.7535867610748
3051.842567196456,3.0,0.0,68.45503258004737,8476.852981370457,2834.486077572818
6554.057560923748,6.0,1.0,247.2396218609113,3542.9834399651236,7005.200508190526
7293.188894496211,11.0,3.0,92.41261707650112,3545.114021580726,8481.04045308677
4939.271426844367,7.0,2.0,94.0192383187794,9371.502947713636,5201.021349027456
3796.73207635687,3.0,0.0,280.2230652006528,355.82727681303004,3874.0228872324415
1889.6308524173703,9.0,2.0,204.13797440271787,5844.925579544181,1816.5980039872363
5934.160419431213,10.0,3.0,52.00611508761977,6014.1667325032,6237.804380893684
3309.902969460837,1.0,0.0,60.20387563694158,7900.081965098446,3234.7344584507487
1857.5891474489542,7.0,2.0,96.26288116167824,9522.330106643747,1862.1967989026768
5828.036239141044,4.0,1.0,186.3187925914572,3622.693111729105,6147.070610173228
4657.178657969429,7.0,2.0,230.7911315735884,4434.551387214412,5287.1315518987085
1577.7539730612057,9.0,2.0,96.85900416689516,6745.854957149756,1614.4186017423715
2221.0062541912557,9.0,2.0,263.77977047619004,9675.989061207349,2380.681864208834
6044.812540098637,1.0,0.0,50.570450087561596,8918.844301993404,5804.293348372668
1913.8636649276255,10.0,3.0,78.12776705209028,6703.824732373441,1944.9186837100035
7128.759921479436,12.0,3.0,291.7301779200057,8581.563359543119,7562.954893766788
3523.6208032295626,4.0,1.0,57.72856182302415,943.5238658252189,3839.277028993508
2076.33205783676,7.0,2.0,268.6711661626671,3833.5567342333416,2380.1254967203213
6438.422958092426,10.0,3.0,217.1018211131467,229.61570741858714,7450.957721589387
4908.7770239446545,6.0,1.0,40.46438537967788,1856.9751587834087,5039.252762951744
3493.1602104654344,9.0,2.0,155.4379120919843,6341.87645490378,3655.1940006228338
4139.639220850242,7.0,2.0,165.31421888054578,8867.060074963301,4303.464825966434
1639.1805714313682,3.0,0.0,280.9990967964345,6364.525068918775,1483.512296848813
5807.540494006288,7.0,2.0,137.90928606160725,6674.96725938481,6018.3469611684
3877.5289782623895,10.0,3.0,145.09381232999726,1127.8338920363985,4687.92544937411
6141.244203232843,5.0,1.0,51.49545134018592,6682.11886004246,5950.810700244048
5583.112448691557,2.0,0.0,198.9683177625455,4598.032501954991,5990.6103140719315
5733.152208413297,10.0,3.0,79.05115324894706,6549.258292660052,6144.513051756772
6653.80262152881,3.0,0.0,41.70931230263791,3329.1137843452907,6972.27996707486
5602.527509445632,6.0,1.0,299.1373200198223,5856.710822465384,5290.202727536003
4221.718540072301,6.0,1.0,95.49629582958546,4298.286038626795,4431.413515986889
4034.5291512751314,7.0,2.0,59.494886236065106,5630.506848807102,4069.3450448517356
2277.2836939715626,6.0,1.0,215.85730488720938,1556.18623146502,2362.4039807086183
6566.382185515571,9.0,2.0,250.07100365813253,4018.6660508111217,7548.286978238466
6447.204871405042,5.0,1.0,37.941698075377076,3805.358706842855,6640.839434300295
3100.939386055902,5.0,1.0,49.51012609154037,7390.305754462802,2822.6388386977933
7107.43243253794,8.0,2.0,45.24867060297284,7093.454188283848,7358.668124137401
5328.521175639084,8.0,2.0,33.14860493030314,9097.700978840197,5439.048892231022
4611.464475564688,1.0,0.0,204.64781401759947,6357.350363603656,4226.839809821786
1613.7259605657232,3.0,0.0,184.72769312702195,3214.016584955386,1689.5055260867741
3987.8177081180556,6.0,1.0,205.58586383678124,7853.92416602978,3772.0970959270644
5664.35999353181,6.0,1.0,161.5868057167707,5020.276670982901,5346.655235735912
2083.3609449744927,1.0,0.0,248.90215191356285,2015.5827852278776,2242.385474341736
4487.187507769064,2.0,0.0,173.06712469960112,7499.373536438552,4156.172486877283
7957.333683850375,10.0,3.0,277.24914174389494,1412.060817620367,9358.863245396811
6157.501141858939,7.0,2.0,155.98158910111812,1863.717979336679,6965.728495299043
5054.660768760428,1.0,0.0,241.38442513924767,7611.683691507958,4804.953748555343
4964.713752103999,10.0,3.0,134.06089903141753,7724.432471305751,5143.880539587717
1784.4730346782637,5.0,1.0,141.862690537404,7928.734561161731,1653.4374718931497
7722.543843151585,1.0,0.0,257.7177726666167,3003.918731729445,8110.2525705921435
7533.154791852779,6.0,1.0,50.14475390014573,8679.215827978036,7199.789823163971
5935.630619390402,7.0,2.0,178.17697139529827,7254.414546024521,6237.668735927552
2143.575722930075,8.0,2.0,223.37421097805995,8356.277354558271,2263.7845628253785
2850.9203288713484,12.0,3.0,230.11777231677502,7115.194298994211,3070.271645969788
2695.411983191304,3.0,0.0,185.61818760759311,5838.0049415887715,2662.359367414169
4877.260153157922,3.0,0.0,145.45805556466388,1183.0082385827914,5096.81736509236
2850.725184262906,11.0,3.0,93.01908428269218,7138.268498324297,3157.485849146521
6022.703650037289,1.0,0.0,274.63934589915425,6935.561677036022,5811.110290740394
5043.994258801029,12.0,3.0,123.5406253059711,3193.662219539918,5896.067025098614
1614.7781507772606,3.0,0.0,243.71778478933683,7384.615713559619,1687.955657297061
6336.372040731735,5.0,1.0,28.86637162953815,5549.500078970143,6055.308263887682
2727.386788250665,6.0,1.0,85.00738011225056,5638.121761579809,2766.454966923071
6861.7532779244,3.0,0.0,116.76374200755433,3739.2863199785543,7229.095522163285
3807.7953412993634,4.0,1.0,208.04073772685717,1256.171909267352,3953.230719603481
3701.027919880637,5.0,1.0,109.41262600532949,2247.591732873291,3824.6763844063967
1576.8126825583686,5.0,1.0,31.581864229405994,7711.433368026976,1469.512572051815
7920.238388999612,9.0,2.0,68.68290449512449,2787.2713499192496,8935.846737763188
5478.028204617114,8.0,2.0,92.56629866341129,122.305237922554,6313.795068592504
4247.746080208939,1.0,0.0,69.29329438202933,9970.472469202346,4033.040836634472
2128.0391289987037,2.0,0.0,77.04287683951735,2185.7541151186715,2105.3192716436465
6044.46241698161,12.0,3.0,235.30794338853923,6588.293173816899,6448.348356938168
3337.748054947602,5.0,1.0,135.36942030612886,9276.527845292438,3180.901695649045
7923.825319440938,12.0,3.0,133.45018850701905,6037.156072875977,8393.461530191636
7678.5578344706,3.0,0.0,290.6497742646561,8010.403089336128,7316.037304505811
6279.428412218126,7.0,2.0,145.07651462437607,9766.079950273268,6439.164796285487
7811.967546839299,11.0,3.0,279.7442771090706,8617.597916704879,8362.634699227141
2186.6201059494583,6.0,1.0,103.73766750067048,5623.250477915781,2123.287415746643
3319.449843487544,2.0,0.0,132.17535277316847,3700.6590117725536,3514.614564173847
3146.0813771426638,8.0,2.0,130.95933969888938,4876.3980467231995,3463.7478093781756
1968.0822799854661,5.0,1.0,172.90207304810042,8434.07906508639,2039.1995042375775
7819.472886814463,6.0,1.0,183.58924143910662,8548.21064049134,7304.020386207155
1889.83156320481,8.0,2.0,89.47500813183528,8473.9637313478,1928.6704497029277
7068.477875963143,6.0,1.0,242.20359011679324,6012.521587225108,6627.499314057081
6493.049259749455,10.0,3.0,159.0272673095019,4821.863585800368,7667.53298239817
3943.136068564487,3.0,0.0,21.972194985266093,3182.2467553470515,4151.365329977296
1622.2478570936935,7.0,2.0,185.57537732867044,133.27246630110008,1826.127783174632
1539.623382382152,4.0,1.0,243.4566436281582,7668.404181523463,1584.0640359780725
2825.959964510501,6.0,1.0,90.13068658832819,2842.2829721391413,3055.9376361101954
4710.197770219655,6.0,1.0,30.60388262133928,3363.8111643148404,4919.538431283315
4476.414858203483,11.0,3.0,246.01002358220234,8450.464125985734,4827.236180481807
5304.401747672029,5.0,1.0,293.3574804720556,617.2864555139442,5694.796255682707
6517.735512794954,1.0,0.0,41.43781210617266,9283.441281428642,6279.956340318644
3952.8049965913374,8.0,2.0,282.65030605120194,113.4830321412135,4471.583379297177
2542.364020810563,10.0,3.0,120.59683535329737,9397.77423677152,2577.851246028078
6700.317959384755,2.0,0.0,283.6030904046645,4602.109061725822,7061.305689747582
3662.48942865287,4.0,1.0,201.67501072068512,1111.0139890030139,3899.102726917033
3364.7323356567795,12.0,3.0,269.2684074855557,6774.197535687755,3518.5058531161317
6468.02824979003,3.0,0.0,240.03324701439576,8968.978614640097,6146.4304586651715
7571.906347540439,6.0,1.0,27.839367989775514,4436.920886791438,7943.87064021618
7447.24833306992,11.0,3.0,38.32390065101509,6944.443249903597,8034.889077250814
2393.375768071661,1.0,0.0,167.20848943319234,9795.69092987401,2422.0122737152847
4770.527997550447,9.0,2.0,56.29332555657554,2482.93815475875,5503.795906846264
2103.6568442331272,5.0,1.0,149.08958696400242,8222.449623534612,1991.629547367382
7746.343732891598,5.0,1.0,287.29648359805094,3022.8473825370484,8225.478219292003
2898.981258199456,4.0,1.0,102.5320405152556,4320.742239902584,3095.8333775758506
2783.2922359775357,4.0,1.0,156.89555986840745,2889.4820981228822,2916.4648816658737
7277.756874542117,1.0,0.0,127.59269641905944,4515.516309497812,7809.035941389487
7791.028608292772,9.0,2.0,196.35154998950958,150.3814210399969,8775.984966613405
6034.609685419168,9.0,2.0,74.27658058243648,3104.0445885696877,6891.560101314101
2286.5327190449616,4.0,1.0,92.78300123759932,4508.411232983188,2468.0242066415235
4658.06146851438,10.0,3.0,260.45499838192285,6359.17781869035,4933.177495337402
6807.933111400424,10.0,3.0,247.17414268089473,6409.877772641497,7288.371885560399
5221.101694103594,4.0,1.0,240.97311288377932,5879.4776228578785,5035.686389416106
2361.866555734175,12.0,3.0,235.85749060901088,3001.0151129637393,2797.1258231856236
2617.270371770981,7.0,2.0,148.64249816924212,9479.30272776388,2723.119046504449
7116.920892926233,4.0,1.0,224.0894163090183,3980.5012550368833,7481.201427408467
4925.689563968643,1.0,0.0,128.417349004193,2247.250018266672,5235.775651089211
6087.93902948363,11.0,3.0,48.198682453054445,5589.678102713075,6459.248833835079
3924.906420514921,9.0,2.0,130.14489966168986,7514.393831821044,4002.010164776881
4961.15628897247,2.0,0.0,64.42565238382065,221.11237094043562,5210.858915729025
7851.170412519997,5.0,1.0,129.4384705771027,2835.8056732159193,8338.422443081861
3643.0697402928977,4.0,1.0,103.27906030160824,8267.280740740296,3321.1272013845737
5886.1254288037835,8.0,2.0,187.76498677901898,5119.508824517422,5966.415144615817
2621.2861217689933,6.0,1.0,121.23131633955856,4144.034215341149,2934.4120317202787
2291.3092541921665,7.0,2.0,217.56510574616996,9315.922667864887,2372.898368143107
6593.660723183693,2.0,0.0,163.40107069334184,986.397461516103,6890.780875585862
6986.703364916577,4.0,1.0,277.45783798431194,6194.144987700706,6700.956343509811
5844.0260197712005,4.0,1.0,45.487121898108356,3487.668290813392,6073.425160743599
2528.272944039088,12.0,3.0,212.55857281957302,801.1516430999646,2805.025869214369
3063.821776676501,2.0,0.0,208.2711257196111,2216.0706352471198,3245.396861330117
7422.642102618225,10.0,3.0,286.1754332755562,6316.538808871115,7839.2284904622065
3376.5763171984163,4.0,1.0,124.0345227722227,379.9416451601185,3553.5163153087296
6822.593355281264,9.0,2.0,105.52263151940545,5963.263272354574,7026.332845705654
3358.59237791761,8.0,2.0,68.27016437982383,9572.819170051313,3457.2850733087303
7606.506700602325,11.0,3.0,94.28078429948222,7971.451017465666,7956.603496471916
7443.94393344052,1.0,0.0,160.5294163714388,3521.411085405072,7818.2435975195385
1781.2106285871216,8.0,2.0,254.5596293487936,1468.2556989799223,2055.461008126949
6507.690914638156,11.0,3.0,99.60024897457956,4704.137895738488,7541.039774556532
2601.501441523646,9.0,2.0,64.16779266406937,3990.2093181662135,2828.568749980092
2899.26556839148,8.0,2.0,96.19597190076723,9720.156304236134,2889.124506301307
4488.993880154592,10.0,3.0,48.25955300797568,9899.693739633378,4836.030667585305
5246.067973371426,1.0,0.0,279.4747165662389,4164.788097605533,5348.506112320992
3617.698173308198,8.0,2.0,264.3347625662292,1572.9614369463745,4168.851636623045
5239.99187610236,12.0,3.0,106.37768075584265,9115.034541464762,5606.71581603613
2609.279413717388,5.0,1.0,89.15658846092276,7956.068529103234,2458.2152869889655
1645.194753476741,9.0,2.0,273.5112479381764,5161.614645891405,1569.5194440751031
5212.95852435146,9.0,2.0,20.496146369867674,3717.010965849899,5847.777563023259
4863.199189755072,6.0,1.0,188.16170783757707,4536.841693237302,5168.911473403677
5982.750766493512,3.0,0.0,276.4810530647877,9028.623635520593,5784.151244316305
5723.84340279086,12.0,3.0,162.39609689377878,1927.9701328590309,6648.73081627075
7333.661471520711,7.0,2.0,20.83074868789749,8087.156859122362,7615.685750602952
4486.546031050048,3.0,0.0,81.28400022784359,280.08726498883834,4765.743351219202
1554.4015855041232,7.0,2.0,278.2836462897415,9213.662732106643,1594.2690509060476
5599.2424303795515,8.0,2.0,24.766278770352187,5052.943068497437,5685.794323198188
5888.36079242092,5.0,1.0,130.53833449769638,2344.803480777605,6136.2676303395665
4889.717431073803,5.0,1.0,241.1285233732339,128.2793778901059,5280.037111919837
5980.481656567902,4.0,1.0,254.66547823180096,5639.510040573265,5695.732918876552
3603.2947860349927,3.0,0.0,153.7302211360276,2520.4299185423974,3889.8489926976154
2467.2539707420146,12.0,3.0,85.09545048519871,6349.516926507349,2644.482863532555
5819.598815716643,8.0,2.0,187.9173209521245,2883.5758863752676,6563.209222975359
3093.7117899009363,11.0,3.0,93.85784883604443,971.4378889832462,3684.9322793583124
4466.053410347331,6.0,1.0,91.47399223885658,5100.011135451237,4415.377545596355
4695.547748975716,6.0,1.0,246.12793375116368,5688.4087892526295,4409.241028688042
4601.797078044525,2.0,0.0,63.194433883051666,4580.641252841552,4904.996444222539
5389.919433919713,4.0,1.0,21.546013952557423,4634.551987864836,5674.656124198708
1691.4491080180826,5.0,1.0,114.29706076163775,5937.5362662101525,1490.9152113073935
7932.936217045572,11.0,3.0,157.47270739860838,5310.899743160519,8322.894227509298
6156.018080600713,10.0,3.0,217.42250973069062,1412.4186347403156,7203.318563031356
4265.020581691957,5.0,1.0,238.7122721292008,2051.1479002018204,4506.070697507829
2743.645196886588,3.0,0.0,205.78537911741643,1503.7313101475959,2951.0972943059987
2021.1525958818158,10.0,3.0,195.42248648873945,6963.626263975484,2024.8333176997535
5869.237734069792,5.0,1.0,206.40964224944182,5333.124280452964,5627.991648978874
3560.211497230629,5.0,1.0,96.02742492270772,4355.565722956189,3728.751651649744
2991.609978624142,2.0,0.0,127.06117043007899,8003.556053201209,2842.2945822155384
3969.703516230167,5.0,1.0,192.60222027987805,3325.3671316319706,4215.277639724303
5354.000070750115,3.0,0.0,38.3597848991124,5724.255964600514,5225.988492821995
5866.083908446008,3.0,0.0,102.69109801899958,836.6352547529644,6183.679447900797
5693.605450804446,5.0,1.0,133.79730453214285,7469.6004298686075,5300.386219647501
7111.226292697828,9.0,2.0,169.36339119910207,6982.40520367434,7281.150775273634
2921.923301955749,2.0,0.0,156.2149900610691,8043.558330039132,2843.9978587096803
5638.850060781381,9.0,2.0,221.07692588311824,8856.311984363881,5856.263634115021
2157.2434452096113,3.0,0.0,152.5594691166091,7604.4798462246445,2102.647222876355
5061.575484344656,12.0,3.0,273.1563954709969,8460.449912260208,5344.713822915588
5295.7296161828635,7.0,2.0,126.48913580267686,3521.9805297210733,5895.931360941984
2905.5424430721287,12.0,3.0,167.1040777293238,3499.039883947903,3464.078533518738
4046.0053449430393,1.0,0.0,20.898909088567503,9448.578117008181,3746.566128928053
6876.753782294716,1.0,0.0,106.93382780493302,9154.287909629427,6588.356974493994
2464.6588493942622,8.0,2.0,262.6404336479178,5530.123676941703,2584.203128174084
4324.290284502961,9.0,2.0,113.40139048696166,3728.931974199194,4866.329747687876
7562.7649628744375,3.0,0.0,90.89217333308936,8673.415149562123,7175.629651531983
4776.708030047406,6.0,1.0,172.19034948382205,3301.770211030925,5031.437660919341
6213.3691269163655,3.0,0.0,42.04442756378029,1620.9873206549994,6474.852409396495
6874.629257111081,6.0,1.0,168.8494368621118,6430.977482554252,6420.363391526723
2824.5334364957007,7.0,2.0,105.02642350781272,521.9559163563724,3199.883374822373
2918.4120309640602,5.0,1.0,127.26880916482853,3853.108871048231,3069.535241350651
6430.844464639493,3.0,0.0,241.58220121440056,8095.871775376758,6218.186030499762
6396.493798146606,8.0,2.0,205.34992521195315,3022.6403373590642,7191.064601368024
1891.191584157524,5.0,1.0,144.909706074676,9320.02324282798,1882.1116988521364
3596.2385645172685,1.0,0.0,181.70456766378305,9562.66419950471,3324.66107797729
4090.461197404847,12.0,3.0,234.72045148966416,8176.581377574677,4244.682538062855
6888.762622562499,9.0,2.0,228.81944865493273,9877.668858021421,7043.801455172382
4242.104660293293,3.0,0.0,71.89007895432995,5354.564703963233,3954.7267064298503
7518.537787621084,2.0,0.0,104.25738215977732,5735.0755661758185,7033.921633649754
7977.95055141416,3.0,0.0,117.50634067048708,8378.051471177736,7734.599449108634
6574.720077013272,7.0,2.0,72.51184120140124,4978.772032302095,7419.6007564245765
5831.513482187173,12.0,3.0,23.405207121765173,4126.5280676473885,7042.764141992618
4047.331578916298,11.0,3.0,68.71083526086741,6186.060552627936,4226.782096055056
1935.7563993382169,12.0,3.0,246.3084115828164,6610.829157403931,1922.9610835652234
5225.401916574849,10.0,3.0,172.85772638989192,7533.868634792047,5663.1308167499055
3851.081886035941,8.0,2.0,115.66424755641063,6715.186902874845,3893.077484492055
3780.8374929102333,2.0,0.0,190.33644477625015,7482.645773106952,3602.904882120627
5970.110142611332,7.0,2.0,227.15355509710167,6778.140741798648,6016.882327518197
4513.655830878132,11.0,3.0,119.23977924584153,4856.407861151771,5305.01020575828
6388.609991014425,5.0,1.0,150.50095562979286,1435.8523849310561,6598.310404976579
4088.1259474549643,9.0,2.0,37.979700667632365,7875.887966459059,4188.504630271916
2480.612005662657,7.0,2.0,187.18535013949418,404.7135987380623,2775.099411262375
4498.7589202366025,1.0,0.0,119.7939867546117,9925.750908437261,4292.24239265566
7681.581343114861,1.0,0.0,141.38662132822054,8301.73905040283,7347.557585647823
6709.910089257629,6.0,1.0,138.32817302513894,6742.015019014919,6393.700984730685
2837.370157976884,9.0,2.0,197.07460084791197,9669.407041359087,2947.225505457255
4043.4532606921275,1.0,0.0,180.29029770725464,6163.455786416472,3832.5579836255592
7530.6486189334955,3.0,0.0,138.18969337743903,658.6855193690457,7872.35555375492
2304.0438817226823,5.0,1.0,24.747406017404035,5637.8835227437485,2226.4511822597137
3150.6765721220836,4.0,1.0,193.8695320967862,2844.321438003734,3299.294575457933
3204.4471981673264,1.0,0.0,266.28169272961156,3757.827527045924,3358.8047755065613
5211.063691802892,10.0,3.0,235.47444004629133,4649.893042915286,6160.030498795951
4169.766578123597,4.0,1.0,294.85237703002304,7768.547389248957,3878.621001375616
2019.1593809759493,4.0,1.0,58.941094645799744,5078.999222272466,2032.5702994547062
5589.679454751056,11.0,3.0,82.30561478059903,4799.33487916828,6553.514512342742
2144.0061193809765,12.0,3.0,170.99489026215414,3089.524163644276,2531.2857256696343
5441.6970578640085,10.0,3.0,86.04687665626581,5444.73519434176,5786.4041137328595
4795.554471469168,4.0,1.0,29.673938758873156,2559.0694589096247,5087.551647354796
4708.846294714532,3.0,0.0,132.64071732590492,2683.838772541457,4971.423143127926
1938.725594444994,7.0,2.0,100.5405255631151,7596.861873930752,1985.1385441510042
5654.932904742983,1.0,0.0,93.85303678448719,3491.2179186399912,6053.579879271082
4303.58168083065,2.0,0.0,286.8883887667896,608.8567620972074,4262.493116135807
4172.189794856962,1.0,0.0,86.76715255432588,3502.40513036031,4480.213235037167
5376.9340767204885,4.0,1.0,56.24111993247139,6421.864857879527,5181.70460529974
5440.612389652559,5.0,1.0,55.08939221419832,8158.457308105491,5021.716439545735
1597.7164224529254,11.0,3.0,245.77074057678817,9623.173145784378,1774.3129309072929
2313.9683578208433,10.0,3.0,220.15746086748726,7487.582172602261,2546.7397283661403
3037.368435490684,5.0,1.0,56.256134758777414,4345.630933226685,3234.177936455703
5906.852666748864,2.0,0.0,81.53087328102016,3061.2808641290803,6077.468304591795
5248.817325692448,11.0,3.0,229.2560423641885,1383.3369026918049,6227.221392419458
6424.589360500899,3.0,0.0,96.89259139369196,6314.095701016532,6183.935640956008
6313.95073603507,4.0,1.0,294.8317810440586,5147.844809679163,5952.476679650847
7045.68864983998,10.0,3.0,171.35961865385445,6809.245012796998,7531.903431908624
3949.2965982706905,6.0,1.0,73.76223171482471,2447.618248905189,4118.504796542669
3742.915130191468,6.0,1.0,260.4663672635653,3304.0772642884613,4000.8910459423887
6901.6001198475105,12.0,3.0,109.45315285122584,2991.7439600365265,8091.201206122455
3044.4099701366995,2.0,0.0,100.86605941802578,7996.753237526665,2845.7800746021835
4497.620428878445,2.0,0.0,111.68354536641957,1795.175167147133,4719.35772690879
2763.116738144623,9.0,2.0,235.09522950245056,6123.8739585425055,2727.6256036977143
7439.964823904888,12.0,3.0,68.49962592046548,608.4146560151567,8738.312074253561
4150.719585128065,2.0,0.0,126.90001847306264,5540.323001427025,3972.1510248603204
2881.164838500384,2.0,0.0,28.63317637963492,732.7483599552535,3094.819821974712
5998.087038697928,3.0,0.0,251.45545285789018,1841.1782488010747,6317.90792972388
3090.190408368111,9.0,2.0,115.40125456596147,1218.950490330266,3389.667792122527
7632.773420606452,6.0,1.0,89.48841754634483,3532.5810034459223,8122.593782695157
3889.510596261174,11.0,3.0,182.37010786513977,3502.9410353065177,4688.95714171308
5820.164628661941,12.0,3.0,217.3977274503851,8281.550879209739,6201.660545317967
3744.0920525231872,6.0,1.0,247.61089041122406,2334.305768667234,3871.1413254574545
6747.096289457579,12.0,3.0,117.37978473973901,955.2287435623721,7892.0558014851895
7329.997816648042,10.0,3.0,247.44423804173948,6074.766729059885,7782.83588509607
6621.46933619611,5.0,1.0,150.1666801040083,6905.761926040068,6312.689345882117
7015.24362172888,7.0,2.0,48.319834912662984,3018.7537986123925,7930.927444519771
2162.2253815946337,11.0,3.0,256.9660951604182,6067.859751977634,2231.9368033045967
7506.420400714932,4.0,1.0,173.337738989292,7782.960023265776,7212.9401714165
5557.954737689322,10.0,3.0,188.69148014526795,3540.7740968535118,6556.7376425685725
7149.913959080298,10.0,3.0,282.4975555145259,5301.003015337807,7523.318690666561
5948.838967205201,3.0,0.0,176.56241578299148,1551.6694093559684,6269.585752068325
2812.0098455341176,7.0,2.0,21.56338858983692,334.1033305947855,3201.768831138016
5462.108160696897,10.0,3.0,263.77243548086875,9815.542950627214,5754.238850025948
2091.1505582004165,1.0,0.0,99.73030249056879,3067.3354203100625,2291.3120668793163
6022.199696418031,6.0,1.0,160.49473781952105,2861.130302146034,6334.100817753118
4158.507417023722,11.0,3.0,77.36824871719766,9735.126818413568,4407.322160346667
2486.265625151358,11.0,3.0,103.15539916739256,7309.511885254855,2638.7080853150114
7864.993803144692,11.0,3.0,212.26167745876947,5894.449090610784,8403.866750214338
7357.048757369427,2.0,0.0,140.2805382906159,7023.301611424233,6983.421646338547
7308.03413712115,2.0,0.0,195.59657656278839,7128.273010284486,6936.188936421981
6627.331991289644,11.0,3.0,250.60119356762627,7657.025214900526,7136.758444198212
5997.877313432865,8.0,2.0,115.43016621217664,765.1733910572075,6688.1205272338875
5758.016621899594,3.0,0.0,179.13521073129147,4187.031055850591,5945.793201826977
2189.6099450750594,9.0,2.0,237.72461014447816,3021.790146546863,2545.1747465144726
7353.680529569952,4.0,1.0,220.2344939754249,798.6394213183543,7914.6325390151405
7227.334575979968,6.0,1.0,171.15616207491826,4184.730068779645,7658.82094079113
6361.042072411547,1.0,0.0,127.34738300365943,6200.117505590153,6192.126672476788
7527.547233988296,11.0,3.0,134.1005547452449,1867.127031746746,8817.645818072979
5095.042434086948,10.0,3.0,141.27785935895434,3119.7647644897525,5940.803408219226
4409.67517566411,10.0,3.0,117.67674810492251,6427.791136979825,4728.417040766297
7791.658114080812,3.0,0.0,215.7411777691154,5835.314109816412,7478.367125162934
4516.852720684765,4.0,1.0,55.11627063611232,8700.976085414917,4186.0860125479385
5668.608866936525,5.0,1.0,290.8871538008375,7933.186599538796,5368.120953763312
3924.9039545798532,1.0,0.0,238.11594055203125,9659.549417631692,3726.497383439336
5636.120469128231,4.0,1.0,103.48565460669668,6012.213770122434,5300.004828416989
6180.64347156697,5.0,1.0,31.913319395777975,7014.826927475101,5826.633551864961
5560.260914375578,4.0,1.0,219.16488826609933,8619.011962262588,5349.693412741534
4844.659117905285,10.0,3.0,225.62053259155329,8415.925203770154,5192.292059938489
3450.720184564014,10.0,3.0,289.81433094772143,7215.34425605972,3735.4423901248674
5684.996894885452,7.0,2.0,91.0375561210462,5052.536472802353,5859.756789382295
7404.787819198858,8.0,2.0,43.16302525718267,2804.7481934842153,8327.168852823303
1544.9318426028378,12.0,3.0,276.23773216116115,8784.435963960519,1677.6557246765533
2370.5386782929872,8.0,2.0,92.42172969157706,7788.88887814932,2356.0052517384047
2278.5255302490623,3.0,0.0,222.02880525068693,8395.278824388944,2139.658986613862
7500.834468803551,5.0,1.0,36.98469859174982,1493.8142496573214,7792.976299858271
5807.859978256995,10.0,3.0,232.96374539332675,3216.6474940738185,6781.172311064559
7686.622692055978,8.0,2.0,55.56725119839931,4306.361875206547,8723.868440579841
5288.286275880784,7.0,2.0,214.76417745164898,8399.68452577555,5389.182470694059
4501.263831535149,9.0,2.0,169.05605339895334,8939.57805987509,4547.643698353105
6650.228926793356,10.0,3.0,287.53667653083295,2920.4378711273343,7911.693015635553
2546.1247385889596,7.0,2.0,30.336940061656044,6895.648755931071,2602.756644402044
3978.697756062589,2.0,0.0,101.77364882401628,870.3606409103777,4135.398400151085
4530.782563472454,4.0,1.0,39.46249685358826,4154.775392490736,4670.729762789919
3439.979564328768,12.0,3.0,266.1753378671213,4918.024166743662,3895.65637683918
3913.35648065511,12.0,3.0,186.29232302511016,7679.764867501247,4146.047534318548
2007.6837150087185,8.0,2.0,169.79149146021172,8930.525144687492,1949.6259953173478
2786.8933314221267,9.0,2.0,56.808209792566736,3439.104034662116,3217.2999545815683
3680.7286821510343,7.0,2.0,156.92903204765426,5324.615010424823,3778.786923454844
6673.287816015373,5.0,1.0,131.6370234492283,6509.7374014384895,6464.292287545655
2686.232806478615,1.0,0.0,108.4105230789265,3354.0035665734654,2838.3903886615167
3753.16243089746,9.0,2.0,236.21290753960642,9856.82831042304,3792.6120303200223
1921.9818732800786,12.0,3.0,37.15729115336453,8770.166357743243,1894.5881049805278
5121.178241372939,6.0,1.0,201.0720036614165,3034.3880057795045,5441.760662540926
5473.130772916031,2.0,0.0,250.4380487366193,5128.667686890579,5095.558373427398
7125.857012504085,11.0,3.0,274.04603920089085,2385.3220711477193,8347.356284889625
6824.253990262766,10.0,3.0,228.85664653151485,5193.588797143015,7394.933305363977
3354.956705445223,10.0,3.0,99.08759008030034,6864.9902137505205,3618.552602517616
2390.1989797340884,2.0,0.0,188.14208894663696,946.6588186505793,2540.898165083588
2514.540684367624,10.0,3.0,59.59301105601948,8714.16032759199,2751.017083616761
7798.265629762889,1.0,0.0,52.776974648537276,5978.084097621177,7480.916333787186
5875.967791047823,12.0,3.0,198.81475979878408,9897.068695912316,6378.505444231218
1776.7101207210555,4.0,1.0,258.3101432835768,353.35592177008175,1817.371278719599
2389.065157793115,10.0,3.0,38.829475195893295,8331.833675872498,2511.830595617413
4657.700423156212,11.0,3.0,49.68104499732364,7940.434177720021,4882.002479913275
2850.8872279052785,2.0,0.0,178.37004608021994,1415.2398691963201,2990.8157783898246
6723.783402500123,10.0,3.0,81.09932108541526,3419.5257873257265,7896.590663006529
5225.911264200871,11.0,3.0,191.30907437774138,8859.48241013731,5419.973406122881
5482.10935063044,9.0,2.0,80.07227107149517,5232.6975212153175,5572.332133179268
4508.3660623198775,2.0,0.0,52.614952805696646,4072.6867259256665,4848.913688171789
3164.4080402710506,11.0,3.0,172.76099500615166,9064.414679283333,3386.466842439365
5331.123485816553,9.0,2.0,261.4146386491333,1024.1107923229083,6102.725922362908
6160.305300044756,1.0,0.0,211.83415220214837,4783.9155507323385,6458.67699161894
3911.162504596085,7.0,2.0,249.2430385100701,6558.503569955988,3861.885247779756
4782.13359901593,6.0,1.0,94.57384882921352,6124.560246248624,4532.736045318769
6957.945808068216,6.0,1.0,268.07402236316716,2716.3368986480255,7389.1788230733055
2466.431451845992,2.0,0.0,125.57096888135578,5676.797754889931,2248.2551759541793
5043.958725281653,1.0,0.0,258.6853469999582,7114.761466431219,4851.523903157061
3764.682301889983,10.0,3.0,151.92916524164332,5890.365532534313,3869.475435667528
6068.165928411998,8.0,2.0,95.00014126093895,6876.176037175491,6227.553541609296
1622.2665805555653,8.0,2.0,92.87247268750203,2635.1795199490252,1883.2117783617414
5858.076448720726,2.0,0.0,178.9470076221028,8345.204607690648,5540.2036243431385
2168.835271105218,4.0,1.0,42.12287565791683,4551.926416151201,2475.074757896747
1920.990394458777,4.0,1.0,280.41573448478243,9873.516056635232,1785.48563976875
6210.0514562309845,2.0,0.0,96.00977879559,330.52467460268184,6474.280730028278
5662.223993876478,11.0,3.0,113.97494899683949,3865.1221753516693,6675.13478014714
7317.083550802282,9.0,2.0,85.32443504754517,1886.7030178205973,8237.174895742812
4877.757212704193,12.0,3.0,20.84222895700199,5600.5343172411285,5074.626666812037
4945.158765926586,4.0,1.0,213.91406630646338,2507.730434298766,5104.6031222291385
6095.615931247578,4.0,1.0,185.35481228958258,7401.03167101807,5851.474075449031
3602.0842462961327,4.0,1.0,246.70047125519238,8830.472037141435,3397.5848692712975
1739.9309602425617,5.0,1.0,31.483016566274532,2187.7551004628976,1963.089184294844
2995.297867173876,10.0,3.0,280.0235805253297,1690.708421187804,3487.1713921906758
3047.087177326383,12.0,3.0,112.64834321690236,8766.036138711937,3298.9415850538558
3681.78252680826,12.0,3.0,275.6595615016223,3676.591959376206,4370.643609883465
7632.507764763009,8.0,2.0,49.99681497891107,4402.377986094397,8618.77174066685
6731.478191310462,4.0,1.0,228.29776281149952,2287.598074191003,6997.747386542713
7583.715593833748,3.0,0.0,182.22030480105144,4310.617193706357,7824.35707761136
7990.962335734503,11.0,3.0,120.29354027072353,2389.8707234721696,9441.621369198183
4319.563526565789,1.0,0.0,42.15987086124541,6692.681662278392,4199.446128841511
2975.97655842198,2.0,0.0,189.32622275708735,5038.876483552863,2699.983276760542
5140.02704815912,4.0,1.0,27.403167260695668,7901.798415032798,4853.39010095143
7227.373690662772,9.0,2.0,160.35898776088212,3196.008349066215,8142.488298796165
4527.257096594758,1.0,0.0,189.17840122222339,5105.390653044474,4345.003773790636
4785.095466719647,6.0,1.0,225.10664924050616,2669.280897473631,4998.058025019416
2373.8541885308737,6.0,1.0,297.57369758295687,9351.291909441652,2360.999924737755
4232.9607016904465,10.0,3.0,92.82623978217417,5267.163111131921,4473.118731321288
4015.466263755758,3.0,0.0,110.26914998457302,1817.2787135476365,4117.328900180673
3785.9752686254224,10.0,3.0,115.52069710651776,2800.3800261792876,4414.8024898866315
7267.4413545072985,9.0,2.0,224.8431593204738,920.7294448281955,8212.589327998578
1885.459315880164,10.0,3.0,280.9093951117119,375.37835641756067,2259.388151114646
7818.956688832755,3.0,0.0,292.81064988283646,5306.626078099643,7398.127329961878
1553.6043642753841,1.0,0.0,284.8271826362762,3437.5169330034923,1666.4923035611835
7646.361090673759,2.0,0.0,266.22724216026813,9641.357207077033,7200.804294372949
5062.3087684505335,4.0,1.0,297.47366466977667,1796.1808239786935,5291.8500724894875
6065.894088600753,4.0,1.0,125.26480351365913,7959.735262095759,5699.796642033713
2716.363523018301,2.0,0.0,285.5299695996378,3228.117277709737,2784.450371995125
5752.3750036079455,10.0,3.0,233.08558947085527,2313.0201219811815,6866.779688825665
7232.724845430262,6.0,1.0,67.16876066783391,9699.404508112942,6813.878237442006
2406.6209089187355,6.0,1.0,32.730252605616656,8045.50832758308,2258.481480900977
2326.0304797763847,3.0,0.0,80.05550820369024,6343.146825308783,2293.2973125835197
3475.856409471573,1.0,0.0,238.05031480053532,7001.498268515145,3362.0637006997163
2551.218301090088,10.0,3.0,196.87512674324756,9914.67660102084,2845.7928496927766
2219.198012606756,9.0,2.0,82.81975205707185,5972.753347366379,2315.521310094866
5909.073733904396,4.0,1.0,227.7380072519806,1108.8144629889048,6156.495469424732
2889.8729904311904,9.0,2.0,59.570227042696835,742.1746543436756,3441.6875430654422
5835.5968461129105,5.0,1.0,250.11559028043445,6699.407096991347,5590.383463371686
7102.539976252806,7.0,2.0,242.365073271805,6610.251324858968,7274.830388531246
5738.161144184503,3.0,0.0,292.32127179769356,7506.920550483077,5455.85033095132
2275.885954450106,3.0,0.0,62.078278096209075,1176.909429302876,2404.0227785286684
5228.254231308392,8.0,2.0,273.8516384360881,9454.5325200762,5345.243891339264
4058.5864473750803,1.0,0.0,115.50874584211478,5556.468297715383,3745.5886768529526
3731.9110886962158,8.0,2.0,136.49676214268726,6530.599658110033,3959.0784611820436
3570.454546093909,8.0,2.0,151.16461760829546,445.0385954434893,4047.1487291765116
7541.309454827696,3.0,0.0,195.53313489671564,9613.644723704181,7178.923703102522
6326.298468405231,1.0,0.0,298.533743633052,5669.659302565092,6176.235069736527
2370.0171322719175,9.0,2.0,187.98846485546528,5677.294818646823,2376.9747566535807
4594.035618261014,4.0,1.0,279.480442211314,9441.19763068076,4416.772663325091
3568.4499891504774,7.0,2.0,91.40789658372243,9300.566764018307,3597.8457941827915
7856.599031548728,9.0,2.0,131.5552653082419,2280.9560589906923,8935.064994779892
7857.188324195602,3.0,0.0,161.2598682428026,9317.8783368687,7480.44936768593
3576.9740831647273,5.0,1.0,110.41255714026781,7392.550764862608,3461.373466777716
3788.7352549454554,10.0,3.0,293.5227888300124,287.1172005810328,4552.206157231082
5396.192346387546,11.0,3.0,223.1913950912236,2474.4471725095495,6299.560512055781
4615.495593128751,3.0,0.0,154.08677861111684,4188.503440167318,4959.604360043103
2885.1556690298694,5.0,1.0,230.36531633874228,5869.9423095069715,2859.8963606632806
5792.679085425974,11.0,3.0,150.88389974314234,7043.164331838021,6143.4117161177555
3671.83618518905,2.0,0.0,24.82309166301929,2181.082900173303,3854.901387936252
5749.15723915909,4.0,1.0,172.09415418689412,8383.33509130952,5422.15136760518
3993.9298951306982,12.0,3.0,195.05186125313645,8472.581706502631,4225.106111311571
6051.3643100657655,2.0,0.0,294.7380772411973,6386.488310679715,5652.518042142472
5840.696560782729,3.0,0.0,31.42199751297295,9218.829714105414,5610.864594529928
4807.282913486504,5.0,1.0,163.38714808743748,8148.52602628216,4402.895256410197
6080.809939620401,9.0,2.0,47.48333187834131,2294.0742270060546,6839.87088346852
4496.276895508099,3.0,0.0,61.71885243986892,8006.900976472569,4267.770086647129
2254.8989477257987,10.0,3.0,190.92973491117328,9536.70057965574,2503.196266814485
2683.690646692805,6.0,1.0,84.83895943461924,1462.3038254824664,2774.2556134832926
3098.9553720764834,4.0,1.0,229.76875116260686,9789.109059431188,2978.235737160865
1910.988033467028,4.0,1.0,163.97563392667635,347.4286880238935,2000.0587059843608
6123.9779340993555,11.0,3.0,81.09960784640643,5269.455723260346,6591.522033919501
3888.0364744055196,10.0,3.0,158.26166972829822,7761.542075886994,4166.917668684063
2107.9014261254824,10.0,3.0,20.2468835342738,7925.337215207918,2309.223868440691
6829.727784716271,5.0,1.0,261.5672122241955,7373.258434548052,6444.1906022680905
5943.752849013237,11.0,3.0,23.549945575613584,5340.578590256303,6243.031039817419
4439.457541330055,7.0,2.0,21.96276989781111,6544.546788496915,4584.253702928905
3108.2646781027725,11.0,3.0,191.22110409030117,7029.328637965827,3268.175375978209
2486.3483096535037,4.0,1.0,292.5858592212232,4995.938319717567,2613.0916348841765
4479.432246407903,8.0,2.0,259.66137561911404,5997.281253832912,4621.279480035636
7254.097329568655,12.0,3.0,90.56529552504645,8479.043729229974,7817.712161113428
2724.5696012678045,9.0,2.0,75.066707121352,3197.5023093436894,3152.587579308891
5196.284988444671,9.0,2.0,195.31141057736752,5279.74263698946,5276.907624322315
7750.958968944664,9.0,2.0,250.33856916618166,183.94923815252793,8697.985691762646
5641.257735969984,2.0,0.0,121.38202785200833,6905.6203577902525,5495.785337551841
4359.770746013144,3.0,0.0,141.05928530278123,2034.3160996869333,4451.146509555854
6156.424324102905,5.0,1.0,52.33706382977033,4861.912411766312,6428.045312492767
6859.756473621592,12.0,3.0,62.79139795150057,2181.031641176547,8118.693198604762
5338.355936264474,1.0,0.0,179.13844660728583,332.98377432707366,5736.3746328337
7166.910333454452,4.0,1.0,48.74372080956235,4883.883461810364,7510.082928117238
4844.846435942294,11.0,3.0,76.57291494285228,4305.852705445999,5699.72684820981
6895.188514340668,5.0,1.0,85.70956672332754,4308.980183891369,7169.945746329908
7688.125062637018,9.0,2.0,144.2988692998165,2167.180983295816,8728.463110001196
4758.08253565286,8.0,2.0,32.771349954618145,9477.325438506974,4789.7803632357645
5432.511151304614,1.0,0.0,159.9358720740228,134.72080292587552,5644.1139126123535
5461.539029173928,12.0,3.0,280.02883379034284,8926.299954973652,5872.188771372138
6579.326613388889,3.0,0.0,26.84982511334033,7395.3290390808725,6215.674137370491
6849.277961153248,3.0,0.0,196.6757622580903,1803.5131319793877,7265.121772975156
1676.9905553393946,11.0,3.0,254.03586224243185,4774.70066440519,1959.8603229471994
6266.837166587521,6.0,1.0,107.48903591376961,9889.615806931899,5843.98810082848
6594.799090096545,4.0,1.0,56.825192605382966,6472.612546144642,6358.528357648622
6052.7913564785395,4.0,1.0,32.13514053059365,1361.0295658048083,6250.204837498315
6139.0217856001245,1.0,0.0,200.2928566420247,4630.658164678675,6397.8298741712815
1769.1185846977514,12.0,3.0,174.62562646413915,4735.210656070843,2064.5075290495047
4373.25130266789,10.0,3.0,84.20259674975932,8042.406995542773,4733.605675691371
6818.167723191314,12.0,3.0,252.85284613688944,9170.013034978938,7212.4116716603385
7571.046418418174,11.0,3.0,225.94177860265614,914.1912785584722,8829.413215062166
2991.541483717576,4.0,1.0,97.40005979629927,3208.9691408330395,3154.1324036282863
5264.767112293168,1.0,0.0,230.9416464020975,3054.537456162638,5510.888210049697
6728.146557078794,5.0,1.0,88.59837978021632,9960.876436698281,6354.347981301721
6390.6496785847075,3.0,0.0,209.07488932258104,5636.348455244857,6088.4360231744995
5522.785760370514,10.0,3.0,53.19261150068624,8810.331811587846,5779.956351802776
1621.4927237030015,5.0,1.0,213.827049733298,4317.725209503757,1564.8201166108972
6205.257960725178,3.0,0.0,86.85683731503288,7254.959189048471,6066.09347127038
6526.076271312297,5.0,1.0,180.29141918767994,2937.197858811046,6860.714972346838
6198.521793066628,4.0,1.0,68.28988271852711,9126.68163254341,5902.530173970278
6477.759549684719,9.0,2.0,223.27074531902664,4605.947785766684,7283.220178888306
4300.946802412592,6.0,1.0,37.04628083005447,8056.882423429263,4157.715369771483
7959.388948515041,12.0,3.0,66.31698030476126,2632.5871450913914,9317.562582642022
6510.114953172283,10.0,3.0,71.55821436383421,6966.682985026603,6703.870495152867
5261.420034319906,2.0,0.0,31.576204039119595,4111.068203560355,5479.128368795211
7572.2432533530555,1.0,0.0,228.60350452486878,411.2502874480158,7928.342369786753
7403.289206477119,1.0,0.0,294.66670132718116,4188.781712214728,7759.846978454214
6794.685924672722,1.0,0.0,237.95138075527106,5545.214253378663,6439.030695419519
5164.016973394481,9.0,2.0,260.9769493942707,1602.4399777404346,5804.40207847124
4926.156624453637,5.0,1.0,21.682144894717602,1920.7397414068892,5113.142770900049
3636.601557834385,4.0,1.0,53.00358985688611,4702.141703399254,3794.5933423827423
3130.706864175664,10.0,3.0,176.52569500256146,3493.024153090726,3550.073185307708
4830.336860338062,5.0,1.0,293.8032877423669,4463.33132623329,4915.245999850122
5255.5814511278295,9.0,2.0,204.999620693497,4662.187194294956,5967.67380477253
3089.421804482496,3.0,0.0,124.75827424666176,1486.7528326572806,3253.0716846478203
7496.908083747612,3.0,0.0,60.92180553480858,1893.8262951741358,7942.105534339313
5122.280978773071,12.0,3.0,62.793994427142216,8496.837395446993,5429.661736584886
4922.284614983952,2.0,0.0,121.57089664869946,1710.915024173792,5072.9086686845485
4331.649524379911,8.0,2.0,219.86685525632205,6692.5518967817825,4289.100666797952
1877.4634221595934,7.0,2.0,28.909401486974986,4243.427663001142,2057.82783465243
7235.60867398902,2.0,0.0,258.6097256092588,9685.543191099445,6907.62981981417
3560.4624718796936,4.0,1.0,283.6344019931456,754.4331826935517,3853.8015077463924
5675.992174043914,7.0,2.0,268.86860894863275,8320.849773704544,5827.894803590777
5448.31813330523,1.0,0.0,275.64753463113004,4965.347387915953,5623.646848743603
5299.164364999424,1.0,0.0,24.294998237113848,152.98847155546719,5493.72893504899
4917.1293130752965,8.0,2.0,293.7818484659708,2710.236167501582,5508.1281671022425
2679.3589173036326,6.0,1.0,122.57999216929767,4136.198840237768,2780.8477750436296
3323.9373168117763,2.0,0.0,263.39871314224894,3210.5280591443584,3579.805816651955
4907.2224632569505,10.0,3.0,72.30648379589196,3688.2496937379397,5866.806372802717
6630.725935380019,10.0,3.0,145.0272079454263,9175.05190045808,7041.31192366235
4307.928309227721,1.0,0.0,32.36602881471346,3673.246920684044,4537.970333498195
2825.4965947998503,3.0,0.0,31.22127911599163,4246.4108560870545,2902.9667931099657
2071.6387612352687,12.0,3.0,284.11730821549867,7635.202380423317,2067.4309664060293
5809.571522711158,4.0,1.0,246.96985150813094,7958.952300908914,5662.1600148526195
4251.709809037569,5.0,1.0,168.35129243586212,932.4875526882764,4278.496335441964
2314.910802047172,11.0,3.0,167.12828859807058,7070.293342213342,2316.197867965027
5884.034719915394,10.0,3.0,229.65129317333216,4877.46234140008,7063.337299033276
2849.2617505534254,3.0,0.0,115.66725883973722,1425.1535430527883,2993.0540704547325
4808.604313973901,5.0,1.0,233.32339724134658,2720.6345830741548,4958.961337105553
3490.221837999593,12.0,3.0,155.80234639811627,545.851423334535,4159.117171974667
7555.985418821003,7.0,2.0,198.61687281521017,3666.3481692371683,8630.331729426696
2983.872430762576,11.0,3.0,290.1522460288814,2628.523759306839,3402.4191269649705
4229.470390023185,9.0,2.0,151.96835610567322,3882.8236340621747,4753.591792168727
7736.7083793820375,5.0,1.0,137.15330472900604,5845.371420554492,7419.972629509392
3571.7136695990503,4.0,1.0,273.60976870358036,7350.161565162537,3327.775526409458
5689.855559571501,10.0,3.0,272.7225385765763,6092.984666939344,6076.579414473184
3558.725784091114,11.0,3.0,297.87723652728926,6815.935292373463,3900.469209182247
2219.3873642621184,9.0,2.0,174.24163980632656,8669.827294126055,2085.692649209644
5579.057012447904,8.0,2.0,116.39323148744877,8750.861990268957,5696.812629225249
7454.204979354713,5.0,1.0,87.30921768975702,8621.121548755822,7102.425610272376
4441.670337021596,9.0,2.0,29.546979946465303,1616.3722632473134,4893.490211307019
5570.147527501036,11.0,3.0,223.48401477904793,2585.584422577089,6508.124581121022
5457.83968616805,9.0,2.0,85.37332864592508,5073.020518782964,5683.303409539764
4198.083067081194,1.0,0.0,189.85944786318404,3651.5190107586673,4351.642008535743
5496.828151970749,12.0,3.0,276.6458623020307,1403.5227859716358,6345.523791846741
3185.5675487233193,6.0,1.0,286.0598100704675,2948.727322595949,3435.312472012466
3957.2463799198385,11.0,3.0,21.234837514486887,9756.744740489827,4246.070283717143
4375.0725663554385,5.0,1.0,108.7810087853798,3534.574879415708,4588.317691352841
7116.056443156123,6.0,1.0,254.46584825026352,4247.249276130018,7463.987919145287
3764.163816416157,10.0,3.0,170.20465749842987,163.37407638724005,4508.919245793796
5628.390812752871,3.0,0.0,246.1024453750028,7222.207309922967,5370.533538115966
2887.1249432228415,3.0,0.0,258.93051919462266,4194.14564889926,3083.130162085467
3141.7032388505236,10.0,3.0,143.9353415835704,1121.0866226620947,3639.2376973036494
5714.787690489855,5.0,1.0,120.51522264693995,9688.711709216252,5275.659905260822
6455.014527882923,7.0,2.0,147.52131449414713,7796.588804592359,6672.598001624555
4503.76164742083,4.0,1.0,202.78265673479456,7288.885885383996,4366.647798783083
3678.1480290554823,6.0,1.0,122.80456280830913,9582.936114932527,3476.2756701889093
7416.765113559772,5.0,1.0,236.99672083537075,4134.052836719664,7858.623895941241
2382.7507978187778,2.0,0.0,273.1179822318063,7213.482048895239,2236.796234473685
6184.642544720756,11.0,3.0,99.04713660444342,2141.458184115966,7265.883699686132
5986.1098733561685,12.0,3.0,290.19710036878706,7001.4934197759885,6509.415208321945
5986.593557730662,1.0,0.0,194.36306908308697,239.3830126572681,6262.601631320681
7580.232888752908,6.0,1.0,265.8872559415275,1350.4232663620799,7931.198981786282
6233.236956375149,5.0,1.0,49.09660187618954,4310.0632941682,6395.300442337321
3460.1737311622965,9.0,2.0,90.41975837574684,219.71767857948083,3979.042863936524
3797.15995751001,12.0,3.0,109.88534224112583,4673.461968959151,4408.672800795428
4042.221325799313,7.0,2.0,104.79020232886371,5275.638315743538,4159.097081151111
1700.2563816376894,1.0,0.0,68.12112384758892,6253.905316112112,1590.0404355611875
7437.817050153671,10.0,3.0,263.09626530695306,1093.828102236802,8711.209433741364
1978.0919251212254,6.0,1.0,137.21139956107402,1892.017939959402,2067.5781621883552
6048.662833633565,11.0,3.0,289.67645949070067,6171.505370100232,6432.509067821361
6246.0465314815265,7.0,2.0,183.3722627012412,6616.058353380129,6502.5300660708635
6984.147829098508,3.0,0.0,58.75049798056167,356.41225928173503,7454.97216908884
5096.854661370897,9.0,2.0,172.853318753508,5449.636884938878,5281.430090761867
6214.21875506749,11.0,3.0,298.19264136278787,7871.319146788443,6713.653228469478
3467.6990090286818,11.0,3.0,178.24807238779695,784.0986900754015,4146.345832277467
6346.2960709331355,2.0,0.0,20.52341663627753,4190.411365940546,6703.180002634658
3732.2022922022584,1.0,0.0,281.2623730053174,3332.4616029980084,4035.2238416358473
7368.450109773525,10.0,3.0,85.77043371589302,9145.289690984964,7735.352946325004
2561.9817504814882,10.0,3.0,212.78813485930786,1939.4436927439076,2958.1335624662916
3552.422519380698,12.0,3.0,164.22244338752395,3251.7680901303534,4111.976760643213
4742.001435108349,9.0,2.0,111.12145191544812,8994.6029754139,4841.18243909001
6543.028621462636,7.0,2.0,99.13906662938882,3373.4677299937307,7474.666485385374
6367.194183169708,10.0,3.0,280.0527615019893,5360.339661797384,6685.48633471763
2869.659683109273,11.0,3.0,275.3392508575544,427.04983858570574,3414.943723081394
2437.5320279766765,1.0,0.0,163.67775521505817,9850.534118132859,2268.6905531055036
3475.802427911639,4.0,1.0,92.37865474983899,8266.972407924775,3274.2471822611014
4644.401985893366,10.0,3.0,48.65576900815938,6380.569352992095,4957.67696606525
5003.532791367379,3.0,0.0,63.84138720054396,701.477203590805,5388.209282060668
4289.394341209314,11.0,3.0,166.23048320736928,841.2126175905287,4987.339981081823
5810.085758212045,7.0,2.0,106.19238896212255,5495.238944827828,5954.740516446083
4279.133133382045,5.0,1.0,31.779079832787875,2922.137918413999,4406.831772003384
7651.138564602165,9.0,2.0,147.44686788710806,6265.615530281416,7792.312349974244
3196.297511879984,11.0,3.0,228.93300189000783,6022.105570292947,3313.873237846345
5577.918784355616,3.0,0.0,269.6746324687965,8402.648842965049,5318.60565217516
5473.956601290856,11.0,3.0,183.879532791265,2885.6329010551594,6471.39766467715
3330.2356922348463,6.0,1.0,222.52179467588488,5820.848892460826,3218.68785536101
4175.969559341178,10.0,3.0,121.93973184218106,7795.896856503734,4382.939634266507
3875.5785263598104,2.0,0.0,158.94669018074305,4958.65256459103,4109.992898961404
2621.2438901331807,3.0,0.0,224.2955198228082,8323.37228289555,2499.229701886363
4602.418882105036,4.0,1.0,223.74430366424244,1399.6343955803522,4827.919626430182
4013.3046446419694,6.0,1.0,138.86735407946117,7365.587874956719,3713.3255862092537
2659.062840436536,11.0,3.0,172.22685563633036,9435.522706057687,2841.503142169924
4424.220295215449,1.0,0.0,278.6794950742714,3385.644877836304,4660.2278395691155
4241.985793681804,6.0,1.0,196.95932938410542,3726.730779878453,4462.223358929274
2353.876904786488,4.0,1.0,199.9208951922451,927.1418041894616,2503.5748106079895
2352.7190224670703,8.0,2.0,239.6936818679008,6450.778517789646,2469.4573697767687
5708.797968997033,9.0,2.0,52.26241096847239,5569.262183785215,5769.3848514743395
6092.775230661176,8.0,2.0,166.4076016616437,499.4230114504411,6891.871424655506
7617.672729407881,8.0,2.0,288.64088615587497,7546.8990670159865,7856.993628497625
2065.530487997149,2.0,0.0,121.2649098093077,8309.916507875747,1940.7823779272912
2266.099700458648,10.0,3.0,102.5793209981855,9080.484080993465,2487.8839658529487
1836.8178350414214,2.0,0.0,188.33823036933214,5502.767453089357,1752.1912230247553
4959.484799920045,6.0,1.0,81.91343887828495,4580.542345527398,5051.065228626163
5547.852992918972,5.0,1.0,175.6646438266217,8773.757829867567,5337.614656808838
4122.902437559025,6.0,1.0,63.58256304013936,4047.098508774576,4319.67930128855
6686.364436247362,9.0,2.0,182.34216899541357,6588.886939822161,6718.633044939771
5963.546334024701,12.0,3.0,188.6661714206497,6192.086338369171,6325.030110579338
7907.96273615459,10.0,3.0,137.1521341234336,3784.3948882032673,9198.29502742863
2396.317391447911,7.0,2.0,127.16899912283279,960.2103819038764,2777.6744247494635
1879.0518182262588,5.0,1.0,88.7283179521258,312.0138328397883,1970.1371307258787
3286.224086201021,10.0,3.0,112.65824619340641,4339.553631300333,3790.69989618826
1623.8262695594863,7.0,2.0,159.53687081358174,4863.895590751232,1906.2868342374863
7561.974281132332,8.0,2.0,89.34449228814829,8244.514855079931,7795.267665721472
3475.68578147314,11.0,3.0,239.19364974412153,4202.675334123564,4068.545300050385
5090.796085314483,12.0,3.0,218.52986757121607,2883.4827598613456,5887.128401166925
3567.4526137118223,1.0,0.0,95.40564280087874,4674.755033944018,3678.4273409144857
3097.7560429273526,10.0,3.0,47.281845668433434,2456.1057561978096,3574.364473706084
2490.37070583672,11.0,3.0,20.05041091550958,1004.4700500380696,2988.395726325134
3582.378482139381,11.0,3.0,187.0812786668169,1219.1260334924616,4078.4053121443744
5500.223047651834,7.0,2.0,79.18184900702168,3259.629152979583,6233.474150712134
7815.537797968931,4.0,1.0,23.523091628430954,225.49653382905785,8186.291936605611
5127.598262386471,5.0,1.0,120.54387576576634,2280.012538144257,5466.821296927828
4962.608929643533,2.0,0.0,289.35956944888136,7896.479095230304,4733.097407775382
1729.2096176834548,10.0,3.0,213.18398613634884,2422.7102050600774,2076.3673332072367
6960.643601840003,5.0,1.0,260.17383681828824,1196.2221592912074,7266.646981633601
1791.468937484226,9.0,2.0,60.526947513004416,9495.897543945937,1739.567274858395
7390.509781672615,1.0,0.0,40.52068329344219,6262.454151881032,6994.946214518864
5001.366214818667,3.0,0.0,23.228333782722288,694.256899413092,5313.607516433714
2595.03293402123,4.0,1.0,287.5854412054564,716.2152682995379,2786.775831214433
4436.098048041982,9.0,2.0,104.05676589899358,6160.009044421779,4516.989591601818
7967.399124440789,2.0,0.0,148.66138385544025,5447.275140442625,7500.169663846865
3483.0385382866043,7.0,2.0,130.46661460849685,776.9102466905499,3865.231372424435
3251.4884955657617,9.0,2.0,224.5279419100006,2320.7232022360204,3676.257825753449
2267.0383177762883,12.0,3.0,106.79016694676807,9297.524853407323,2423.0528638515175
5381.425267140452,10.0,3.0,169.92680713193442,5762.907023762072,5843.691805275502
2079.975493590759,4.0,1.0,298.76303418753093,4459.221441663519,2193.840728879807
6479.052414726501,5.0,1.0,144.33779437638617,2576.538578011624,6852.106314967397
7474.952843148627,12.0,3.0,174.35603139593155,1423.6106187885227,8728.107104510449
7557.162222900746,12.0,3.0,160.70785744703457,4086.0536726957425,8890.558854525609
2201.4556437033457,12.0,3.0,244.89212427808903,9231.428937379875,2353.555081343309
5128.706882794297,10.0,3.0,94.715103129401,582.2428172076627,6020.116851938544
2131.214056864083,4.0,1.0,67.72264451998315,9910.69027783438,2022.9078502712846
5218.104919647933,12.0,3.0,231.14608431416136,2157.345929999877,6146.588862915578
6797.373803862277,7.0,2.0,136.37309218322318,4146.796867950192,7746.704838627368
4995.63605497135,8.0,2.0,275.84328251347245,546.0079508406038,5758.580729810613
7168.3498696934275,8.0,2.0,200.36460002215134,5889.34381076951,7173.48314297428
6710.883306520955,3.0,0.0,178.01607127928793,4887.197127469817,7135.526472978097
3297.5642746095346,2.0,0.0,39.727975351245604,6700.399643874321,2995.8214115736196
5595.664838735871,6.0,1.0,224.51533343858344,5472.513460185579,5340.582622482017
1548.1788220948542,12.0,3.0,212.0913023436283,4041.960068005983,2009.1086123106268
4074.2724535116186,1.0,0.0,199.22013885640334,7403.791308335541,3867.155607761975
3046.7410905979186,12.0,3.0,95.01466659979334,347.70916509088175,3597.369053696324
7591.25624863266,9.0,2.0,285.08701006884445,5456.187306658492,7763.808133983472
4135.028576200541,7.0,2.0,110.06343556918962,1227.3744179071923,4742.503393192608
5751.4187847461235,8.0,2.0,62.624667891101595,4416.4824975497495,6551.085586113284
6257.880460278447,7.0,2.0,296.41632338180386,7932.140636894363,6366.501572663361
6525.881501429799,5.0,1.0,228.94895815465506,1510.3613879779616,6843.0273320865035
6282.538748113938,5.0,1.0,136.14032705133076,9364.522452847605,5878.936890406063
3379.572896420276,7.0,2.0,282.0566006488379,8896.196454674904,3457.926478028618
5959.440028739943,7.0,2.0,45.512864822535235,4207.560201580315,6724.455217637757
5068.561634704842,2.0,0.0,44.54514059943618,159.15092318677205,5332.912992567341
5382.922321183873,2.0,0.0,211.08628521600394,7918.473784077411,5056.983093353324
1505.2950125069067,7.0,2.0,69.83217354607618,8820.8684537816,1527.2781476251903
3178.674406193568,5.0,1.0,276.79906425411957,1829.9071143187825,3338.309948518298
7549.444028651761,2.0,0.0,255.30056880368383,9170.302867283915,7178.245243055706
3385.4945414872172,1.0,0.0,105.78282274833221,9149.56304521749,3238.1625116693235
4347.100894622677,9.0,2.0,268.8750830354237,4765.779425238486,4915.679001279637
2713.3808842723165,11.0,3.0,32.008552362051944,8000.544626898634,2824.1017681512094
2400.9165873739835,8.0,2.0,173.61859876649828,4504.984984892685,2729.205271894064
2856.348296151583,2.0,0.0,281.9575766384733,5684.0580325943165,2699.2222552963426
5098.707637635324,2.0,0.0,259.5072341019955,3266.406197116657,5435.614670885668
7473.686234035703,3.0,0.0,119.7005306642786,1678.7465186761622,7939.429865810317
3620.294669325237,4.0,1.0,71.20372186569776,7490.712179758915,3329.5135010240133
3602.1516893518115,9.0,2.0,78.95136475304848,113.78916073944326,4134.212379598374
5166.9138147646445,12.0,3.0,164.06220586195346,5837.571627522937,5563.015831796775
3818.827665005379,6.0,1.0,187.09642427421272,8660.39166114679,3520.2197780859788
7417.704311895922,3.0,0.0,29.1880086546182,2290.64513908686,7834.947353003735
3956.0122771747024,8.0,2.0,135.79443658576866,3395.7046223002235,4557.7943157374175
4687.874641376536,6.0,1.0,252.5083923802933,5916.109943358181,4377.509178277421
4967.0303458076705,8.0,2.0,144.41210606602317,2544.015440658287,5613.705082296216
6583.440668348063,10.0,3.0,67.36910946583492,8490.119887574752,7019.686465987957
5165.388606196744,12.0,3.0,287.3608820453471,3729.3713544142947,6120.133645695315
3054.5081509576066,2.0,0.0,94.55715117941067,5857.975826216873,2822.707590573918
2305.9168430713876,8.0,2.0,243.55991437753696,2338.5993612321668,2707.470235868203
7595.5345534782655,11.0,3.0,74.26236657490176,509.72473621075846,8770.000784485192
6710.159465154198,5.0,1.0,138.48836418204516,1819.63263353524,7151.567082325949
1649.2738668779523,10.0,3.0,157.31831113694733,557.3694823271519,1983.5674648716656
6839.93839810306,12.0,3.0,160.17788286550848,4739.178606170871,7994.0258352777755
5338.885660380996,4.0,1.0,164.61268306819736,5907.71017008869,5141.093844778513
4872.812527727132,3.0,0.0,82.9853113931332,542.2845560859821,5032.629230625318
1579.489663653133,12.0,3.0,164.45634614903386,995.7739932255352,1866.6747288075946
6575.616366498698,9.0,2.0,154.8795710857712,4906.697765422474,7475.8293495142125
2787.4225925681258,10.0,3.0,78.4414591953537,8011.881328789664,2984.708423609207
6231.877885761513,7.0,2.0,296.693636661039,6317.290871265621,6326.729306222085
1603.1436078778122,7.0,2.0,262.3577499802341,1136.6311790283073,1778.2786775448333
6676.29872283021,6.0,1.0,268.5213782862952,8886.668511030799,6352.623375980765
1649.7565443077638,9.0,2.0,211.95989410721057,9182.757324418493,1634.5107150224394
