rainfall_mm,soil_moisture,river_dist_km,canal_dist_km,groundwater_depth_m,water_score
31.999835139957934,0.3560702191232258,5.2520613439103165,14.89286920252546,27.203205499926806,26.11392119123483
238.20819561720998,0.3209956341122832,13.567337897304737,9.501445582566504,10.084486215686344,41.9758085726987
237.34424036195122,0.5160757048787503,6.873716760321711,3.738210420634189,10.9887439553367,67.61617993859666
214.89559249606862,0.22111818613549905,12.16173876788947,1.6298313571682796,4.82454639211989,52.305246698473034
306.79617565208304,0.5362420920524972,4.2695146468254,0.7067247126359382,23.683474099504334,75.98493676855625
132.3982424551961,0.2719040834487897,9.081903249219456,1.452521639190653,9.719327591391888,55.788998982880464
315.79435391860216,0.4319897027433609,10.342466449627665,10.232886952731109,15.46602514777603,57.501007379403006
12.923879096145797,0.09769750040401376,8.373134353623621,12.839384912315666,28.009124526807305,11.414647859655968
39.46494577249264,0.16008474596285246,4.118777020741758,2.4353234091950604,23.062040449098234,32.559777374646444
144.27194688145516,0.46864130612769944,9.338759787213403,6.091803357936041,3.4766610960940096,60.00618002383584
207.8975565410007,0.05678077704625223,13.919431098672801,5.378106613618784,2.228328644864031,38.32167861627222
11.331472823777961,0.5826902565309046,19.30513212395205,9.703319558702283,24.047421924651424,25.680611313566022
198.6020649984924,0.15484589558476833,15.8325280854634,2.8219004376826757,17.47000663540348,34.35953487445669
107.58941076906099,0.5457171924348178,3.3971155340771193,14.30445772566792,22.169363462155623,38.88733647678313
310.50138273414024,0.3337697655244571,5.599496626110094,10.95549009017078,6.390829011145178,60.790002772998676
186.64960708405582,0.3605164517934215,1.7607131299763301,14.330570995381214,26.417339799177363,39.8244710826428
205.7628678761018,0.09627248338406377,2.885860580349543,4.2328017498051596,23.653099412404934,49.538049210459434
330.96763389020913,0.2508703147865523,5.163522704395262,8.856963004092478,26.943489593529183,57.76583682037591
267.45985932910776,0.13592037342927576,4.150641852704756,11.010792262944,11.550690314409183,49.63972863279918
153.39564315136798,0.33926232189851846,4.430255165179406,10.693247719239235,9.719745467930897,52.73655513683423
166.9078652346068,0.35290268011957215,4.7692504834979035,0.41805688148261644,6.248480317869953,71.1267343583685
226.77335399578962,0.4403168222713706,6.153438176515506,14.974508535999288,28.042478222515918,42.77122418750554
70.06972582767959,0.5330529868577508,2.6866041588098226,13.928093594254896,6.95121769961954,46.83908985949101
31.027794172942926,0.30749889894842336,5.701132679602241,1.8843060109618999,5.340882543922142,51.20741730981988
108.93278058096644,0.17834820354433362,13.830554180184718,8.199144936998039,7.394989851629905,30.946936925034787
272.43397927768063,0.23346441379290722,4.880739796544065,4.7868911842593,23.598688349283172,49.8434919105019
90.06332956948286,0.5158993971164154,3.6024008675232113,13.19552083727187,26.906818579520667,40.213847606308555
45.765720117571895,0.1302249167933188,1.5403741112523233,10.493042495763497,24.705576781899882,18.455720744185967
76.65790946179108,0.3949908430862753,10.099435426701358,3.430405635312656,17.770679480395973,43.160091539583334
237.64051920199722,0.0571972361135456,16.87125801187107,0.6045310659726327,29.828759021776246,32.46667589979001
214.88181984273157,0.18511813064983346,1.3685295564220867,4.446952858960134,3.9279138058165657,61.446337422960426
240.91024905375266,0.3752746736258027,10.938055339315353,0.6682453648367873,26.281366979005515,58.0463705412301
112.68534293813372,0.3010266220014689,13.082254525365464,2.205529623675598,13.975988127985529,41.77897430940845
315.2996444266451,0.3214522196337772,11.93074080422111,9.578456820044298,14.74342576375306,45.82076684397269
158.1196250648509,0.4133091277527833,17.57693943060385,11.20176751495857,5.5726570222358545,41.47501784045809
179.79956117443027,0.17902231343021208,17.354632488129553,7.073451810085814,2.9361232819071956,40.57033482967039
332.08279160074454,0.2044427171795763,1.334690332063494,9.044289273342516,10.86559312994413,58.96372946796661
342.7470437807415,0.4264520140853154,7.3466905906290005,2.422687040363541,6.89589892719002,81.2308226544014
231.5399540707931,0.3460602741491279,13.482430643855503,4.820248040937336,15.533485169996725,49.8154827770886
330.6846174015269,0.058022753342355196,19.058404178752113,10.721969324438533,6.125254729505615,41.05809672393085
189.52758521915516,0.4186802874069926,16.132758969770432,5.5368776296679165,5.861976622063721,54.38760884410742
107.5490309483701,0.3910506224137529,3.696468348569623,5.297287231458063,26.555411554907785,45.10392907624965
110.28249958828947,0.09323416558905057,5.728334987396529,2.9904902916880802,27.796251637139452,35.101608287739374
195.62920645882093,0.4611357221625423,15.319158499750023,8.962890653372094,28.998053840461477,39.80298807734824
211.76264222931945,0.33715580242088883,9.535201975998977,12.162125229686051,21.054068400469532,44.839340597290644
153.86597447191212,0.1626110061763278,11.03658835203865,7.094730926223971,23.58846213428434,26.238570813625994
309.3200192291454,0.357646002464035,12.257800439479,1.8215349214192293,25.401973146793615,58.3335959167571
149.34364154974267,0.37750218279405173,2.2451720509696407,12.591674735450798,20.449817655378606,39.5925875561056
95.69827644918375,0.5560653010546305,17.14804826197843,1.1638168585628472,11.246806931670816,46.81823397817162
2.793657420238932,0.4581794340531437,17.290061899659197,7.128737860697889,6.3788359561386745,37.55857016244892
339.6992473551729,0.21605839497015955,9.471140993741672,3.990052308742971,8.643652600428203,61.69486694281805
288.5096491000305,0.1149731321603059,12.61153532631313,14.051140529169261,25.531593439338952,23.338720437278223
215.44585463986516,0.5192512396444294,13.266101576504704,11.089393649433239,21.490722672031556,45.651981204541315
290.6897888662115,0.5153372283314952,3.956507177651706,8.539493846222012,14.762281378732244,65.17030229201137
283.60123058783034,0.14642050809817647,2.4291796036323317,10.049556066271405,2.823342161052676,56.693977719848895
326.1477730790388,0.08417215185883764,0.6093243387942555,8.037636215906108,9.453722372148727,59.438528297519255
135.12368917613122,0.4415255573988213,18.275060170196504,2.299254083769208,22.409129807521385,40.840247319835655
194.19828473007925,0.4474200069600662,7.045123121104889,10.665570331948421,16.346842582660642,47.59426713633877
34.519808302086076,0.14742906453795845,1.89945251321786,7.440841888815422,14.194909845508601,39.01750216089935
337.8603990016406,0.41751652275660045,9.422839574259836,9.551208142708738,10.783023221837418,56.537132460293435
344.79447424887496,0.20340805958331082,1.6973772442542683,0.7735047932613228,18.994091256156672,63.76311572148845
276.17948677592057,0.1933393653828422,1.8879649055777077,2.2163184091924717,29.058790790407297,54.85087038293541
158.94234410191788,0.22848486374968835,9.879929844949597,8.881620091386656,27.23146201233017,37.21258092263197
173.79836282002518,0.3362180015842698,10.274965862389376,6.945490655935945,2.853942266359897,51.94040414245486
152.37842654574996,0.49244965783074246,11.68683308949263,3.480417667409445,15.466707032336481,54.89662764085069
102.65872278278066,0.3242540629892944,13.194967304170314,3.6873377159499667,11.225140345314536,41.444958499283494
184.7269919420683,0.2139234825932409,13.43169392954656,9.511708857083544,16.296930545514428,33.41756219881001
18.705774325198387,0.536185864291517,8.773334413520047,0.978608701243202,18.973983316408013,47.09347648919166
347.16047167800895,0.08029947659330057,12.94195455904005,6.570449328931241,7.60078590393131,51.0326652959934
148.41754730744927,0.48840031614394414,6.2338471730474145,7.89424222042648,23.883905947351177,52.92804847234384
324.57830441298717,0.4814099668570206,8.937902184871731,4.691324780860778,15.301905402407057,70.7609863965429
253.49501123100126,0.18945074558488867,7.987875560939153,12.32619244453581,29.776169537150892,32.51831473893289
101.4800209023769,0.1590623503861538,6.716378024129002,0.9458667802757675,2.703566800819714,52.424752877333994
77.71841636111085,0.5310853088225784,4.923702347097131,13.000163500179568,7.312136933220838,54.00948649299962
348.4864018168247,0.3573792114581783,1.753488210709289,10.876618594027786,21.309634415691146,61.365718891039904
270.2442242689125,0.07530624669727803,10.217027460156775,6.749190246104633,21.465032902715645,37.04401912210825
87.38151595226932,0.5399578840569285,10.838306086876717,13.874564114166366,18.30127028367446,29.652232653442287
23.60576686204121,0.24195329139562055,6.855869873220724,10.563350617771281,29.214880803337604,23.593375807216063
243.92079085548255,0.23818610459551448,19.521708488101826,13.972575709919754,13.628820244158137,40.21186704624364
106.05575988387673,0.40380836543793025,11.227831964067875,7.141587713291935,13.677030737890544,43.02109482916702
77.46578441970108,0.41372101853921667,17.80240827452171,6.849299204831253,27.493338170276854,29.59190058130516
257.2280953022676,0.2443238664556281,11.487689128528073,8.008065208548063,17.0763698959107,51.45487045750011
237.74146292902165,0.12880341034328435,3.960333888838891,1.0748578893884593,11.904374524396811,59.88339182794867
168.4944361660669,0.35374836985331976,19.497526284118013,13.636564344915879,22.13026360334805,35.84988352100061
329.9295764696306,0.393848540571382,17.729633206891144,10.048984069463577,19.35077730925077,48.659668493007686
237.87342812012187,0.5231223007824355,9.531218833065925,9.302026600849592,10.579481408024563,58.57549793725183
312.69684621696825,0.3164419930507862,5.012546257784826,13.904306693411398,10.342006346274038,55.89547264663556
66.69352982240169,0.40513284376252195,4.608858402044048,14.90519394636496,13.077158330763133,33.80108380234503
103.82606852831104,0.07992485529873136,16.159204457891875,2.534561520811306,4.005361838485422,34.77924999535603
36.58204679280489,0.541987595113389,1.5685485067349365,11.26005507508485,28.393273269653893,41.06658993707272
106.60299925521238,0.22996869726368613,12.833595551988266,8.741183099876952,7.124561125506622,32.80861421655972
340.12241522223314,0.3977216183882715,12.874671486128339,6.968858109995166,7.427080465176175,65.80238944078062
336.9996861323052,0.5538283972222828,3.812600044971015,14.666427764542469,20.117075340478173,58.31369813056245
266.13522409284684,0.4957891814005778,14.157264895006326,12.768918866211186,22.278917324394715,50.50212661892072
182.36689197403504,0.40073712161282604,14.167044526070523,10.481574762992691,22.63139286879643,33.94495427911424
273.27292957728577,0.4369843054385468,7.130611175339397,5.801874891133079,12.502100658118469,59.06281451423445
193.72043292480197,0.5564978137807369,9.770843071796435,10.024007981904797,26.453210681477913,45.86584873132994
1.227976635005179,0.49665124908073716,16.688718312750076,8.022242441035115,17.231973728945242,29.483613391342722
175.54147588026544,0.3854224832954362,10.558434814651456,3.815589901166212,14.280451460551554,55.217700492746545
209.62320610386837,0.4122864884152944,12.439510599502524,6.810681714870545,24.690820904238684,43.8479656209725
93.01192512605147,0.13099763329086656,8.372839079628301,3.261958324715515,8.819714978267456,41.268069168159954
71.15274748458155,0.3085922238738298,3.162061965465061,7.55626236875725,26.085192416194538,40.4374256991945
95.83318318197796,0.21554870622601652,19.961719306355,10.831547331582295,17.08722304781797,23.430042858923354
218.269712331253,0.287583848974954,10.724423101595628,0.6460287349050216,27.20162841484782,49.022653419993254
51.12244022744337,0.4142357804419159,6.861639936126115,11.504157668847913,7.645150869561256,38.19229375408134
252.1149054653248,0.1320331014809656,14.33298905466405,0.397910480924315,28.209766128067926,44.58665968690667
147.9361873365633,0.059556780013691316,12.492270979897741,7.8074377740939465,21.260548775226923,26.330676924869486
123.67175072186393,0.26830842177800124,4.811583949927249,8.644802936537435,19.313198750466796,36.79466492562359
282.5309520881235,0.2272013729684314,17.563124888071556,11.442527548454084,13.817890545524206,39.71760633170028
177.1221373027843,0.281237632835939,1.6038781510404894,11.439329467778172,28.776819999040274,36.37205437684624
132.44019641682485,0.5621715062029393,12.192825386350885,6.320086143059302,14.429749592722358,47.763889400773635
307.3541504462116,0.438896255668164,9.662192131271011,1.0889504123866764,15.959202668532123,67.87872003722286
128.88807126981652,0.23010232602953806,6.5003285929493755,10.433152276359676,23.881947040388752,30.484206382521013
300.65009903017966,0.1486033522301867,16.562326539552792,7.71369151014703,9.975588029155771,38.04714929436478
176.4695444618954,0.390163061841315,13.194286070927408,5.062571004280213,10.16186875878617,50.23879853632401
72.80248410925253,0.41166693833022666,15.238090038175994,3.5996193630195576,23.70833525339416,33.15923772017266
214.48636583887932,0.31599247613280923,8.410243104361522,1.8843973753460888,5.600234097323022,66.5678426271166
99.86323419448644,0.16701842604218808,18.859486959868907,4.497623208408219,25.043006568204653,18.72718824409756
51.504296261668294,0.0657053934600917,7.025523769836201,6.931495414366865,19.50490023267575,18.9314338594479
30.285279989222825,0.19611338360699987,10.714689504221784,7.216376605870859,17.09434545929159,23.88791639265044
84.5940675291047,0.3014437746096012,18.686272213868865,8.782810078080312,8.415062701036682,29.65066504611403
257.79412470076693,0.4833638575433705,1.84714136613506,5.500781683375354,24.018308741643445,73.24487611349515
293.2997278315099,0.5195646058648447,2.354446655905763,13.806478251658067,24.53868650624498,59.867358109717685
301.6022960936725,0.2771140078168303,19.884917773204656,7.488457234931008,15.5223723005425,43.11716627983494
94.55189579848027,0.4878682300759402,19.433544907722066,6.413503097764988,12.896731296001846,39.875815845065404
231.34052653086965,0.5963440529531341,15.479691795575297,0.8177027284370978,8.892531450670315,59.38727394921981
80.62392097022533,0.44413570616872605,9.786927866209062,9.025324723779969,23.1185524784969,39.48766767513666
217.96673988888412,0.4507294673807737,10.220004803001574,9.082747147394105,19.904653847547774,48.98241088763385
310.5238475645939,0.550245075852407,5.292814896041225,8.791015487457475,7.785668822272017,72.07826657853718
14.31278891072848,0.2359792706293004,8.768074515479434,13.325194072362486,24.24510623117722,15.967457433767562
344.8289837038921,0.056162966181609195,8.74071768175338,11.46722240558042,26.701748774036865,38.486914782247055
289.4807571104558,0.5928374994216346,0.9145823747494259,13.024343731927159,3.6589233569508846,70.36822828139128
266.58174070279443,0.3197574427190631,9.172532519066655,0.9853960979579675,23.627777864673156,59.32759508224576
241.97701279912687,0.48212267623927973,9.69992928864585,4.840083840597145,25.87845413597427,61.033139198236256
269.59586111985743,0.4968701256851125,13.382506849751282,4.8488079610511,29.762221185287316,58.660697389950684
348.10837461419106,0.26863417239401594,10.425767685076014,9.889971360752437,8.652841970246275,55.76139513531578
269.5669539893892,0.34770017569727496,17.261322061029013,6.784364225697201,12.388089745999078,49.65176427413944
123.06027463391445,0.34695353933447276,7.477724139788109,11.684341788455423,29.053350581624613,37.03818087517011
214.87264852672612,0.17111880513933775,8.312408305870925,5.828015443169852,4.632435408220364,53.79676564122736
117.92305565594252,0.1147014136418614,11.515353770390275,3.401952901954891,16.663819629613116,28.23741185853957
339.5229051398348,0.3489647677184439,4.213909945323334,4.435170917584748,16.188848235460853,70.30195062796348
315.0489064889951,0.1160787747683043,7.991262094527945,2.818798919647134,18.983336688672583,52.71364144825871
198.66707961198998,0.24034879812273224,13.786115940715888,3.048601107267211,11.262193215696122,50.73272478776738
273.44581407270715,0.15234583240251615,8.353813037641121,3.3308998399167074,27.92570648281016,47.8037999962025
318.39043004011734,0.43880385955552786,18.151006898197164,0.33981120145764543,9.561715306854039,67.29077021220908
85.26009227979576,0.5296048694249932,12.38295031462077,10.769711717961927,20.191474492363266,29.66599557476229
202.81864992508162,0.367853035418699,3.244601448443012,6.05407489983992,15.885956637138213,54.45314298176867
168.6007117383919,0.2755856939443786,9.851397951589355,0.4378028450392507,9.466856669442237,59.246366262822356
270.0569741950295,0.598153452451721,15.342619162796167,5.61311241254102,7.287906280227956,64.51339261360712
132.67888246684004,0.061665024385596574,12.938234273069416,13.589985094019639,28.78373947921445,14.15636341901376
248.14287389786708,0.21738759631215748,17.72821875870797,7.717540322814927,17.716160924682008,38.43399041818942
141.04758115410823,0.2032702339558502,15.04966135114781,14.802604969060624,18.91734554228437,26.33410261346932
38.876202625576475,0.2459119789318558,1.4199526976757557,8.145395534983036,23.921072853175392,29.782562224893578
37.492501062911025,0.17682765763717645,2.4277504549154774,14.445705085860855,4.274346440793929,33.355946916685134
41.66971359361558,0.19534455948730073,13.065024235667746,3.106830859185749,21.985399498309803,20.637904094476877
11.381956576256618,0.19172241045452998,4.920477578536385,4.4200287095185775,6.623923852024971,40.42188809455964
186.54061005887021,0.3281592279138368,11.839131072256901,10.529554641678445,22.733470382140766,35.78761870100204
235.16593869430721,0.2650804023689371,15.885908323460736,14.803642093291755,5.957202805566563,47.392544211699345
44.354940638991344,0.4016040560916995,11.62324543857963,12.396931424188702,25.309823596460696,25.025089888092182
214.1503000775642,0.3329206379272269,8.426673686124529,8.35020862246869,21.068455300356348,43.31610468677311
209.2090273902692,0.15088201880335178,12.996152160031835,1.368773953947838,12.80492808786777,45.32660590790029
51.48291798890183,0.4955247384139792,3.0436649966377076,5.529248738996929,12.047364429272337,61.89574399574734
141.42890998644214,0.3097073590873064,14.519518310964978,1.3877429388892002,6.170517779565748,51.626746243174914
264.2974984198444,0.13427733484829052,14.001097251498038,4.738092291810916,27.313493961451265,40.050929422172295
5.864608943204025,0.1417839136107642,10.385186626055324,3.9560022999133357,5.3188196397667475,26.220086361451607
51.43175936443587,0.4883326257634256,5.720507201260812,5.889473919887104,15.218166878815516,45.37465387045578
348.5399310136606,0.4366462513227052,15.991762975269047,12.575421190849791,8.622516734114498,61.796580379185095
256.7407140021709,0.3285903738968685,10.30889600391474,2.340612402524664,29.89717022453273,49.7724834310493
162.44559772673952,0.21834483036378277,1.3717027360174818,4.660352837918753,18.40363344252355,49.324389320980295
220.43049423206884,0.30328712023839177,18.388528526445068,3.9906469403919527,6.188366094948359,47.867248803170874
296.1773397094661,0.40006594542592383,15.40078544244046,4.5125105423399265,20.6917919334106,50.11882120343365
294.80660494377287,0.5336052745862329,11.779141924117097,5.473289774625674,29.76505248223144,58.093552219668815
113.64550241142248,0.3557273272233007,8.849145242201443,3.7402450740112134,18.941211857230474,48.44460425329321
171.9519978908284,0.20220441212556256,19.206014021225478,14.144460956124535,14.806614647573447,29.7442560614256
223.31928377452527,0.07350695308141322,15.545407370454948,6.359515537298553,10.21156340532233,32.34233818538267
25.16392078011142,0.14650028075420732,10.792862732279362,1.8002876514392958,4.579455615205503,39.880055169230374
331.0288097867633,0.4075976913643545,13.132447124640946,7.068113289407081,8.390896371716853,66.2152082446767
151.45963898183052,0.1382403317532867,5.758857954250024,2.848035337734245,17.501381827816466,40.59339972341385
129.80181454027442,0.31484675422889796,4.07517566642792,3.3203465732696675,23.105999562188302,50.69003287813626
317.4851265074391,0.4344252585120119,5.611727036620756,4.347117122908007,26.582064926430192,69.82211995490731
41.40032706358664,0.21952369577171088,6.004094765797991,1.9589218547866067,24.223943010434773,38.136302605240985
13.741279085487983,0.41800823939400733,14.846821322646473,10.844672095442,5.513025638427695,30.922210562775682
239.75084430509588,0.36958963390630023,2.9732086062408043,11.900002473495608,23.65687678036531,44.66918606951155
134.75103883678645,0.2914165088106175,15.59622659401004,5.97484533654244,18.284927292082557,27.770122443195493
267.566533090537,0.5434850133863435,10.563227204552005,10.365988837559824,15.135011610135063,53.50426117896749
23.990614034364427,0.430632389735094,7.8145474666606765,5.895418923543365,18.03739531721826,37.29880261755904
134.31500023738522,0.24832836823391635,6.147842969955036,2.5447521221818232,2.2261092056296503,56.435271401954374
82.36382421613928,0.4923454934390478,10.361371970025752,6.017804113836047,3.8964468031887507,54.22500722790975
258.86228653130905,0.45595621779331935,6.48686556007498,8.399112192676428,16.723779814043475,63.556603816071956
79.50953864958001,0.4854261810294903,8.703149450093942,0.7108152797456448,6.861338985483613,60.15230423577582
160.2808671710242,0.4025257906725469,14.832502735710523,9.851817421167315,17.27514665973613,36.15173836482538
286.60714289784914,0.2586538387117242,12.594770425792381,11.164858738171304,11.917980012494825,38.76569941041838
320.38668741256436,0.24171818358234798,15.010051054169027,12.913556839857561,27.407536578893076,46.23153963666561
252.9120277830222,0.40978324841759534,14.316879054933818,1.6312813477146741,28.591135964524703,51.45581295226194
150.22994403653377,0.12199500438179563,16.33843536779385,0.10139454848825795,29.433955165918547,30.36551126108408
200.19505615995658,0.5009528927742166,4.193461202192915,1.1916688984302188,27.17026388471892,68.26577783305424
241.39148150337286,0.25368446119894017,19.903435389571367,13.869340376413012,29.60494383338532,34.11349878917635
306.2264193009413,0.39670459415105186,9.620254907457005,11.50678024351479,21.77211952070213,54.13234204294415
311.0008946661021,0.3244851532133799,14.421012174001238,12.547991136741388,28.89518383722944,45.04151817066027
325.8393220209215,0.3356295706135596,13.619453227426169,7.803505577772987,19.970189032791158,49.16435775293579
283.74888461758377,0.45590338041074085,11.409771675417163,7.948126131001743,24.657997792800167,56.91679272237181
51.37927757958337,0.39466852951928005,19.917161128396177,4.547733288603849,5.693479796263889,41.612417483319255
261.6738366851851,0.18766994359014239,4.502853822810354,12.65702047432564,21.112788452871623,36.343822362649185
285.1073307471262,0.09082426228305579,8.550231572124757,12.463566787948388,28.07089266138727,34.6224907254947
307.2549996867343,0.51212873705091,2.7290650726635532,5.943353051260206,17.121350762917352,71.1842516204544
323.6859131162391,0.5366917411135217,3.8003423452544793,5.00607935002496,7.230951978848658,80.70139776134985
178.2059347314566,0.14047309310452527,14.316688458819979,11.101761741670071,16.752879700300042,25.16258913464137
229.28244329350866,0.22021238680574284,0.2958850395129448,0.48990526123521283,21.79434783366567,58.49031464562844
3.343471815939175,0.2052883100624528,17.81844889711908,12.91323858792398,23.55407797472714,9.247225358153674
200.4742486923519,0.5655967084070851,12.737052768719302,6.749095040781175,16.66365627809555,54.77923203705636
165.61943337587888,0.16262756006187862,8.929920063583335,6.676029273488627,8.086304678122202,37.73182023685395
336.80711564317977,0.1415965776549076,6.760949923489127,10.06925992607218,27.947286080204925,40.8992895746144
315.59825451095446,0.15001120236150944,2.7002261622783412,9.721665468626918,23.661287660694,49.293316660270044
279.161375301685,0.45142804685157173,18.44693921178673,4.063013584239864,9.579275217292913,59.55490584698648
19.947964582093352,0.5384109143355613,14.303982035698157,14.154851207260041,24.730761687098482,29.68436349167635
140.71009479916663,0.2663520758482974,6.860581378735615,14.79631669205657,11.740154186505656,33.59209383858553
243.61477776809605,0.12484394740149621,1.6045363529242853,7.937236313013157,10.748077650714661,46.55090099830065
10.38126024749837,0.37214709857458694,6.64852006451215,8.464573892738171,26.166145565720036,30.34029958987113
82.5348271134804,0.16546422708093686,3.8557590372198525,8.359337655011991,26.450585790879398,30.556502990160688
310.6275165413451,0.08528329605087914,15.76821160197794,7.338232381856088,13.157479278931415,39.94782984772714
45.42326855479848,0.5374272581103618,14.448053958175922,14.1832870997996,2.2498385422838063,40.801221591387524
17.980726518525465,0.5289627019835218,10.063580420993917,3.7468114897634424,7.223837399199773,49.61770846475981
203.20501469963423,0.5867505881426005,17.73965384120197,1.7085768262052972,27.46029719028764,50.434798140747894
331.2626153997231,0.31070261519837306,3.7774776251538635,13.950254536439985,27.164981437541616,45.25061854813468
292.1186589680235,0.21170065901573215,9.148918591583191,3.2742708817461756,14.693652946616533,51.15499182933771
341.1703766523344,0.47338106006372127,14.270282018489585,11.26241476777708,10.515267803724601,61.195840160304385
263.7331037936873,0.149272212646152,1.5424865244298473,3.137712307558515,10.476952178944806,58.34816102663214
153.07942092960005,0.18381064224895433,7.579011745715277,14.406771632773147,27.121454473599066,24.849251422466043
331.3157538564559,0.19062544441405938,11.518963083207167,11.88771437802591,11.092532707314462,43.474628765312715
149.32164745865913,0.573390675451699,7.462710066993068,13.788900764511396,16.324247272723067,38.47030592515205
122.53311572048551,0.45140260535709065,9.707939987600467,14.26967381966372,22.46830941660114,31.84913785250822
156.86857121860183,0.12353213592018439,12.24074331746802,1.357923325608097,7.865469165063727,50.72887906660843
284.89088403386256,0.10106523296814872,7.494134160755783,6.557493951791717,9.107494284405021,50.02465214058515
321.1927424471109,0.5135481694714814,2.299084247264871,9.75669502172181,12.02573300666355,73.5149799656181
125.18873848588643,0.4912508776746188,2.9610010473742214,12.056595951480839,20.31825490172692,44.75352363769795
161.78660978629188,0.41904701790459525,10.634678597173101,3.6979289917745968,24.88973823209718,44.42260839786326
314.4145631565341,0.15785535881813884,3.6598525075115664,13.727612404900396,17.307761373267986,46.957385233294794
16.465282585034124,0.3141559463890991,17.818706708449156,3.3925473035622056,5.722004626189463,34.17661069240865
274.354042939848,0.3814992700015006,16.716876565451756,13.00602838295623,14.49487464595219,42.78833064487034
158.97621538201867,0.5626756397621934,7.110834966319104,7.7394174369964315,5.575340219449432,59.18836593529934
131.78142286738495,0.14318305710857582,16.65354600549961,7.779790360865826,4.472320750667469,31.15849899219738
156.42245214289366,0.33349574393036246,10.75711904075368,5.672683670681669,18.50926955584054,44.18276780847039
146.54173642555293,0.13676340138307158,3.3492083863382347,1.6422279481384887,28.773939130341844,41.544050483824165
264.81651636573207,0.2941171373157837,12.361394719918207,5.271641940481119,25.453131333353664,54.99659458073528
324.78163278545446,0.16007423604700757,13.653132120884848,6.458377053238848,23.685195351189805,39.6899328214061
172.0095389063025,0.5099024145733662,1.8610532537091402,7.237413742639263,22.357567044229345,58.862485782422404
291.456825023879,0.1901049527006321,6.4261711903563565,11.112519827110988,27.119579999799534,35.47039205324928
256.1805874992835,0.2794075939342133,0.306602954715995,5.345844645929374,23.079382355997776,57.23224984568987
115.7382749447669,0.27428320887067437,6.465290306451302,6.1582336186783975,19.5525656684216,39.36922186240927
205.55983508429168,0.5264622280119672,6.841817591801125,13.600869174599579,12.21104224766417,47.85926163487994
233.38548625549308,0.4667886056027431,12.67813081022588,11.313252690040574,4.826428916074197,59.573205441390606
8.22478016166206,0.08166651895829621,4.141056937053468,0.44055096560649387,14.90893418763229,35.108153031993794
138.58444292848412,0.08689810144249038,0.7958015372102945,12.20012249007326,27.893958612070286,26.174664941992265
347.4233615466099,0.3531584848218872,6.449563763166973,14.850164472820353,18.32680743050427,51.23818597612629
223.03974947453275,0.2852454650467864,16.547267015926693,14.102539346380548,7.16611703706374,41.22543580083398
116.98542425212163,0.20157132129526312,8.103075070044957,12.555742902491737,20.172652637463628,26.923338426956605
87.50841379025474,0.48594151601407287,8.418856642713592,9.474688835325281,15.032942554254126,45.9380959767999
73.3185607352647,0.12074934454444967,9.486745744362725,4.245062620262389,28.078642480323058,27.587745816811324
140.57449313782263,0.5857313020785835,15.085418850037732,9.851016109563435,6.5063174817360725,49.14263728576506
67.64299171266335,0.06325637871368853,9.704492869095722,10.46432781605038,21.93632895818935,9.128216430437767
47.31516371873486,0.11502689853596398,2.007398500228292,4.295216599356991,21.084869014590446,35.75754230937366
127.42214954943562,0.22122415985171856,4.286716032073063,3.904411403685751,29.53916419860213,41.5416999239971
212.44989242602767,0.33003200239052666,3.920367866452987,6.014165500474828,17.817539545316283,56.481957071025995
51.23971373014492,0.16887488716362814,10.255693704405846,9.653089838599673,26.40407300614192,20.349918029033994
15.520145852001027,0.4549183318697145,0.792603408291459,4.466627812307371,2.6919902508800595,62.59382129709057
12.121486322292046,0.24664804688429437,5.81560884855272,8.37943118046015,5.440975110275714,32.76261108339887
93.5844883525889,0.07119608336831566,12.222459832654739,13.498637287627323,11.686280039702854,15.055123684769956
66.54630168070558,0.5327470820923543,7.222083375525713,4.496994840700817,19.34116712040266,53.97534204507184
188.73937610155332,0.5691261201973346,14.212700736692668,14.493008668299924,14.574221659087442,40.688968343911924
159.50206546781482,0.3902099923403743,7.94618246976445,7.1528848822309135,7.675494925704488,50.45714318063038
113.66831501865653,0.4935950137137227,19.589299061880013,1.6035342309238194,18.497704716960165,43.6846021596653
291.73999195283625,0.116611346281316,19.314054483754624,0.9200869665706477,17.867573661558158,41.87692634080123
176.73144754878425,0.19785115498266553,16.036846146398908,5.146250263059794,16.684529398583763,32.15129471770522
32.03549722943471,0.22887742822300106,19.09693245541992,3.955508455275107,4.535571139099548,32.606134296773604
103.51752392579334,0.5784142418216729,4.254609184029728,12.671328575328458,27.956713797174462,43.317578887989946
340.668743168807,0.3317224519490521,15.068278682767536,11.090812479112651,18.58314850364022,46.794436306893786
341.942062265305,0.054077457347678,6.5688409397252485,13.279739674363869,9.391768921562402,42.67544576861629
89.13507244149173,0.2591022025785525,14.56082751506989,8.879877123356858,21.24770933104658,22.647829426390583
58.532645078219865,0.054262830476067045,7.603090540337345,6.588312989098459,10.901423744328845,25.57651517949585
173.4908511760355,0.18079315725984518,5.930529062934873,4.131462128477482,16.163968749683924,39.564892605029
168.5127213583963,0.30008503692764754,19.184142885388866,8.78832163290642,11.551689589651524,36.687205510171765
143.548190544156,0.22786618048146012,4.355731746765595,9.30856919571868,26.651032743055403,37.67636124304403
185.27502962288355,0.06800381675684389,15.219658173209941,5.9549186997538115,29.831456366978045,24.667089604848403
81.26838248137028,0.11398464732482869,13.558508831450194,14.055271785228111,6.513097829181163,15.985035804184879
40.22526954029051,0.35298760867250306,6.208857307799672,9.635323366407786,2.6602106155847123,41.72511522487063
199.66151046675228,0.4325826974114669,9.275191746347135,12.57846988896284,8.141030195497189,52.21147561405589
326.40929887383123,0.2725019567280964,3.0302732993017183,9.343822135797446,18.518655526733177,51.353294054217876
48.212246817104266,0.45231496053369874,18.439930366540306,4.816398101442403,6.8706319081709255,43.01837694177293
246.68515348101184,0.13983308868332905,19.368772070243125,11.075625452392632,24.721563888972295,26.799847776001005
153.26384058313477,0.11713187129422734,14.702768028676921,3.5307925101666067,13.442776150244388,33.856129827487976
102.89180640508141,0.5116995437688017,17.018522807886068,8.989479538479264,19.09491673999563,32.44041160451579
298.588226437349,0.2365673416707098,1.8358251298661097,6.095258510989086,14.75729956544005,56.96820853602465
159.7720930880137,0.28773635706943335,7.802578635536552,2.333284545185115,27.2931818053307,51.08180264108402
204.15920492379655,0.5711698812745131,6.750060074667854,6.2572845753656035,2.983789437743778,71.57304850373008
155.0697004289753,0.2832617803654101,11.386040999257567,4.723184358865933,22.42045307838479,40.918123177418046
28.437353584343505,0.05191955821854733,3.8304348345488544,1.772109017455479,20.260819733544267,31.27053344688762
208.2166404150651,0.5658845667524096,11.354950148414552,12.375040607031893,20.186420867601278,44.43777416495068
146.59434126334244,0.05776524841720539,13.156434238416448,7.528880090875284,13.591703005069744,28.642353810812928
30.364812123670394,0.4142574560510589,2.8205912187738025,5.2607084568441635,2.438906397325131,53.7830350446067
208.53410704664122,0.22759000024287696,2.8080700355357906,7.623967320573968,21.298740215102818,49.14289169015349
3.4548262137296284,0.3087149161081127,0.9013831188943913,11.343288450876003,25.225193958631092,31.680851149986054
72.9821358891073,0.3510068422329012,15.265670502558056,0.37260135896681845,4.386448707645748,50.83299059009405
273.37433791682435,0.2746530315125548,6.753969029408334,8.246601232546954,14.36529011883112,51.40291557177686
13.27459870055706,0.4759028329501924,4.663325023747084,7.239346670931121,6.552655910517517,45.82553977429053
226.33873431929857,0.5618885253154453,15.606269021895532,13.406745853574597,19.10625802002903,45.75674274924497
332.3974311725634,0.09752662866537753,3.036462663772883,8.383977715938427,23.996936538053028,52.80985612081227
59.917360360552365,0.4901390846792351,8.658231856526637,2.146110353832104,20.667783817967376,44.28281907182418
145.9891510733511,0.12076912749535482,14.94677617526684,5.89137990774859,10.905681973604793,34.642930109538476
201.42419407984937,0.09415245078728426,11.561879888226096,9.353933643583524,5.912515679306747,35.53106972569305
157.6455435568455,0.5757072989971708,11.169202841149977,0.7844137251311946,24.239508089412944,55.008358378722725
217.13219016361853,0.31911377982020067,3.317775532177297,13.281271551224437,11.06967203779538,44.49870571531396
141.43413380844936,0.13393181005510874,3.7824680111278726,1.1099568766230192,2.6199152888439317,54.14969768536912
51.97644515767216,0.36347641226939925,11.734664119412873,0.5558078049109655,17.999794001779023,43.50106941269743
31.16552593855949,0.19478042632325415,0.6666238493970698,0.13003205409328158,8.906964686534593,52.18183937172875
260.55510466200053,0.30536995924439675,17.408536181475526,10.287792925329535,25.553767954028952,38.30936689076398
83.51838233266668,0.3935627766339506,7.139321852691301,6.893209299617756,6.0111457229418,48.34692362875083
296.6076094683532,0.5280984058784971,8.449001096943077,1.6319836440136022,14.174423773659008,70.58504338309726
260.05953533764415,0.05169476904811957,5.316960227705482,12.857506987567858,9.08764570110833,38.64187618260335
17.308614519826587,0.16777736350377181,17.558087765409443,3.1205320839768564,21.308845338190277,16.538714901434858
70.42389097230732,0.10294879860532877,12.92158064155692,4.96222996866893,17.358865462007802,23.43324301842462
102.19742979583837,0.10340373585748437,9.108187686894322,2.7480499603393285,24.147656138960688,29.73599076279606
208.06878708911407,0.5701775772269476,11.789114154062874,13.908668836066843,14.84115210626226,45.81660902502812
283.43945011029865,0.5648456139832788,7.73131800031274,11.395195069263334,2.1346360832430764,68.34660440115151
21.1166393054481,0.46211944383567816,9.41853307003136,10.88690560999966,8.025501455105879,39.20452966410751
87.36313315793382,0.40368467332050345,7.281117429602834,0.7555408480846184,29.976399029439662,52.92983739098294
131.67341683290232,0.5163837454967366,8.331360925374538,7.8882553931665464,13.349659700666287,50.09933907854347
64.1820041058582,0.08212480594981217,6.43653557138672,8.674241307496633,19.366583020814314,22.27120368805002
190.85223412722218,0.11571718620567563,1.7372933354112359,5.799560517231969,27.3380850256452,47.11885430131129
167.30086777540862,0.2244121078129837,0.9394563076307427,4.894168129434947,2.5746771000624764,62.065192417251154
110.77347471790596,0.5078708089430823,3.6473028445012243,12.793948617259922,20.46900709912707,45.14939647183863
180.91041042212487,0.30972789852158056,5.182427327808862,0.44294721118252744,10.074555271396228,60.72835491775373
124.53754752288987,0.32696611989069,17.831342839675713,9.417787239328296,9.81895114986808,32.49767264162183
120.11792361355177,0.17609598630959417,12.302723359557474,5.974279017970722,8.295839290952593,36.13647759961562
92.88843387494738,0.4066131146454393,19.17428395855502,10.022665149035026,25.036418056152474,28.133701837340524
189.15327701003588,0.5383131847342453,6.925007831873467,3.0489714323460473,12.442536508501846,68.59524421901057
155.4403880583144,0.23123282092215713,8.154412475248654,3.6560243839674484,3.8792630712919207,51.14815467746483
68.71367444452832,0.3905522668734362,14.451113906279167,8.844121719484335,4.711832420728568,38.90030233584366
4.538191314369716,0.23257193026150214,11.642461137153802,14.701084339658438,6.161202155230457,25.62115846463787
52.82533921452179,0.4859955115088815,10.652025591565549,14.622785386496126,27.169972443025905,29.47429254402768
14.992110524488734,0.3112278553457744,11.59616802296572,3.8098166587792184,13.968415942205588,34.02677493354241
151.05959177345125,0.23670796222083756,11.765879183073903,1.6250303518530878,27.649381508786583,41.2954312737421
78.78389886932541,0.2810268698162105,15.36166039924972,8.896114245156951,24.889425237339484,18.715759836663537
147.1593663836536,0.10017513676792553,13.428024140837177,6.357740860297062,25.46071339521974,21.226522040129364
115.30745567950311,0.5263644343273423,19.15482212390495,11.449132023264124,10.031290711691314,37.59538691243095
188.30518374029836,0.5769379804359577,18.969667757517374,7.966957506649637,9.596803555867,49.56288701580556
253.3533900760103,0.31257779885447906,8.554072423628945,7.707743409335052,17.681914635459183,51.72433554168512
167.75987834684972,0.17173546444297666,0.9073076683358263,9.732252036490204,13.70189893571862,44.48084089511604
21.688821328695806,0.4155609094989162,0.41928068793079987,1.9836348282498635,16.253699272409705,55.482963896201305
6.128668495217787,0.2988098137476285,2.63922941677998,10.189709772031858,3.4897176520155853,44.28738947315084
74.6309081971387,0.18876504446113085,1.6829684981822919,7.378943539766258,29.204525355350782,33.51774555701553
148.7386289272988,0.07113822891958196,7.5926477696231975,12.320191277953192,3.6287266195234475,32.317633978088494
15.716760019543557,0.5393374484836816,1.2469170579032578,2.166731822201794,7.007276334532845,66.02257290123981
114.70683169396115,0.4882038936247761,12.573297915514937,4.581131031834419,20.989614695387225,42.69416877313765
310.45899776330333,0.5059533317016587,3.9654496747064893,14.258670972831311,6.354043448400328,62.95618465545112
31.506657648259278,0.29191185201226383,10.376513307677834,8.340785901421318,4.992357975818093,34.64756425679758
331.98077841935077,0.4642904655743851,2.2409598961479564,13.94658489633445,6.301370678385821,67.41592339436482
299.8351214281919,0.36967389513399757,16.58903550340018,10.366623036366995,3.7337668100594548,56.52850315189194
291.12340460473854,0.2561264130274212,15.643184798227656,13.903827337533373,9.036924727233641,43.432002712922625
302.28047880670186,0.5135081484671989,7.852446976817628,4.8356116369711515,9.591339588414808,74.71958563699326
28.017592838544083,0.59931665142443,18.22974798400656,1.4489529997004427,15.961418451353008,38.31993051434606
52.90883289254388,0.5446052690008979,3.8768727944704686,12.053402296981673,14.284230481733701,45.54950519718526
47.03034929637876,0.47690558442746805,16.315946763218115,12.086584411688815,15.263975624167664,27.844773789761
38.93463376298158,0.4611293847058072,11.007937600657431,9.320519240170483,19.249106117849273,31.549759060375226
114.69892683628024,0.4076368636592701,6.725685352315063,8.7355960271113,8.466920074987227,48.029167444975414
290.57590903268454,0.5194896232617674,1.8703465113686337,13.732131743076634,5.771715670573064,68.80184537761383
88.18675027093025,0.32119468630356623,3.591960302873469,2.729827158620811,26.60859180207522,48.712011031790624
85.477587647291,0.14995123060889615,17.284679586042614,9.286415773424428,19.750357507930637,15.810076488431458
236.56106509721465,0.4724273483480635,12.216344288795963,0.8415821012509391,3.6985722301743897,72.25960993166478
33.92378574785099,0.5557285057967369,4.894492056250691,2.198887557688674,28.909446197222966,51.788694784613696
126.0979973266734,0.2377437605617747,10.017886973620179,6.615357991805163,21.40591806351545,35.283738145866984
103.39920739547735,0.48064081387642454,2.3351660625397894,12.335989803887397,6.247729978436325,53.177481037062755
296.55530244529746,0.20054748669532774,2.1570813350381357,11.023677092175882,29.13576408693922,47.91657876726656
180.07544716891098,0.5684301503472751,18.17374010241593,14.613559426585317,12.231405610989727,48.20139075940834
226.26574744267936,0.4259035456075826,9.265554527405602,0.7682448622014983,29.566282236213567,55.339682205781756
45.16201837218233,0.36310179295031836,7.359029648232512,5.782148060510901,4.891717623012077,46.272664203075685
325.12139119456856,0.47892858684696615,18.99162216755636,2.4659829434698977,6.4791380769938804,70.39272881214498
112.85825394378662,0.49727714380664784,8.100213436421962,0.6507231323375756,20.407747424495636,54.586301227834085
247.39359324510653,0.5408034440239409,6.857594135460891,4.039523588787675,2.6200170246500507,75.45883217925034
334.11916297044024,0.5456157430660867,5.6051261889252775,3.7426304783895237,2.523309954110599,86.6519356537736
178.0271015656009,0.0789799540544506,11.388243850792488,6.358413005086657,24.17551930229721,29.47553511482642
177.63734055684944,0.11759918440703748,11.256529727059085,2.187209997718839,6.697849288714969,47.94646335590662
41.03729824545817,0.5043334830029645,0.5206446847398397,7.37965693046915,27.726119792453005,44.550682241149076
136.5964447480952,0.570328409359098,13.15043401435467,13.809465076982207,13.925092540798408,37.01103720543252
298.36272860853745,0.21921951646816729,15.808480639923781,11.248015080814891,26.462265920379718,38.94808433691196
47.287277484631915,0.054731000137993445,12.396097940121713,12.648442209449675,13.697380354422798,9.289463431585526
321.12644569623006,0.22748785396935883,17.423785138023945,12.090456040490846,16.846440139219922,38.83011044205589
233.55829503532985,0.2605752747849144,5.673043948526183,5.905432412965447,10.862396526939557,52.664801631430336
147.33594227066345,0.4685683505978712,4.001192174821101,10.663519440837744,20.426139697166185,49.513831669593614
191.27444648398006,0.07617156610081152,14.00610625763548,11.338417967402664,10.909632646405852,27.6573868122653
52.67381270784532,0.16695212985096314,3.9334702235664816,3.1641567749186112,8.248762739801379,44.02379747900735
76.11915259820583,0.5416827224070517,2.003876611630208,12.917909262634621,4.269324734955621,54.01041828701548
100.24294947333549,0.1351512251982887,2.1129783570853045,6.920436237981726,3.614741739179708,45.018013462225305
134.69614136104508,0.4675862085825885,15.414191165869218,0.3437601186898277,10.567281889664091,59.10746660120696
320.43269824754464,0.2487207285684917,0.7689985730284672,9.686423218346372,22.621253666979154,51.012653409727434
128.64915873780495,0.41446311820676235,5.931242755816159,10.183770069577678,7.757361857621256,46.46848638863219
183.34233413517734,0.09061557681664556,2.7578909168927215,8.321258220484816,10.378368603905905,38.79997295487142
56.70915649624477,0.20760686979732385,15.147220906630203,3.2649879826226327,27.34479971861947,26.461430944548304
257.59062036822473,0.283634355623196,10.169163094345082,7.285942607605373,19.896409882716977,46.75978248352712
196.09829717334551,0.5214669443427838,4.268749807053811,6.061899008658056,27.75222690381534,57.02908104181964
153.9676102941802,0.35992272170536466,15.05813579329509,14.622822500274495,27.514328952101756,30.49604477840307
331.51526294536774,0.07487391119272906,15.057256880935634,12.387708677863477,3.775499109599318,48.131876996568465
311.7277954496428,0.4910266153293693,10.555848411959282,11.4523041157995,28.740261097994214,51.453242917205756
230.82894532057404,0.07998681892331541,5.6618257836931525,2.7979981747024305,3.4329828537151585,57.23741730422738
322.63434215478446,0.5639016101955453,11.808286565391988,5.032496259576127,27.91732969695763,61.24019361688003
197.6736282265754,0.16644459532221423,18.683895994933,5.7577063499813805,17.308536226388046,33.251748899227294
289.4280031003434,0.31835937956138005,1.2224004749991324,7.440150231277144,16.92930832056696,62.531755020004944
143.3110574648152,0.08975453282146999,5.485606963111488,0.5503452297755237,21.97139375335493,36.26364248084056
30.360466971781676,0.35894181246377155,5.842390068775026,8.935837498312306,26.61791558132844,30.52086695843969
347.95200633518834,0.3234757854006649,12.709870938980677,5.432062505184383,19.276127558515192,49.44616621707413
57.971032289300375,0.2756366941847386,13.093055053906555,8.468989466846132,13.911195905877001,30.22221089348309
88.02851374064625,0.06956510436872186,4.285044819885526,0.23377792542493342,5.132901603573657,53.68009533826691
57.08618629869382,0.5334150082583266,4.478791833717711,4.889353771063103,24.0978605650566,41.53895583243117
118.11783129256078,0.4914501293470743,18.578611153479557,11.553124234593534,5.592217789182543,41.22143259201802
101.24804680421856,0.39816651118094487,15.174716589723657,7.5661151326528975,22.338244113578803,32.56480053284396
210.3857869922322,0.3647264904486617,18.698540030928047,11.85442119235001,16.781898481896725,38.627591686619226
348.7610050467496,0.43222053725340714,16.627327165621427,10.51450984850906,12.803405893225918,55.66973735991409
18.378169419948975,0.12919450875290195,8.16193600922123,12.838316569749558,19.163618815094296,6.03001207529246
272.4550896526627,0.5629543354740661,2.6137712095343293,0.21090946942738725,23.625970410087202,76.39349847504964
44.79717354227029,0.20657031032755252,12.665097251883408,3.9937498284814694,28.351909316617387,28.17509280980755
6.942258621275476,0.4110696498436512,7.169423032701555,8.277145726356114,9.411512719458397,48.0457134155822
223.5018870404932,0.38371562462804754,8.623157413718006,14.121169342117518,28.51964448592755,42.460038174389396
305.66033010427856,0.4001376888435847,8.632418870692353,10.228873683974832,28.906545287658176,48.33446393578194
61.70447732693836,0.5334236676951617,18.743088508951413,6.9031729155995425,24.781654405431045,31.155433083615826
119.56482462468158,0.21275116365784086,1.5634759000133536,2.0391058245644778,26.680240898385776,48.04007024963654
59.06257147807701,0.46192150353896144,4.02345447710082,7.448908785886038,21.38797038408081,40.896979305140626
317.277649256021,0.379115085166543,12.237268846095855,6.672195889595386,3.094722158075971,68.92441304299743
94.62615134634291,0.09183318202505208,17.69840970456049,11.698804792861658,18.102199251750978,16.235956004793852
155.64951199213587,0.2777850744850863,18.37526450702582,6.258894743398566,22.921727762901615,33.17911299152122
313.1594466990774,0.5108733652961593,11.262119944995618,4.850687315016662,28.36768777177738,65.7108156307743
193.50422131693512,0.22344106391182222,0.8843121329210542,1.4368232687854314,17.97265171652846,57.094524435298986
326.497430269047,0.31524513582208175,7.385044479921585,0.7928658524879652,24.237618991206734,63.25961231448506
324.2576451264637,0.31875121248451294,18.392899185019044,6.643102970083417,21.74108409124583,41.49428364001317
161.56035696280233,0.38990542674322437,10.09889290226723,5.268243494582551,9.862480879332292,53.60223154479443
203.8339144566797,0.5362098228846008,14.586942927832986,8.3743301257416,6.33238610423804,54.362248412246146
80.60999579952791,0.14544655933183603,5.530029724899995,10.707733713014514,23.02534920298121,21.668534170538717
346.68753658040714,0.32753928545206906,0.6951380126509309,0.6961015222496644,8.545514113026208,86.30998442800136
97.41083114412822,0.28334699260818663,11.651531687318839,7.49363493457195,8.851363529643946,42.09311474777104
274.15744579333295,0.212756049555328,16.732623887841125,12.943381223311496,20.030494683618134,30.43091226843503
109.53917105432909,0.5557844973245747,19.80732019842318,6.881982133490892,24.0939169928268,33.75777998691122
109.56479173142476,0.054494100824242685,16.963216735209677,7.866508943166538,18.305298600114615,13.324403292970537
36.35202434533114,0.1171576359467074,11.169088373958282,7.353198426678473,26.779528308613994,17.719609510395777
195.96353377880294,0.45333944745386023,12.25280625825065,5.907914485402814,7.920411539018885,50.61002698904289
85.69131834487324,0.1948928825778024,16.51844798944908,1.7407809064582493,9.067604027140707,31.776777948116067
51.93816521516658,0.4477485936007338,0.5922517971868,1.982707613669647,19.834754116408448,53.044408808652435
79.33334308085672,0.5077394858935596,19.042558094250396,2.7684297018916313,25.222309169312314,40.96314380133011
87.88260497241046,0.19003880925899158,10.718180667794984,11.909213149375057,17.10185044699054,20.852219160130726
176.4292096418201,0.1555693583246633,19.050634440900435,4.2024512783695265,2.2906840524712933,42.843168421182654
135.0730627944468,0.12991534797463677,15.337459698300458,14.227044348453619,20.954407617794352,18.665383628459665
26.421598357686033,0.16004873598534541,3.215890036571087,12.171535481395772,24.780308124502174,22.622820692493676
187.6100040135514,0.19695196401445536,3.472144329864622,10.29965595616035,9.743221581087274,49.15707388417454
275.71160805606763,0.5278123990972797,7.202190325051724,10.833865077996528,3.5175504087034883,65.25988413759232
200.98230631289834,0.47350242728883785,5.426962834328787,0.8097199093074323,16.50265538701135,69.53457797207597
341.0890882881198,0.05101437430503289,8.89811543409102,8.569001568099523,3.180346169826696,54.174407514595615
34.70257285056499,0.5307655281539537,12.15729664333272,14.121747957833772,13.648468829626841,40.25215905736442
287.4033178653383,0.09334676483608773,8.844274089837485,0.6827417325483831,2.4988996451682723,60.16584186496905
176.99243446406658,0.41039608965077995,1.3171275772029318,4.4361461258517485,8.299068241422223,66.14473003931631
182.55831214082983,0.13331112251925448,19.517505979987863,0.8675212327956368,12.887028652833477,33.73253123356554
181.68497712734194,0.08425169578102591,8.61741825718672,8.589149510205866,5.12776491286722,36.519807925085814
113.86158976767345,0.4678738836366477,17.051285085570065,1.8313893448408827,5.196365311683131,55.6143079974031
113.59425498408837,0.3069617126207136,1.6642949867708123,7.240827327743547,25.157728729117522,43.17583034147445
221.14557732486654,0.37948438232113746,16.239284618390304,10.827246608134416,3.159868269207186,52.18400639515029
15.667779884090743,0.28394416033860237,3.633411826683839,2.550134170538467,21.29105496286208,39.64080867827927
206.0751158556312,0.08694452437931316,13.652217871339849,11.354930112466235,24.805497381781844,21.30389131954653
253.60675137382043,0.456789991457836,13.303772585850787,0.9970464830534906,5.66022591579789,69.80509216584532
124.7142027163963,0.5011931166428546,18.21417302168382,2.329404755829251,7.470380566377234,50.46632702663618
76.07492881087165,0.07278129869878514,6.549398270944625,4.2736444114151295,19.961812444660822,25.12508598431154
74.68541945301655,0.2566444583411666,2.357403246329723,11.9618761044401,10.83810515681013,35.634628698474174
28.6438786705981,0.356524095388588,17.318403161945533,12.767039647938674,15.339845994577207,24.367598799359715
31.401761722242906,0.38285088252180444,6.76523508687927,3.383659234056933,25.408075831832495,42.12576343908357
58.34075386810744,0.36798411762771427,4.804169023397292,1.5271790003298926,5.8635287987601155,58.7338397836378
6.710516768580488,0.43111735964617115,9.826930517369577,12.734511356974048,19.350270613331766,28.360884917768892
93.1823926334645,0.5817489113307376,3.093486662233439,9.775574819079395,28.387136223862402,42.312149057380296
107.24064023678604,0.26482258662079106,6.079874390824989,2.4520460023403525,3.609065631240775,54.27068535878005
348.3274386746458,0.3561429618255741,7.828556554480131,8.409980098746212,3.680189419573314,66.80420325608988
347.0907081796439,0.4344932462051994,5.689654811123174,13.098334349994472,17.53278643329384,61.82040948694469
65.46709639297967,0.3758331021427927,9.115138114713025,1.1357726365712688,28.88212229064122,42.07690177809298
74.56125533392355,0.2627130665050499,7.816083311225671,1.3474463813593753,8.173261986270086,52.024501052526844
172.16722969615137,0.39324360837240446,15.53690241598987,4.176755633872264,11.262175152053615,53.5290627057729
52.07451680819856,0.4075613417420887,18.384491803109256,9.818708651419984,4.7621432873404625,37.510300524112736
176.4137928553671,0.3717326614294852,2.1982796916074805,2.7523267911119182,12.142922452231794,64.1530300819459
139.786396681776,0.16281086341380396,16.501390360194982,12.263871344325748,3.2413094405622385,32.80718767087449
113.61801186745534,0.3282897469838375,18.649069912498323,11.281409634244906,12.894631936852809,30.53088201954917
287.91180978342135,0.5363962453683853,13.794940290179781,8.458972319056908,17.553657698376867,53.717358790261265
289.84119499757014,0.5277310329177339,19.92910958817963,1.8294087951181137,29.300135147159317,56.728058047792
345.76131344430434,0.46293335874780606,6.833851393364863,14.824475441851748,24.9148634299746,59.185922562196914
78.08083992855379,0.43345753294047373,16.640136843382315,7.401501080486091,25.01783150170978,27.49756596046116
310.8971240003112,0.13430352576824797,13.539309592602402,6.835889903222466,8.38804108802152,48.893153610600514
188.24607538587583,0.30270556547744704,6.603889986509661,14.933979287043003,4.442571660727663,46.067786394032574
207.01080096632322,0.11102322036112176,14.152594373504835,12.971637125722907,18.88609171491882,23.277247647810466
313.7026250163842,0.49950644729981075,10.290512413339645,6.899879237069072,16.591869461561487,65.02813254357669
329.92077873241203,0.21007376354186308,3.941683037783027,6.340164490450454,16.462108544173677,53.470295448803476
254.38394019522303,0.4717762253370016,3.6428177117073623,1.5290498002480932,5.0522236136198755,84.64271831452032
121.74485117729336,0.4980183903298964,14.325297165963791,13.905025021197286,15.828777039373122,41.858055829341964
171.38379638397686,0.5408728535763474,14.296223153871324,12.67224523101605,6.209960736787914,49.737291439343274
215.26885241893845,0.4646065431682698,10.709320467036383,4.719037143910672,13.81920862393147,55.890152833270584
290.02401364513395,0.36060095027905964,10.128030212099393,11.324487184774782,3.740553714054849,60.347766851493915
230.2816968821444,0.37900170309968284,3.764761224639465,11.46466845148147,25.99299278343993,44.28239401554295
127.90666584066807,0.2263202522524405,8.699865235485237,3.4958696866765626,2.369042416565699,48.54511733759756
146.25815797610304,0.1473479052647449,17.4536709164158,9.24346650208638,28.301047904469232,19.742980330840027
17.65319571374617,0.12184991265307907,17.123600660683987,3.8999291708419492,26.16097103641029,19.186256977849332
323.49375115299756,0.15011293661422428,13.286194255800355,11.869302173845082,23.073026031940483,37.155428211631246
30.841654665322633,0.5636735380715661,19.947662223800716,2.3917645669954193,29.511416304000292,32.1672758156231
202.97577673994067,0.14043828981037607,17.884931264454487,10.066699380440431,3.5069599195723273,31.74332444685939
305.0781584335876,0.4480555947107024,3.07556238664842,4.957574503611243,19.964718969465707,68.19143404443065
147.3028373302525,0.15154569882309854,8.102900781255318,0.6391126572755005,25.780458533208048,41.89593801714136
280.04392062898,0.5864093736186755,2.8123621982336324,1.9431991987423074,5.545278702861542,83.89930435708149
281.3356278727033,0.25162149451163357,9.428574405298221,9.85799715893555,18.373699402662766,49.118887459666944
20.946113505186425,0.2766750359659884,15.572379929947674,3.6747231180075377,13.029813443450811,29.3765275975144
144.25030400575258,0.2724813683301846,3.284616456589438,9.502427051511606,14.203159173718614,35.951392651757764
241.85892034046523,0.49905255123311465,17.632356241914085,6.280850273419175,27.550674390786334,47.408341835695026
147.82372817410902,0.17005978860816023,11.467339520502025,10.421430611756076,17.082240607692505,27.626362544211265
190.80853686277464,0.5070636047480961,15.029100204985454,7.444934470563653,4.611337255697077,57.86070451903286
208.06026661232403,0.4113823699431446,1.0940850797304866,4.697351747701448,28.24205286764401,59.73270807536868
52.930281855934865,0.1711540922883087,2.057995436347261,2.2727057798782675,7.185912775761073,46.21144267014877
144.19342215198546,0.08597415021250088,12.493051490673674,5.182363961077075,26.99383086121779,20.39267760839695
9.962127589248048,0.47624589779142723,16.796199875989995,9.55992176110862,29.18578019039008,24.92350380874294
52.36912911837055,0.1704296751989027,17.502528673599304,11.133055227441787,26.579448968499477,11.99439792756858
179.2889221817745,0.5389867563475564,13.829712640288216,2.4890611551158597,20.959745778649772,53.55206717446334
200.7550992785836,0.1213819025506065,4.178586658917401,9.997658892432945,22.819450955046527,35.57546789018869
51.18204230708181,0.38900051064412616,4.061429950281795,2.771264693807533,21.596282825413144,49.341935855097006
264.46674457434716,0.4306926165468311,17.650982397671644,3.4051082180007537,14.894682859941755,52.40685676014347
130.54576075484744,0.4117363280064705,2.4420606332420536,8.016626880172224,9.68375212486524,51.164691525756844
322.2274750896852,0.22381639797293995,13.784203109347832,4.409114299443514,9.980076438628831,54.20548568261923
135.6819531568923,0.5315379377712575,10.76343541292756,9.957772074423648,22.47270011601185,38.723008439430245
52.43384175141159,0.4733929242118109,8.544117903514293,14.34107170119892,19.529020552975403,26.0409813646883
265.2896605382652,0.33061348789170436,8.91862441004434,2.318493799927174,18.376752951136112,62.42557765432552
198.7302801537651,0.38181116536614673,18.915105782156772,8.600611401410308,20.273047461883134,36.56982989610209
135.3408588854545,0.36150417482105546,17.256575357960525,13.857157821830572,23.69401459206489,35.59303417626169
124.58500720129155,0.5706842175399838,17.32668050485857,2.7302817521090246,22.95354561007494,44.24740050087146
52.769140745044865,0.543027280228609,8.251042501243719,5.566078460434386,4.951099362187252,50.69395514598452
119.292119613104,0.1795235068358385,2.3182279329986852,1.9418908413478286,12.164981391788004,47.42189017431753
10.270449342417265,0.19451787774327478,19.957220775729287,9.66636200287783,9.3910798299544,21.636274285179862
175.84066992651987,0.5897909396728378,3.077793127658534,10.070229622651048,17.070682542276067,50.68435274304941
313.8533096348076,0.18010838607407775,10.408530140507425,9.996316559590992,3.7196503064042066,54.38801878121054
278.3657786753645,0.5744136284654273,5.4394599342481635,8.177693020613846,23.348993329790193,60.0836668338329
9.982419021475009,0.40736453780320975,10.312708660668186,11.219286930186804,4.982765345356267,32.55567302332704
308.4411141938814,0.07756019147258716,6.237677243232432,0.6345717160616978,9.599256725497302,65.08640119667305
158.31369010889367,0.23464995970345848,17.958355484294998,14.366950962935062,23.91676214618933,23.536544742689465
66.81201289542304,0.31188473955209034,19.373163595035418,3.409233498147367,3.4436795217238365,36.768494382718906
263.3441843253856,0.5082010902977484,8.319272796230084,1.911273333506977,20.485629919567764,66.14949662131261
113.00574256196622,0.2307219773014434,1.5897548834356978,14.12292703983478,27.885391610242817,26.9234468486701
88.66144809789849,0.22081807166850054,13.334054767040541,12.47351005378759,19.29385888125806,25.81501981838667
56.46144237354167,0.5561447924657652,7.657186168159672,11.496569247446033,21.954409647239505,38.11858404424444
170.31766741507798,0.09346888997064542,19.722179387937256,1.6607110631908262,24.183472430631312,25.28677845544997
32.687899842305846,0.35333666809324743,1.9696206021214246,12.13218528377487,8.22289702121224,37.70757076367753
274.9645951898253,0.32733159841645676,2.5587035257642228,9.174450492845763,18.26698970435177,48.856007425736514
164.73610183324385,0.0815341181223807,14.048577660893631,11.00543830407649,10.653588048845297,25.618963122751726
156.44174588662207,0.09826757128562083,15.221262126604442,14.673247169294047,8.985870618308548,24.34209007630082
0.6488847685323429,0.2600820881379025,9.527708804953155,2.997173539058204,7.388779622395525,38.75870341748345
286.25235110799645,0.12378867063962953,5.689839128314694,7.615291216196099,18.392057228475903,38.91970818255985
172.4929706633888,0.3129395474463207,6.334238972782956,11.324944002240812,24.246893943506542,37.03016515935264
153.96308193047176,0.3848888869739486,6.891864735141163,6.561479626498304,26.524893797276476,50.80320968654972
266.48470984953667,0.4302681764766372,4.660583414699186,0.9143309354813063,14.000406491972063,72.98499417916037
22.014492185266306,0.3505585362564204,17.04272245331752,1.7604395932452654,12.441172005542288,33.07657587735009
128.3381596333213,0.2588130087413218,1.4885287095849908,9.07117039092978,21.244593258816547,38.784379649213065
201.50688514381477,0.12136724463254955,8.264100916750628,4.346561781222272,23.850058771865818,38.363691161097876
161.2021469587157,0.1861169781438926,15.00254226785165,2.1538256448086415,9.092941426827105,49.6456884064542
63.57361145729104,0.2806819223587194,0.2757443940451877,5.164390763116278,10.324144757909027,47.71929791946176
104.74677768810912,0.5582629658712652,17.585043832262382,3.094615887467304,16.93501293622661,40.44018795510748
105.07019517667155,0.1614303196569173,14.184605605111415,0.4566980519641388,14.442799259518424,36.44015510726072
347.18978096782945,0.27733932701296043,1.6528043453145465,2.362028429650775,21.76205652567222,69.01684315733202
114.16899158232708,0.45276987155572973,17.920932462089876,13.25786161767332,16.125579747656886,37.01711023030576
71.81372188980464,0.43786184360104197,9.848638854090195,0.2793555092904695,5.124774960232315,61.20458626881509
287.9230035864513,0.5810759269606687,13.114338811028167,11.630369523552025,6.6466894540669275,65.56067575910359
147.409939251263,0.15499571317382088,17.66426081547307,11.326570477486595,27.25344762697791,18.597932203781685
155.35229307046777,0.05908578637997902,17.647014424851413,8.50714155654894,8.36715421523801,22.93518525964741
192.11117222350805,0.22727779354296151,8.293133546448532,3.2058717090547226,3.402410559701206,51.61440312074973
208.49121904187905,0.1323309368654938,4.906251803493697,13.183082442073452,22.480727632042306,31.791308594693334
206.6944601436188,0.35165797881092836,5.296946578054299,7.178625975029753,21.15231202764994,46.57273831594024
12.074902843865376,0.5443284803876285,15.365643410397812,2.680772812811258,18.802128522334957,40.22188549070927
286.59485151428345,0.4285247581348985,18.60272114788198,6.492436628089469,16.063172325013298,49.12785081914981
68.1984866761933,0.12468937099256869,1.6301673316102692,3.0042666933893654,29.14824991331095,41.12135966546036
102.31974472435128,0.11384951341751809,0.4973906158654723,5.702516832835876,5.355304285716693,42.094574758044715
60.70033200723641,0.551297397301485,16.494114217160266,7.5006477880507925,16.284557912188202,38.31315777730074
268.4768301375572,0.31818525244082013,7.854731544430356,5.4625232565605435,17.793258417161223,57.23962979441362
204.28029741889682,0.5580201455941135,5.673695050171589,9.889959683683246,2.6298017146635013,66.60848323246117
264.35365346321794,0.45491974354865894,3.929802182793669,14.045175280917732,13.535787894521478,51.90367463797048
228.68944190025513,0.5963416533494705,7.0603160745992435,5.287425279939756,23.918459510881952,61.203950629295804
36.455522046790655,0.5291752584635353,19.435068167704557,5.400518756163637,15.190765146802107,34.576463092920584
105.52492154785185,0.2778167057439928,19.546179535965198,11.100706811973755,26.50779659414567,17.445059931491805
177.54280585654246,0.4670253051533747,6.763967825822748,8.005804879664163,20.054370092904858,54.471363869257374
106.73076100097728,0.3091754920259697,19.28106434212448,6.489707650349042,23.450390193396476,24.554665478840377
72.55636654214076,0.17818976120451302,6.1372963048444165,12.22574200800189,24.525443785386077,25.09634896363505
304.4341891733099,0.18256609231599769,17.118725686288034,13.376437401152028,21.306006704323732,35.01967933749192
261.72428632538157,0.26852717945399746,4.397683341264241,8.899740430103035,22.98265848073783,51.059553432638566
120.82702119396183,0.11130642430669646,16.56445424976542,2.858038764057041,21.468695114994937,22.491835300888297
267.75432692011447,0.14777145668875413,7.203861871632231,7.04765974612947,17.41298495670145,45.14715836793759
219.63851645582977,0.32533477604605443,4.075325694870434,7.6151228660072,17.86292303667212,51.62952106365727
1.3250067713388658,0.5746573625489932,18.70864216698789,6.539889620951805,7.316773913830437,35.136711893005575
133.09170910407224,0.36772748810947375,4.440849782087663,4.010234995094226,25.168298534613594,46.73036446934973
101.67062471801567,0.2746732120534123,19.838337470032986,7.137594935085431,10.739844785613165,20.192999796772355
76.2680175970639,0.18348517592811592,2.349763069292098,6.753537666255576,17.000632709029272,32.94369512165453
88.05628792479571,0.15774571758854233,0.3984115111261043,3.2214535068838863,8.987275622390447,50.56544655403489
329.82769630143287,0.4121238661583925,17.441712212326244,13.56111671980737,21.48421941497437,44.69145005851481
170.21097379703806,0.5165789245819122,11.814767284507926,13.291580167627274,29.3047306611502,36.02511112026026
296.69805137844185,0.26937075954153994,8.548200781085626,11.418284783913787,24.454326570127407,38.91958314175016
74.9760032535439,0.3528624755053055,1.8228857255354651,6.074104006422992,19.334673492851874,44.26125583397756
61.04132987608191,0.4386997186869714,11.582872113437539,5.618094427592821,17.890182944778825,36.05922920503636
311.0763559098684,0.08206256628056668,7.99576658767081,10.77533412319987,15.713595205882013,43.48388071816391
173.49664002386373,0.24299337608990085,9.775713877175917,9.160976601545725,7.739200089380806,44.903089652796794
313.30324385934455,0.45136408936915984,12.681758855763725,9.048915026806691,11.744281451638873,59.95979793498036
22.060098504946218,0.42654046458559947,12.87068539148515,1.9492617596733643,13.379034076796415,43.30088422655327
320.7524327617077,0.07934124842885025,19.219864978790177,9.31242832640218,28.44793409554829,29.17128386878264
145.40586071977808,0.1808001741053727,13.170057586099025,13.53775886573815,13.916319913008346,23.77805038279484
54.37967059764672,0.42397646794475063,6.920201975608172,1.378665412989458,18.413329934285926,50.19482011383221
239.18394130231792,0.19927882329574748,6.726729989748553,5.153652356154732,27.827887137129245,48.748389394773675
278.91593915298995,0.4979256616655631,9.647786867571517,7.684312942561378,16.515939418717608,62.348939852394714
16.58115465349013,0.06622767255953764,5.334688457390024,10.321541472989155,9.040593836192963,20.72343144213022
345.51859104654017,0.15469086611139476,7.653491766900521,1.4355604503881427,12.66817098474617,61.86849562452711
243.95941056066312,0.20472213902780695,16.87383288421071,13.10481228000378,12.51509761267792,33.96532001595223
112.49069708024551,0.5589094091455485,17.223279736770504,0.7041297440814568,22.012091811660326,48.6673469086163
52.952828493386704,0.487975426003866,12.630291068366738,12.879576035427915,10.291380452880723,30.334683145273576
137.38599513737515,0.5362797975911247,11.74025065148285,0.5120111623923017,22.44808017729104,47.65496613070403
77.19798119551903,0.29226353094750807,8.656576668323877,2.3874972344776006,26.898795932828317,32.97774572674137
172.95362825933353,0.5024091502020309,12.790798528263162,12.024825024589735,11.410044327983933,39.83899561387194
273.66244797161465,0.5194214645157117,16.1598562454835,12.916450114336298,5.789550806881534,63.186040854043114
231.04563613269366,0.2699762531312498,14.80937174659781,14.735760856364761,19.879521827121998,35.75349904544841
152.5772166736051,0.596954016259339,0.9020984104181808,1.8241509423207605,12.103925090671837,66.7659886964995
41.63037360301734,0.5181812460687281,14.676373972391543,7.944121629750412,16.951612680048182,33.944253090285855
335.0049228288024,0.5857533328096337,14.454963810065033,1.2496218154413894,19.7566376915091,71.96520399072637
94.62968390767034,0.526573409754841,2.1600126264363118,2.4304736268613594,13.416802433705522,63.74338673424439
97.24209105625606,0.4769120021405843,3.1748978188646975,2.699958482804813,27.891444650122093,61.29892974412023
225.92577764348636,0.5691141304055002,15.800588521370475,1.0444849467403732,13.18921031677322,61.763044573816565
269.67836775148595,0.2809005845215245,11.267993649282717,13.405399108332224,10.606481162720808,42.239980179331006
344.45346786107234,0.48083338842327433,16.468254013596113,1.982697218413962,26.79890619076885,60.880625039405814
339.20749121973216,0.16709016325386022,3.857933871138476,9.477178560883624,5.816448255922672,60.0643320445196
319.8161834812282,0.45303662009659224,0.8061723411854695,9.423631261990806,5.4778500059965225,78.82283316788387
152.35974858417242,0.48194430567881597,3.406446742489338,3.059813559956562,28.199549812957525,59.45783032282498
58.334380914756835,0.4440884254359743,9.16088689660378,14.976327792413139,7.851115595064572,35.24158936926469
204.5649211503197,0.5173971859464389,10.561196561076052,5.275779820618705,6.156247301489935,68.21164563642891
6.039776941368818,0.2773344957672831,17.1824822166428,13.58590612735458,16.984712512547357,18.232561858755695
68.68709364838772,0.34962247264152024,14.380770491070859,14.229442510580801,3.310077053888331,35.54572152166185
0.8852888781676116,0.05586707588239905,19.809734682475778,14.239933333065476,19.360420020371684,5.0
63.187569400038576,0.1303292396533132,1.758647909232205,11.31728005526567,14.682062353493812,26.42309622796537
166.16499318868964,0.40430665909530183,2.7783772362904426,3.8816945791485473,19.931535003612538,57.32671796720083
137.66350888269557,0.3592744598047747,1.8702407576472795,1.8977647419728443,9.950233298917013,60.24284284990163
129.25379772432373,0.1585328824477722,10.861469322247128,8.591286159597905,27.353222001770366,21.556183692241326
290.83350237685187,0.18390563678815486,5.483843261965255,5.464583053345455,9.576259956309679,56.82050117840288
236.24870662598727,0.23924521105790192,13.735932213922673,12.482481276106444,19.851811195200096,32.175662219632144
327.7511170048871,0.44402809211893,2.827279591441776,11.200351783989598,28.46257181757349,64.75642072015084
155.86938173718536,0.3853441314648155,2.243189711330101,4.219377612983833,13.222660073555913,55.658075998010595
95.28038641658313,0.08826419529640939,9.311276305860366,0.353526981976959,6.519942792199659,43.528820446922026
42.93958831167444,0.46796653195679827,7.642787394613813,3.6360048083685883,3.9147093255313457,55.213321717603684
235.20958848980112,0.19446275966211624,16.61746533670296,8.550022205209771,28.964503910612976,29.75763885137439
294.60938096507994,0.419467823122431,16.783570685851373,1.2770623359676525,23.38364160783029,62.14455852912118
64.3087774916147,0.11784956456385275,2.525087623894809,9.908261735777561,27.73065768198196,24.26081534046028
307.56346057938765,0.5988567021955424,16.2839910408725,10.108274643107267,21.567325488474722,48.621917600228755
184.19667059336658,0.09418434387824276,11.370466651096697,2.623969443162198,11.588558117301993,44.16590400559246
50.42822124933316,0.45795371562054726,10.170453822758661,8.98514168787292,5.444464407534644,46.93431213495748
225.00216371561422,0.3477316975892024,2.0763148496433717,9.143874276622382,28.020592059700018,47.87684502617098
182.01845953802473,0.09726655520627606,14.844689226092758,7.221874380675405,15.709333235666353,24.426599093513445
9.86424155945631,0.06474575165291553,1.3807488914684414,14.303362532180225,13.102251895773438,17.6518715645801
139.73512165431848,0.24946614463417321,5.69829703906208,1.711631386447644,18.17817771469545,47.45231921252738
274.6757975300189,0.4912231626039291,2.0895443883276577,6.158722463673507,4.983661000069933,76.62767597046664
194.3983136977375,0.07263318215476587,10.709198674850288,13.2555195065721,10.65770694248555,30.46998702750245
98.71439419188569,0.4374192648304297,12.975555162449927,5.8560788601481795,19.860530998748676,36.90028323955642
325.02461718389236,0.4104569519453312,17.83893190031241,6.42713017417949,4.803442498000347,63.5645801711713
83.22266331535097,0.19604572222502192,14.730664035726017,10.057280818510595,5.78679725101675,31.302907154664787
88.45760242641563,0.09262061965418965,19.229867098492583,10.01689688873577,16.296460194549553,13.973373464331246
124.12377119809207,0.5534270783047341,15.266806691112015,0.4412391807376047,19.456799488830548,44.63061910537889
313.088251439645,0.21519239150519814,6.101847445190545,6.889891649083012,7.23604776222614,59.52283132227455
177.6688883989307,0.11126077748271862,11.042179249150678,5.0693264860063,2.9263697647537708,45.51870565990228
238.7626707290401,0.42483439309850374,9.267204858536312,9.452659182487114,28.83427299746917,51.26991562772149
341.6924603785982,0.1691746758353954,11.406180728019418,8.379964503859545,2.7697944207115914,55.12970359702807
274.15370391232756,0.3115969155594464,11.527368920365369,9.797838243994097,2.0574571625779536,61.480795865842914
60.41004152788264,0.07772304932981818,14.101601492286719,9.84113405893946,11.053535927189593,13.014234363734381
275.9238751639918,0.5961411718994577,1.8442675299821736,3.897590733483741,8.228688725715909,80.28087869034655
261.9180022291066,0.2961916197265208,14.985553551858676,3.7723249920808546,18.060418138749906,47.352851717936616
81.41594806702896,0.5995104897202439,3.046123542018494,5.617207685844982,27.037848551550244,54.54784744295074
113.87244081066558,0.26212118231373643,0.718904637416308,3.7051810619967407,15.47101482830081,45.565675148332446
248.5448839520769,0.24131890576822068,10.474329730836951,10.273840359498138,23.652433846875176,38.76160648862695
83.4375829237505,0.5530147805468903,11.713243821111496,9.08270303084444,27.458357077410597,36.08179955897347
72.86540415091675,0.23120621961446847,0.8900511883171727,3.324166398966547,7.303190300973809,56.03964638736262
246.21547024561588,0.2876030510239489,10.404348072644455,13.2731616511154,15.672704811416166,36.24413106287751
308.20842248691724,0.09296074019278663,10.784490125636339,6.963872964559912,19.977959988764425,41.09808701766603
26.255838917742008,0.5755043134195116,1.2393990450466263,1.9930930270458287,11.292730661769648,57.03733927540745
156.06770734033947,0.09683318246799621,14.289388645270584,3.273187262564573,22.713059107675907,29.583908174294297
212.51132711515274,0.4741517134444282,4.36373609533087,8.143773390642146,21.7488193062111,54.23535148260524
236.6968750412238,0.34623846659614727,15.93029243374086,5.142517845188364,13.790639956239747,47.45748847029391
348.66856933119016,0.0837728292261441,6.354278170037862,12.783206855257578,4.46270509588492,44.236095643402216
238.94218611085225,0.0509371054225809,9.662272122991492,7.471557570292335,2.323925937512229,46.658813342140796
217.05393954900393,0.5645545011899211,17.858647412493568,13.737892526472615,12.341787740503813,46.10156517368121
346.40695330815066,0.4581953723295491,16.162353443680445,1.6172145659814863,4.297927663292752,72.44013330046958
21.23384913236433,0.42753993394667816,15.680898855992012,10.062037681621895,23.885484409831307,18.5311906920031
26.05291365358438,0.291206091829572,3.376597112785347,13.298194300055066,11.36112193153146,26.780533389358045
196.23888424842949,0.18123758269103757,1.1532192566522543,4.464664085802582,20.65075172216751,49.53357884090583
125.5326150223568,0.42392469110181563,12.194027223475961,2.121745185097792,11.698611644412834,54.15908911660546
33.84412981146958,0.3845655877394045,8.331694521279186,6.904006595875151,24.28627567118451,35.43263326591368
107.2571136324767,0.44948820716658494,18.199730073323384,14.423879972281497,26.87554990535387,28.586934562578534
236.0240705926754,0.2511858851751441,7.121946618549419,9.538582689999474,25.450396179356723,42.00445310415606
308.21523729032054,0.5928080682822546,8.328857349758861,9.695256868350565,15.565259791435892,60.026610815724915
33.013566829793966,0.08685476048569307,10.614810752368607,10.10536869250577,4.3506451043549745,26.000813769602736
189.05077186943646,0.09383588936991771,15.968733179515818,0.6924444963474843,12.407910962216025,40.86085506185286
103.64044767874765,0.5542817161693382,5.512321271195889,6.7401820397334475,13.884767851742314,50.87774174414903
233.56415715283222,0.4062385392054739,18.848049011815007,1.2558229555814728,28.88711230399249,52.72165501985538
192.3080230601274,0.22948373750015744,10.890438031886456,4.806296557642111,17.833924545798677,43.00443845295842
324.34885210776275,0.4690740167353443,16.8513497712533,12.341825462619475,19.943694521100365,47.13625164586585
13.18936043246084,0.2990253633191719,10.607245972429173,9.878422250932735,23.89610026805807,15.642338881632236
164.51304622904948,0.061616829844252666,15.485465275652263,14.934033211156194,17.909669081889483,14.706650467419909
67.46584437274815,0.4081070181809765,1.2181308991890345,2.6651009231528864,18.757569057117333,56.851723642393644
187.873598032486,0.18371156540033756,16.02440713732367,6.016108119162806,8.86917832536895,35.54218859174036
298.7527704233951,0.11343431413553728,10.574396710236858,12.163639223211725,3.6482650117157167,50.35146234798639
318.9607847251205,0.1739002503746723,9.098428646094334,3.3138048756620195,22.198804615052996,48.76341664356483
139.38108212602063,0.31188683462108663,2.4098713989149845,2.390455510303963,25.763171525923926,48.02414179736743
284.123183143039,0.07742103720578214,14.882938270388557,6.471427099208008,13.536005133102906,41.12224223242592
98.1778261539269,0.5357338127287512,2.7970403195819498,5.817524703346772,17.369604690949874,56.64128128165796
2.206731211713231,0.357954909113149,4.007892693519063,14.705068519459939,10.603986365399702,30.73588411937498
299.3336701330391,0.21114789906347864,2.7031804630510368,6.898147782497096,14.606176617040573,59.23786296066082
41.79428484231512,0.4278526664487756,0.33019703273039225,12.928100512231028,7.848912335460742,41.961103215889736
6.16389317703196,0.4923300733389676,13.305892845330234,13.330686236584956,23.27683062693891,27.64384695427878
123.829182178782,0.3876585453909141,5.562712086477809,2.452288540006698,15.773530057702665,54.64555474597512
132.7829963687351,0.16137207505078793,3.159515091977865,10.758041538601974,17.32038348991021,31.06731225522296
27.027059770295374,0.11065863108054402,6.535455153783786,4.2363463742499095,3.038466191314249,37.96457201190534
284.96392626956487,0.5229448333683626,10.081876892624209,1.5116106271131797,19.427154984213725,70.6877577775277
141.9574555729167,0.17907807745345727,10.167567913508865,13.133103175413645,7.6743627362181055,31.674242859003407
171.47326481935804,0.06104533687262374,7.470480964972797,4.457252310353936,12.73505004221642,32.56892201645195
92.6188437834911,0.40359615948483857,9.999658966620293,5.24594848584307,13.55603960268358,47.75663822930493
179.02736332130922,0.1340869314253721,8.661360864340883,4.927436644138165,14.56451272966654,42.517564904256155
268.35598671606675,0.5950334008705164,16.488771890292817,3.0844018020052113,8.36821889521337,64.47320891488768
317.16395042518093,0.5283519574566765,0.7863565563254027,6.574100392226498,25.803086292037936,71.88821920000774
339.68536025730225,0.3846451493006697,17.38699663979633,6.481563029956352,13.97980421972943,56.092170391038024
149.3533736104774,0.5086261034346988,5.029522062436783,6.190399223096626,19.139764821431314,48.1933944969554
346.5118505689607,0.3087946354227829,14.49128785771776,13.752836432633032,19.190251279425645,44.54304814734135
103.23449910293846,0.4836674344543393,8.219784403542016,5.1622992675675885,18.995570883798226,46.733200372814615
2.4415773497710456,0.4055934538184331,6.027792697194765,0.5526457343279346,17.66090425058872,44.91033065628535
268.66596536417217,0.06575455638331076,12.383877985397714,2.758711392987567,25.033520951414083,38.21675076961258
62.45247698941952,0.5718167171540633,15.423911493489465,10.850306440944758,24.753298784921295,32.3415947639061
18.359193343352004,0.5235057680081778,9.108741771451355,8.903793234086216,13.680048032936053,36.4217908007392
323.40312290919456,0.5743740648262721,9.437766092696522,14.280848575743665,19.803689347657407,55.59773216525856
277.1337906739454,0.45225126400844856,1.3653583984000532,10.447083097144159,4.879218846747229,72.51871718634662
35.932680538389704,0.27663350691389216,18.49512041643131,2.994200933640799,4.541634991513803,39.600226494719216
271.9185533345166,0.1638418728074552,16.968554589635925,1.8975988575468166,15.437659354595333,50.30759792241127
295.3998940994487,0.14899799116122797,8.080257193340227,7.859320652185704,27.205712660968597,48.122007773499185
316.85558281389984,0.1297039366132744,15.346022140579057,10.0124147685209,20.199991670663476,30.087392893036764
190.29292361322598,0.17133530345283474,6.402927679027493,2.5679873957311923,20.73805983413264,45.655235930793644
246.19422468483359,0.35284980734106736,14.662351501652942,9.065225854702502,6.4148527382260365,48.5201638765798
266.78374763635384,0.4260597848083125,10.430495987968394,12.988927390551897,14.692524439527489,58.077785974871446
241.0236273046374,0.2227311085589475,9.323181099951078,10.940777028586362,13.222146459565822,42.98698107207996
226.3917671069578,0.3518108332293249,1.3191553457106713,9.996447105138932,23.923393709117406,54.93066023629637
191.64573847225927,0.2376889626996176,19.315354051815486,11.861032712197874,5.8590747096235045,40.22302819659522
167.7184089684493,0.4330804855206977,16.78069760359272,1.6508323649005914,17.097348205262524,41.04360133990206
348.6437568476907,0.5936674211761381,15.909083746131643,3.1370886915867975,27.51784207136785,61.9183387085844
118.14627314775475,0.4289593326105859,6.23734071354374,0.6676825056842572,26.988876910267145,52.27917674906494
30.894069655592016,0.08246681726070934,5.933885651589926,2.2601713868586764,25.86543907293617,26.276855411803105
267.76293775126965,0.31247922680869405,11.549223312574055,13.706416905775944,12.499588762218735,45.27908361963976
74.83853225432296,0.4737131209489919,16.955219285277742,3.4099594259679655,28.35081933834162,39.53422713254783
186.44267586654698,0.34823288343947023,18.705642442139318,9.965248523553358,24.548414242462414,25.51043564138491
33.530530810199735,0.5730846663475939,5.524794714954551,10.404352012117137,25.831956938745293,36.031964072358676
216.74935128587674,0.08012442356231617,12.226813046324464,9.715349345351862,28.105906241099643,24.32727157411029
330.4025913661278,0.21013554881262292,14.533275437890612,8.353423626164364,28.236035437194268,45.90670365169813
252.94664941243522,0.17139495920188372,4.682564474627834,7.3433421769574965,8.721818971279744,54.78868118202032
75.08717237931472,0.47219221096997377,8.267878878404002,6.356820542534541,5.575255929760672,52.511869688559365
339.89831585110124,0.3380861876662037,3.9119906195300858,13.761790579612443,21.344498419996828,52.1548167246153
107.48042585859187,0.12608931624415318,14.038320539813018,0.24176397706946498,17.769990785839987,27.72754503499072
152.81524527197405,0.20707629490378537,17.302945703594915,0.8969954278010382,11.1679421576941,43.41192501085827
174.3409571304803,0.3374626276480061,17.57518022012277,7.438435735989462,21.164586189756438,31.897191407699047
346.75156018071544,0.5978709396895071,13.467759635755598,5.024600218882476,3.7359125648458087,73.49283159520523
24.111990251714122,0.25036079657845445,7.073616731452395,6.182630175238471,3.3218328618847357,44.68854072928333
243.8549030524495,0.1362543535368324,13.288599461714238,14.967942941428225,11.920696357649282,34.594786709704536
126.67580649245755,0.32338658918541185,17.31248119798221,11.64950701802368,7.4277054561005045,34.460183847435204
27.413861685853767,0.22060250747818616,12.591945511928508,13.173378544224551,22.11956942065217,11.56670550823405
327.26108017149977,0.36128175310570143,8.375260417858136,5.59176100725965,28.544611461429376,60.449854474444635
206.45041170007286,0.3066906665318742,18.412094464236176,3.669450556092035,20.525567583169515,39.97852649193332
263.73130265607153,0.42921945694188746,16.737288546734643,11.543057978004446,20.333962279571786,44.154788229030984
84.13490244994789,0.552859889877134,17.672217756906676,12.132883804430978,2.1846760557483287,41.962986859539285
266.5393229202983,0.16028289292281306,18.083202016597827,8.293486845015394,16.343755208289643,30.436163858478345
289.96640400812583,0.5016490387026189,7.997483691674201,13.449528568244835,24.878836964904465,49.43754472215627
150.79028902506673,0.5720961435516945,17.220852348645234,14.513146326250354,20.315370229464495,37.33644262417608
200.18476546178786,0.2554853248348792,11.492923490684616,7.11820810862652,8.377906770167366,46.35536150360947
340.1553872253441,0.11251448532818434,0.9555476763699935,3.41773334993291,25.75730695596162,58.219839535821855
296.3553745977156,0.5020511439305905,12.789559859098329,7.804985295064575,29.002548278025102,55.56211656632612
155.69752137385748,0.43560269519103134,9.518254701031006,14.844045032766989,9.811799730007571,48.41052358785403
232.60085056454605,0.16699171265872845,5.648062251908489,4.464610209277891,7.798641580642587,57.640592904084045
274.48101688087957,0.29487297625040254,19.41358617293138,9.302229923618736,11.478753330274925,48.22617838853404
8.515087202386967,0.3678957135694382,1.290402994200887,10.440356594642212,3.7684319485747904,45.740180422916005
205.92809531884464,0.1434197476582833,18.928372335999917,3.2875390357446275,26.456114846432516,31.179494109004164
344.5850146944479,0.44320205464625784,3.3534878005658353,8.868040930050268,28.020385454909473,66.27028665789554
331.51322743921594,0.42943550776689604,7.664365950150538,4.78615438893982,19.732485109727648,65.92169403512504
291.35413816685553,0.5379196368813957,8.461256473303116,12.827723175392459,23.401374759896488,54.69430523231618
37.174932595739854,0.3620001304355073,14.674206269484115,10.749828203520059,20.722218968184368,18.361007915750623
347.9145083806531,0.3658721668826002,4.46906233298675,12.411369769436963,12.565918420116333,62.77853740123441
213.33835359828223,0.3906630457831158,19.724816495905277,3.075267679420135,19.69718613751944,44.209865271451115
78.01788730032168,0.20058079376004861,15.030434684727654,0.6151631147149579,25.41696478450316,25.34184670113964
235.99404136501082,0.4672332182029015,15.841062239271684,12.772832703667136,24.677407486601478,43.84688665846785
299.78324672788847,0.41437459369444707,2.307289699754911,5.862637586204806,4.269610739666886,73.19232901063296
39.31471629667255,0.5115300940035009,9.630977788287113,2.777863937491015,14.952826895207277,46.75244593934184
320.7533501512986,0.47272230273493215,18.92306513947012,1.4692409424828432,13.125000990802999,64.6810101598679
322.0714984966483,0.4012147267772343,5.547308216725769,7.7958620102506595,23.05624488183621,55.9044579428048
4.712542180961243,0.13849068300027942,3.0785963680270223,2.336906493917992,16.038526307281934,33.55439194886938
315.11169258218797,0.5555310277648564,9.810810303330927,8.543711164174725,11.791631039943749,65.74487755156252
331.3862713840547,0.2519666997607316,18.621782779093923,10.936867483439896,21.777793296609644,43.268093730631925
13.192128943120817,0.5803642126842192,9.83845436372642,8.072366755592157,15.260198569405166,36.37730443438921
102.95821322781775,0.2710289411003009,8.215719197809246,13.565126762058366,9.1854727770833,32.747347849505765
130.58762738564425,0.13026606097574395,13.075394246932776,2.4179874026010038,26.931673833086318,30.717914655095274
122.11166522323654,0.5366618611248174,18.750303177240916,7.459906751432435,5.165339748285447,45.397733837783115
265.6511330445662,0.4872823070707878,1.1713374942405084,2.5315378448608206,2.5064557927936235,80.273994480097
125.33656072835346,0.4824628308622267,3.237231800438486,13.150938704053543,6.029508914145103,52.04570285571122
334.8025834631598,0.09917591290211497,2.8285353388763563,13.990365217631958,6.582011097925638,52.13910594538701
348.24741885665827,0.5336039081785818,1.8895930495234796,6.0599386364784324,17.065181601331837,73.27024118214678
110.88660474718631,0.37802035043957355,6.181700396838238,4.655649041945252,19.49623401783705,44.96488258613735
178.0802636222774,0.30869565495012447,4.740318855782139,4.261809821895806,14.561111753646376,53.43347596055789
195.19704410500262,0.5522443917772262,11.064087070944838,12.909937455261941,7.716794867811322,54.250900953487026
202.7909904884716,0.4163227438650671,6.680330550168926,10.268384676937014,5.701345166229906,56.92962912358646
130.97314796835488,0.12316695311914225,8.223115656865948,13.220836514342132,15.780255135464342,23.35931782777797
58.09772568559038,0.33574544683118696,18.84892087189629,1.8510007593083677,17.833526453354736,31.74054240825873
19.096189605894686,0.40013912386615946,3.2819816971342437,7.192816125174643,10.510918407697273,43.21246027965221
37.22203297744125,0.5442028837523988,7.891455070537083,10.175068507529927,8.172318525547276,40.50374149083
315.45193315784445,0.20394175592119507,5.29022044227188,13.466652335216645,4.256596351727962,52.69796242276833
98.13125231717747,0.4868286371060783,11.073486450683493,5.792086287303531,2.7348456357825155,57.12000985882108
26.888044123865583,0.4898970971091103,14.779457285623558,4.765042083383141,4.960620063413037,46.52128799752754
218.2353948405235,0.12042721665302439,16.376359893673726,13.703189066869102,22.778223543950336,29.165802608124267
26.35750294144985,0.059478250515730115,10.402874551443839,0.808245720469421,11.632522204308904,32.73104838809696
24.518528884158492,0.36977533274415103,17.127348512233464,7.245972798848143,2.767729631253262,39.23992359489708
217.54967705492754,0.4842133874600421,15.744495055970884,6.933535753038089,16.22862761192165,43.44468532571564
206.98833546948572,0.3549369533800134,3.3086804163880217,2.276240566973101,17.00988347288151,65.74625388059965
14.51705043248604,0.4973411168599314,5.059489428595905,5.984756656602534,14.003285829147018,47.372720452116845
161.16724205293207,0.3922667272571327,13.500066461001733,10.866736125753903,5.0991187369936055,46.029938080852716
152.5189077671121,0.40931079891976513,19.50092159086404,5.566339823858383,23.139087132966978,38.37623989350122
191.34119539589426,0.06548493416938907,7.6473680718800034,4.713941146185714,21.294284470625335,35.02059273362841
258.2456486528756,0.09872901160568436,4.750195244765866,11.750242918804558,13.052415871604468,36.69577872420184
98.98001664676795,0.448766289743731,17.408762799052464,14.831859624308288,12.662829988945903,40.76741632173196
151.4730992543336,0.4695638053069589,4.152316798949075,11.712350371561167,6.366183218486408,52.66145282233496
277.45993952633773,0.3481978879353792,14.00868382618726,12.71051499357032,23.099381718456986,38.235022789150364
322.89473666119903,0.37459082009806893,0.8781315930461182,14.098561172206443,18.788069321513454,54.586304631212116
311.9630405674573,0.3879012119147926,0.5758141989384925,12.04640974453287,4.402216474362478,68.02964681208671
167.1708332329146,0.10774522536967218,9.14102093609446,14.70727891826895,12.585776836233578,25.288277706814053
182.30302895073567,0.41734973233801154,13.199494525488083,11.234535395880219,27.299706391918072,36.19883568804705
185.1869047532558,0.31315848721912765,3.0202021883836148,9.956686012391904,14.666488846374335,51.61737908647666
304.0504493976197,0.38138763717800345,15.32487256943045,10.43089338381941,11.097969980416162,53.18533926196923
293.9788274283003,0.35972800584578735,2.748982351757037,13.511219218947263,20.025954112560655,47.595383382852674
109.03638499087077,0.46965013664972133,10.76741459585916,10.276821447840797,7.683226575153633,43.72190321448806
56.99739129771234,0.22521254504378974,6.304324007086194,11.44195704712034,16.666495149801026,24.014421051758827
132.64109652223556,0.2554394347870986,15.094614880307464,3.3185480120861977,20.746637099782074,32.91616867136974
100.9422341372904,0.26538346858851874,16.121511720564904,13.698479232728669,25.936595647302177,20.377132516467597
332.7732536852183,0.4693508545457068,1.5086065433369276,6.76347730847024,21.39012047778036,67.03191591155955
93.07048780352805,0.28711194199166934,4.013570472287806,2.4999032306007916,12.763474320719803,50.86824283632263
63.422338604427445,0.14739112443503008,17.874353369474033,12.016829152269173,23.498404853752707,11.43894316594313
314.8176718957254,0.5906725337293658,8.429134164697162,5.4102559627313145,27.15519798598357,62.5844493908472
30.267511524624858,0.3213600251805012,9.639370134386299,2.8433752301281565,15.377381490478308,39.681315877548
91.09311799926107,0.11008644573583468,3.526872064918816,3.9181422716418663,2.1260219935319062,49.857167858374865
153.68891790020595,0.41865122579598624,19.898916970719657,0.6207398078180064,26.665704726651633,42.53895913396961
208.28758235588873,0.45653929664066595,18.476344120218652,1.4502824451114364,6.632375765045026,65.39859565870972
114.6855137306572,0.32512256139989243,0.2400884854484249,8.930108557253265,5.537114139450453,59.94479013237117
173.68189892235176,0.40555147005252673,11.104546716626123,13.00664563860739,10.614999840720882,43.69401398979965
69.59091525071227,0.14497117546550148,17.47089419534246,6.7831031596425095,12.639544870941313,19.68185462059801
200.99594207891988,0.2523573119042084,8.724565403432411,9.428266320265868,24.382547549226256,37.78598498127404
142.73588289788083,0.13900573185438891,8.84892231981836,12.165023208316335,12.897134783167603,23.74215342569885
297.2408905439576,0.2629793910006446,7.711073703180528,5.415856765825233,3.366992657917133,62.65106600003353
145.50694668602833,0.35954028720280545,0.7708010360754045,9.84927964823488,19.806927039737133,40.00105515836657
155.3353962587176,0.2933966739500523,15.847610049903315,5.321443144285214,20.794188656040234,32.269126520128594
207.26124626984438,0.37626816240465727,9.244347027143675,9.676458786103831,24.7981857832989,39.122061843632146
43.10950142692951,0.32596754535270345,10.71509964039377,3.3423550300747955,13.168250258511687,41.260827706300745
54.878311847198376,0.22479790537096594,5.262565312771441,14.669810848629258,4.409990133814958,28.121500806889255
276.58321152953414,0.12887879896655668,15.725546142923026,1.235048751492496,17.485743775447474,45.28850913794741
95.69657269884146,0.18897007378170244,15.916221224748071,7.627969457886109,5.387926712170184,33.49566593973696
239.6439251249596,0.16039228854202991,11.147832173664835,4.365816554475947,2.4781090446806777,57.51941074059148
34.09943949202074,0.4390822615298907,18.111632930843243,9.052483738759664,23.800337211837675,23.816648551877506
287.6463311113046,0.5009817644268094,2.4945077683875096,6.481774000672575,13.295496809474754,73.39852092985733
345.879838821635,0.4462137329146841,15.775207959943266,4.669317255387912,16.70014481774821,62.68074201865714
130.7918308227245,0.404053780847337,11.259966017949157,3.8255608104157384,20.55977767751895,48.231384309594155
176.93553567021382,0.21931824459757326,4.774060707321696,2.819229351544461,13.228774667914674,54.55800378900301
154.9491929439308,0.44104205750858116,2.8196148965075194,11.76490181121256,3.4316845893670807,61.20276618163158
312.9657120236582,0.38279590299403043,6.159939398392199,3.4107790626953265,9.076822415822896,67.88774842972802
3.4769131939078655,0.07579135167819412,17.15505517840875,11.625540326001138,7.441553357462473,11.513610666503686
228.71076240734263,0.5491866651163785,15.794863123587493,7.327075276399736,29.367032583079435,50.91375409939977
228.3288954812365,0.09397461260590159,12.973622031197193,1.1761975182073534,22.706152712712875,41.27396601658632
133.8347529042836,0.3264893472873613,1.9884747541168128,2.5650958970406648,14.64339995136939,55.602212412934215
76.7667747409551,0.3321880339954856,19.105646666917416,13.40427919742076,3.774287100810401,33.93654598759688
83.8889384952625,0.5103539538171099,6.247714621033062,9.081955747876433,5.243814629391576,55.753024861446455
280.16244242486187,0.5521871255733015,12.218599670232157,2.846564362953098,24.761187939599612,56.58674620743756
23.13608373123566,0.566821685330386,16.1014170419476,10.586097236491936,28.472574627436018,29.359666447186974
197.33845119602563,0.36331967341343796,2.8305455222834093,12.3665999919845,2.8778051653091965,56.81397347278306
107.39421104239294,0.42347322661638187,13.113495496666287,5.026731898621275,27.491119435271724,38.25876752279206
92.83673436391214,0.09868592432690967,0.8394607347434089,8.393268670879618,12.655783974807774,36.477851573935865
177.00818293586258,0.3183538059642122,2.2154283677859543,4.472404557218741,7.981714498302869,60.02135193994512
314.25152719791845,0.5438211873332565,14.51824396165741,1.292919594036735,4.86250600756933,76.91839853418112
216.3321716630658,0.30063343307093354,3.270626680341324,6.052685258280345,23.608970374689456,51.08603725423368
276.0137197143632,0.08827666448838684,8.981433121446491,11.296337084811805,15.129493585090783,38.032682891547154
210.23932274200834,0.16035262832904945,5.116984505391909,6.934336155435325,25.30786589418719,40.9972015193438
244.20052295545923,0.286228807339522,8.540344271664853,6.138508219500344,8.332400295898939,50.518147986978924
151.34267707765346,0.18064056769997883,1.728960757771124,5.553507113707376,20.99990503130789,37.76875501295596
324.09357232286436,0.2657609219379463,15.14703077201159,6.93786065777629,5.3074077362515855,53.28061898268135
175.67865715370633,0.23312903143483243,1.7650153124034655,4.841611386776715,4.513019155773552,60.67205942585348
193.12113422936707,0.2254109790487736,16.790707047737307,9.221544504186934,5.735195810129042,40.19294943621306
183.73792613919736,0.10014053536625946,13.319655510557311,1.0471330949179556,24.649236415688602,40.87670826728683
110.66615705772146,0.5354930800976225,8.448394398152807,12.130083784364981,20.35735259211392,34.79885929734459
80.93345245971499,0.4309884394059772,17.356433560715736,2.6801875125847303,6.646988974142431,51.05237738773822
25.842237440444254,0.3928600496580185,3.885399317791305,9.538326451502293,12.77362189918519,33.271309992003594
251.361243700892,0.3835581744524737,5.438371702813544,6.8032495934783865,23.383208273180788,55.133185962142385
101.24634210962978,0.2680762235930623,2.9150485008522917,11.625053848494222,9.998882903588843,39.965887823613066
136.21928711846252,0.5028234198683249,7.755060127142692,12.409485803633743,27.795383944766684,41.031420832983194
321.97485695417447,0.5615219966603663,19.737317057734934,3.14258554556644,27.6088781578072,57.21786295243065
198.2565722941558,0.05308948694749263,3.3883420804537545,10.189969296822559,17.48122311945226,33.2173682400354
33.97732236637839,0.09355916226090408,16.653334420142812,2.929621850835843,19.695279536259214,13.065414469666464
279.8641694883474,0.4212365895514535,13.107225419126827,1.9475740864397812,20.290113894859235,61.61708477389094
89.64570968830941,0.17983669749768966,0.513119786114819,13.96141191192164,9.237116817142118,34.0420488816746
193.44704492616387,0.551437749323435,18.908825820166463,2.549397149576009,12.228998884271636,55.76320481209688
178.4935162023967,0.4170771858139401,19.427607051454697,3.499165795482727,5.806351093716771,51.28513508698811
83.32759482315825,0.25256019033729216,18.51303389685856,2.041827716040737,27.89639756630833,27.210660442254866
40.519862178103374,0.2784053215286866,10.134445222599268,7.107349151634692,22.267784283475457,28.17212085271626
73.94156227323882,0.42998537788560687,4.5634286130224035,13.802149105613417,3.2979754573141316,49.86690477457348
34.06822984738796,0.12753025643117882,7.947040613915533,4.034430506812441,17.382848602741667,23.079930710489776
96.46980663323542,0.5358765341356352,12.360992619041376,8.173596748164417,11.606064572662861,40.610693873396215
349.0541287581126,0.05262443413659778,7.700960342165506,6.2307351826821975,24.828060557719457,46.30169984993179
140.73229283448387,0.5884208243171264,14.221798687219719,5.106540221523106,11.626402459338358,50.46475683417037
302.3609369672536,0.14220501419970183,15.952395845975067,8.625075099827264,20.03620348882506,34.50921126933693
192.2121922451715,0.4581612472376353,4.345979393231542,8.427504227415282,6.640729336784032,62.3442424450131
233.30407776680653,0.0719585888737383,8.21784978399945,5.454562353171609,17.645153710173645,40.82789133087289
54.72178941269467,0.28728589447370095,19.163338645315985,12.77339311883402,10.228800511499378,25.524643141917366
96.18205359769141,0.3966725252727755,5.146174665000233,0.8922644054679253,6.616875826150357,58.00593877378534
178.65519806012395,0.08862510167619621,7.059660274169694,1.370052087992888,19.339256114220767,38.75581539957707
308.40020197939424,0.2938114408949581,0.9060779762690512,14.862640773504395,19.88195360043052,47.532015770021104
15.01081255972906,0.21672502171062236,6.780847613851307,11.240475389562569,29.533905871746025,14.716420057269968
177.42198584800232,0.324033986581956,7.5444416824612315,12.078540661108468,20.73496967051124,35.63648372169254
17.854274377950468,0.3275170947830314,2.1767440806110825,9.08024601956808,16.43987827875959,34.96146326251508
159.8879367572489,0.4818773832132697,0.22855654970215322,6.3559203477942505,27.55338360637299,56.96270158313499
220.1038557664229,0.11792749064469371,11.59302859050046,9.475480493111382,25.191862923276762,29.58383638342164
260.6531169999076,0.09549578057610655,6.1702267063086325,1.479512113569824,17.364895796325,45.8604823051605
48.48620184121935,0.27103962828133493,0.552911977749823,11.390760607702227,16.317774176742603,29.971005034335715
58.30134921147183,0.5381359556570928,17.226897218550153,8.157071402443357,28.375137200044552,27.10665752271444
164.5227225921267,0.5203982358196511,11.77131160591949,14.355305169017575,19.279557230850063,42.28184994145844
349.31276029267593,0.3579961001047749,3.589133339738045,9.598381339843982,21.985816736746195,66.77268540284885
124.6163924798672,0.5388256004341089,17.331883134231337,2.3602188039589214,4.427013180121687,53.84647510452509
149.6345995770186,0.4929389786517915,5.2210022153650115,7.215496713172895,22.11255739497926,50.72279775745022
151.35635998509304,0.20286670305117716,4.70342548441787,0.9615515133678845,9.41109158178713,52.832378268338914
28.245287474983407,0.14355845424520652,17.913754328545927,11.206900433448883,5.235061849776169,21.33632668806489
270.96025085149836,0.21563607553718822,3.753266013297579,7.577289671367931,25.790651046548675,47.06254166694933
88.58553354913761,0.1749148331413479,17.603918704747674,5.607835209906305,21.353350426276887,21.17145550048505
246.28346990902196,0.39249533596228336,16.09887136470646,14.531385786913383,13.411800742667651,47.67100779776578
166.28145759245675,0.3716945120260575,6.333595308418821,14.11491793261396,14.079668333825861,36.10022369498917
214.1229097767844,0.3791405608990299,0.8810622068320841,14.297196752709182,7.519296221874859,55.15863375580592
18.89007277324869,0.15411694507029683,1.834947450316076,3.392456609031962,2.267427873055707,40.31862501005179
311.4879895457982,0.48552449890204125,2.3686597018376343,10.955686976212982,11.782055907942548,67.56686148716366
85.34986929689967,0.2884943459484472,17.837816936177465,14.186193844316596,6.155602071112395,31.152677550237154
234.53338562529294,0.3098485562015931,8.199912365142017,8.605966824928842,13.808350279244829,48.44275297159058
279.3066892231566,0.5983290154161818,0.8440891942725877,3.2909891246042506,25.347102462038833,72.22381911163222
189.01355104911897,0.20524948227951145,11.219659548702456,12.285405711845707,5.213122175276152,36.42124452284419
118.06690772751845,0.2667759022592409,4.318246562018436,13.210781885168005,4.569100859812101,40.10022420550659
342.26618106837685,0.422054764347248,4.8554956436387755,10.578207257159058,27.258862159035736,60.43144599774788
97.45389964474346,0.5342271611046328,3.384666351377957,4.473937875280384,22.86390774827305,54.056389855985586
332.03181799314467,0.11972955367621713,15.2880249554946,2.941339089951346,3.4859562372925224,57.47744506321686
54.678446789656114,0.45427519353494006,0.21213529734439807,9.40162003783109,4.227973587212347,53.19414587184924
136.22774603282022,0.5550542892975527,8.891886445157533,7.293727819556474,21.17787838816997,50.08519571594241
48.47345445155578,0.2826085373847779,1.9200490947691708,10.064862593757754,12.369637660135211,41.566788414125355
0.784165575793605,0.20769980761343465,11.137017099890159,1.7643250153892533,22.27685227524438,22.803457004772817
91.09048913876622,0.4227554307262154,7.050648453994583,2.125111910616151,13.324713940413375,54.206483440825934
30.523640321634147,0.1853405081810603,0.7613612993732781,5.507054384055386,29.098027244992696,31.45696876359182
345.2209330816215,0.26135936060100734,9.327289776869872,3.9555282856702383,21.44366514329823,60.17454567607055
266.5786612831309,0.5433023557493915,11.49759285772309,9.328145603280795,3.3052414156788963,64.8430746105251
1.2966787127030865,0.3746829039252575,5.1035498269218,5.576353887496602,11.254049696566254,42.09620499904116
78.27630468825724,0.10223749662991435,15.357135562006963,10.29116471360347,17.78097321180882,14.970445937521198
234.54348444930093,0.23133364229550402,7.546765562726809,11.555096191374776,5.972461869610006,46.419036225699465
139.49323960766407,0.3949958408145568,15.037060980051484,2.888796796265808,2.0705684021082793,60.815616191833065
291.14489706547954,0.3148237004350728,11.6645114343736,13.805375147684408,4.220627705008056,54.06021031927406
176.70127243150606,0.4131866242133748,17.411210746140323,11.828681620269895,16.679377375492706,41.090444015245644
228.77799690635018,0.46879277972418726,11.029110861448975,9.439033952098702,19.703142544795988,47.42249609209583
208.96308915806821,0.3143383161125894,3.875418427749979,13.643039935747248,4.60129451943795,50.46852152775676
223.359115218272,0.5928234274660661,16.48730564671799,4.0614443693260736,20.624382669357168,54.000469396693944
80.53459883951304,0.5530706316206452,15.70409795346085,6.383526709383068,19.279476403130925,39.29751709971052
130.65130372216706,0.08294907333776097,19.452645131739665,1.3782260079689643,28.317115496315353,20.080147102382803
17.720238502571984,0.19653712576262006,2.0529219983292326,6.897109135240906,25.53891376374356,29.33004596232361
205.67278014087307,0.21529893177038123,11.906377013655815,7.64537087100604,28.410772184691023,36.44112254569973
160.74046172652146,0.1513596961685058,9.935045882080951,9.279397162534918,29.05101344838945,27.100695169825137
266.2506521566753,0.22160907667776408,13.48326788650727,1.0541842749570733,14.342639007429415,54.217197446995414
72.23386261757474,0.2836513481145031,19.60756099283995,0.5837436865821658,15.6614990757843,32.880757771285914
152.88424062373062,0.07835303844585176,10.738987126891963,6.356363462688344,9.88541511209483,27.59416891746411
63.260901570085174,0.12001512987282796,13.777624971939296,2.918086352911286,16.23610727265543,22.158610209648685
214.89272883695472,0.10293523333641608,7.074826185696447,11.405946298071695,6.220011549577933,42.64233743186509
296.8105897790082,0.07547431653065782,6.119615655899315,10.06417063361493,20.800066901229542,37.26561116428774
267.90513695714475,0.3148233611658901,6.838872000536608,4.954821918307473,2.698110970620827,67.97885039152791
330.4692904208105,0.23359169577437977,0.9644362932194395,0.782170650933658,8.597577175995394,76.40867840705555
340.10402365225684,0.5644959763073412,5.837864779169379,2.818409995268413,7.826007549356823,80.7408931253322
270.2118536536967,0.10651829449295579,3.6243385973826023,10.406022204935354,28.26089399981751,37.8523234318527
100.38212988309053,0.5593194346546196,9.257074000744025,14.853456910720954,6.057249047819775,45.04809420605743
76.74148202536138,0.09760008956970256,9.32433032519488,4.964260035983776,26.941712621926637,25.98011382286567
156.6421620921303,0.3905695406324392,15.35155065828477,12.049744675784362,5.4820301983085855,50.408653830799786
347.85929310199225,0.1862516855569762,10.145374628262173,13.01973772482148,20.219543615852945,38.0208873633352
144.43380728600437,0.504743105571631,9.369015448800171,0.8178949951613089,10.956807108853468,68.5784948263101
69.67394370029406,0.08381115487198343,4.7862009716697305,13.751701809040997,10.848066319315764,19.031561987347576
330.52000722413436,0.5738794856732939,17.07910420086461,7.046420295112322,29.951590803401025,57.14735227120021
135.07129215860797,0.07599146018309508,2.001817932557438,14.467208877403799,8.329200018201874,30.961198933316403
241.81461052967083,0.1826122975657336,19.649460106589867,8.124481829051428,7.6716819021643925,38.72622341496675
275.85354251510535,0.30530159933706447,9.626284917859664,3.6036382974898533,18.50137297474298,54.98492187455103
295.10456572083694,0.46583183761141844,3.88254259199533,14.622557780373654,22.741067116800043,50.902044704083465
287.44813549297663,0.573111994648853,7.2156955042159625,3.725243220327907,29.510126658656535,69.54656494536742
292.68640204999303,0.28542333721190677,0.5043296176340175,13.248925591202806,21.639585678648903,46.453009624389786
233.67869965225827,0.4665205515998299,3.4971490493130895,2.6796145713063964,17.732389855011466,68.4923448707413
141.34087424536096,0.4499394049448812,6.839728422391009,10.154036834073757,13.455688097226455,49.71692757972851
233.550398922343,0.36414289240999853,11.17742251928935,6.2282449724042905,18.66315865123466,52.861200556256414
292.85701692096967,0.4300055468554507,2.763720723968118,14.58307077995653,18.823379909075367,55.76175394555443
122.72486261854738,0.07093667568639783,13.584073264425689,2.8531122039748933,8.095921828201066,36.84771312070687
103.77779660221404,0.29286757049363243,16.91667450178576,6.191040627820407,20.793839722946494,25.422186900476476
120.29752598680723,0.4822233817330166,11.532324287383338,9.632667228251744,7.723866138603315,45.290835409173056
192.94918861027892,0.31082162975150196,6.078648655059439,14.66654430680406,15.718735055070056,33.79633030649904
18.355356184880584,0.5304275213248216,2.6035680446202543,4.627559841806973,9.276346353637544,51.36835196357922
272.639786655894,0.5085008321105906,0.5075942470821708,6.013378660567184,10.75842866443303,75.76842871981445
48.59818545757067,0.524895316594801,14.689686193366079,6.980700611103158,19.188556559888834,32.43115411646905
46.49352987443457,0.12149817709550968,12.64389149259193,3.865237320313024,3.8055832126584077,37.36181057921197
69.18069877463675,0.18427761851133878,9.630411439500403,12.278585036014269,2.3369748290783687,28.60575021623822
201.9246022403744,0.06627850026667169,2.2195119339587306,1.4707345257093103,5.657360267334022,57.235881651600366
99.9489315313846,0.5905403997746803,4.2990985890265305,10.601369982423908,6.72379538608593,52.52911986657133
128.83161514529328,0.17987597667921906,16.340411612995513,8.055541652367278,7.54044310527775,26.745879970900326
326.07718884234475,0.25190133396523323,9.701059066803316,3.7047116441871157,23.670069966005435,58.55473598926246
296.5207629919448,0.2012095459756399,19.26409062046358,7.443174055657326,14.5120230770606,41.678971644231076
298.26668658667387,0.07188649256497953,19.99944851788605,12.466241473693655,15.15821174763962,35.22294807743188
202.17464166409573,0.19369190528555963,16.05400110203864,6.737079898439683,20.04135655995522,32.63906929510631
303.2631515516682,0.10400761641423899,5.31203547616047,1.91627669723316,22.415045515559733,50.729459612430794
272.49803886919375,0.26685569751152155,4.776076251166408,0.7079492357596445,2.098233787496209,72.06793729465431
333.6328810188718,0.5817532650852266,5.221959544391688,11.689164782291998,25.988309402544747,62.19736029308154
22.528941757670438,0.43404430463509974,19.738344560567743,5.023453872927204,29.676175723675033,30.988500710406512
10.054496778876503,0.43879543439433466,6.839741465752174,13.975545978954624,5.410608102675808,37.09850591167336
61.260479253361886,0.2992467633101904,14.187645524164841,9.295492996907784,20.2302563423933,25.017751398252656
325.17968717779144,0.49621720587919615,19.188550654264947,6.600629978405627,2.067585123227341,65.46560344801145
211.94778708398607,0.5495562918046573,16.428003706018675,8.510527310245617,3.372825612888306,59.737092027483996
149.13938119334833,0.5788525033461014,12.032555420786924,6.9112764091982255,9.980028562409549,51.64047889806268
179.4488715166531,0.1044446225105302,3.5455173885002957,13.596585127510968,25.699314363749757,27.38364570378291
290.36160587968453,0.5338042047555627,3.663777244631259,6.924525853572633,20.270025240256647,64.73908833570346
325.1884985313734,0.17379558596672345,9.94997709425399,1.6505611779723361,14.482986095225153,60.94248926085322
255.39459200881845,0.26849679609495863,19.048501018310013,8.996611783461034,14.280757260866999,42.3135228562804
265.9467415280537,0.24001245709161445,18.108975175862962,9.382417587639754,15.049500081887548,34.078589540854445
112.1323154573433,0.42132152204773715,3.490602697997458,11.503418084616216,10.708927018428106,50.875885841225674
163.46231834608872,0.3788584971285853,5.896850946541849,14.005933709110032,26.576006493514402,43.17745678273612
309.82356771490805,0.11000768112241979,11.858464048008308,6.701917063639412,17.900335673594327,40.65410041249893
275.0769385254021,0.4805524462329841,9.653123746608705,5.345941438448856,15.55059897872388,62.89025576051196
239.4948214614717,0.29180497099082287,2.5633836256549447,7.412488134637739,15.022144888398909,58.8879409921913
22.836392560842146,0.05122201383130569,7.512282302566725,13.512963638478327,28.20314107314239,6.937080373841828
13.8275268088842,0.27797679677345716,19.103344479574872,14.701737489364149,22.26253399015109,15.07213349219222
45.643830089898266,0.3339823666609551,19.038556049941153,14.571401598544757,6.054807532064398,36.76124717908154
203.4868847192417,0.08788107686452609,11.276632444326511,3.522463140797898,14.235164758411422,35.5361946106053
187.73539656940247,0.13312439267891085,12.778173832609108,7.503740887271957,10.074421891606653,33.79133408155682
329.94178929146887,0.5964646943199735,4.59374436100736,3.966162985239671,29.632322416444552,73.99120493821232
243.16587401518873,0.529157471112367,14.8906639831285,5.582943457269001,13.631079776769063,52.495766418066
102.89041607089911,0.1233300806406563,1.2394245052706507,0.5720931725690519,3.900362884833906,53.843818574436746
56.523702835494056,0.369170169832941,4.569507325645833,2.4929575711465937,13.513936040958521,48.712504702807685
297.3366337649337,0.25858381346953874,0.3164970157671654,6.016431724836704,10.997807856966189,68.71100881824847
160.86843629115847,0.34905722478495577,7.836884923275123,5.534099020123659,18.78831411819094,48.09087441132046
228.71432409309705,0.30879435646206294,17.035171734301414,4.254605011856937,8.330188906412836,45.32940006698419
197.800262306781,0.07648190876412658,19.653628246777398,3.5316126985859206,3.0072621915826865,36.49253967253347
37.609721147822256,0.22348117104493065,13.421568312535033,11.259440145266113,4.684650504448959,23.81409220572806
19.97043428863946,0.11903632011546966,14.948360371443362,4.488790527189727,9.92813250696223,22.886194343527645
131.95636640074474,0.31893245075991117,5.402441648655813,10.627500108794877,11.753033682927013,38.80605958661654
126.54260414100118,0.5490241959887487,10.502587331078534,5.59251412531679,25.36461512125252,48.31009423323281
235.82933953911723,0.5975430249132491,14.784242396742224,12.049490662225809,9.561951152402774,50.95991881685388
221.2701431854066,0.5693391876653592,10.046061354142227,2.5917768961565977,2.881805497329292,74.63679725967192
339.129324962398,0.5921334187361454,1.953218563858109,2.448297817506715,23.860537529679917,78.43399983230657
300.3348259700501,0.05838547367919535,14.869111024653321,10.227116778910965,26.329691962490955,25.743033350075752
173.80388402135074,0.45119583814421527,4.54737495912009,13.732237102951942,15.784574647214779,49.6379379897468
175.00887339694344,0.20012184559709495,2.134413884565585,2.230501902009783,9.977962461181182,61.296394176118596
235.945230189443,0.5260898880480253,9.665547386742563,1.1981988058728732,23.619916643315648,64.6320672234583
39.931703970646446,0.49755341984322327,1.6772597404323397,14.026094381645173,2.2491553870957337,48.179501983605476
349.96169762098737,0.28302101673562474,12.662984606236744,1.8481714636007096,27.87279041502105,55.543647533960865
181.58283543526838,0.31029337130673657,12.881370356202254,3.8304671045086724,26.234886056564715,45.66518069929758
318.46670586813946,0.19580041794589637,5.282699068033583,13.949463094559203,17.255329878735402,45.40669460070938
338.57471712827277,0.20884221992116603,19.29778155179035,12.063476605107303,9.77227326147408,44.6916082544799
203.57495896579292,0.5896459328482665,16.524141417580502,5.2070914234936785,2.9196567169719345,58.86432290547553
36.17202663367137,0.538869088768596,2.3698217664146046,14.322463022883243,29.995065005512142,35.617704517530925
200.67103294698992,0.1555279346632361,15.020540121314081,8.563922846661189,23.33806424508315,23.58401535240158
209.17485300809537,0.20153857282571314,7.190878814674722,1.1764991131526294,11.483876522628435,53.560607608642094
276.2175978706659,0.10975639618424302,15.055712728649386,10.575696471290437,2.5396152058859682,39.13720551307971
16.880243448217154,0.5938789306388302,16.055736888581656,8.105432631567197,19.90016839690159,25.282863847335484
163.21037851828288,0.5489654177918012,3.1972855099971405,8.631561952735417,29.633312161047474,50.68463909415945
322.9695904178846,0.35365389284306853,13.304471299790471,14.912153240449427,21.798035841714682,48.08381485577445
346.9546775375287,0.43109120717091903,17.28205321768831,2.372462821163169,4.344003439954548,66.93114324848547
66.98393756573317,0.46137081677485986,6.6027977562033335,9.886258914289595,13.263794420859574,43.73044209817463
304.7096474572623,0.1620961751031237,1.7905004227830945,6.935242348722406,5.057136956371626,64.01040387249242
51.187696570725436,0.5640664855321366,0.7398961027961355,4.151207560831135,27.540495388826532,55.32584069713127
294.411052098764,0.3397084925468891,2.378019015855226,10.433817395778146,11.251605186672263,61.524355626246226
97.04720461368224,0.10084834562523479,0.28327724140367505,10.056370828024997,22.534542821538793,26.856397647852077
335.86884311719984,0.268395434308518,6.673529659378,12.861777111040599,4.371330024254986,55.517907676450434
243.423862815223,0.38090560589711175,6.1267060416564725,13.195151604278909,5.595611482272306,57.76527578382399
139.68871048641583,0.24405275530668674,2.3847571002108796,8.471109850433647,21.02565453741917,40.57537818393165
98.34066546785819,0.4345624352635071,13.092133986435398,4.9510312344089895,25.617438554140737,38.15923384592281
82.33313461605589,0.5351274892243751,19.839745885224275,7.9907487115283615,7.640598777275811,44.05341191377648
238.2773144498548,0.4745406684101725,18.03834301392285,5.452901387872656,13.713442887917777,51.31039132320767
313.5268509019086,0.4034619110535171,5.206441873605688,4.23260565204121,19.343676971687547,65.98089195306716
264.2296893650203,0.3316866147764158,15.44563633283663,8.318473128879784,24.295737499287632,39.495792675460905
292.1770383057898,0.18995491718335233,18.74989261304338,9.903219195029733,19.58950509061987,36.45088889489967
273.484318672088,0.30022039074858825,18.14601189350186,8.899512174964872,4.671925777992148,46.96601418240178
342.7016832743068,0.21112409892599737,17.71408052196351,14.32085086831346,17.19894119335435,41.13566298202624
265.2317243892137,0.5637128595993486,15.771720141116349,4.549678166454076,26.768987081343962,53.174249064238936
73.57998146459583,0.5490211363426635,6.0012312269987405,5.647891107314645,26.304664188671552,47.62492355112356
277.0594629160802,0.13570451081696877,1.8545487109736862,10.04787806603095,18.380437017026917,45.98694968701669
112.7242763446803,0.5024411216568209,9.858823186349913,9.045343549803743,29.87949378958349,37.922759537213466
348.52995193200036,0.4366030832156571,1.28486446025547,0.12776444152671648,4.943464226761952,92.73933491452583
131.8354170350513,0.5863664463083326,19.969778953793572,4.753053481048444,15.40067000696628,38.220146771340346
102.47781454653045,0.3048186127300982,7.294531724681821,3.8810516017826986,23.703461901876732,47.48455369888282
83.72559492811904,0.44719590427791067,19.175130384100104,12.614731811025633,5.949067307196458,38.54005509092524
230.48012822042944,0.33483615607060696,15.50779563963813,13.007106090185443,29.23699332151993,39.64502936018827
38.22738093563592,0.08817027318079564,8.343560883077837,4.330007801364258,11.913303265142059,29.515095454382454
333.74595860654017,0.07572061235522223,2.542565971777585,1.6208601890502923,11.803913111400544,64.29142248390434
103.00943752509801,0.11716129358388219,4.896423188825378,3.157509011174622,7.969440431953773,40.57945623139681
103.39021386346529,0.21290508511882927,13.52628260775817,2.7308691438939787,10.064488993864641,41.866642095342925
16.123133497470686,0.19251220819653142,16.632717026899353,3.6377868533478357,18.172489202046727,20.434770468325397
86.10613125575097,0.450579667788245,19.59292173826009,3.5962090442314882,14.021920093426726,40.81625261699528
146.64277448668318,0.44375750420716825,2.8168112434713493,7.249595868624503,7.414588993148445,60.23296612084075
129.36223657847728,0.5842670189171546,3.287757438621734,4.862656572989711,24.65591832886114,55.8965785973702
95.55697250267708,0.22071495399331786,1.040301638464898,8.441344087746113,3.742700599473671,45.05548734036787
14.260343243719376,0.5661486460793261,5.355217604943337,5.227605902678539,25.370276846007613,42.567015445722625
105.20348076197484,0.3870678319182543,16.457135288463952,12.23868625648253,9.69828429014155,34.837451961517786
272.415828392092,0.3224197910445662,4.125485763271971,14.26680791897769,15.88529332668721,44.91453647009965
153.57729985831494,0.4173127577972687,11.047722047922365,6.118384954989868,12.669807080474971,49.705328877468915
101.77137165954976,0.4365154983720727,9.038862520519194,0.8370811683196678,17.976859174911993,52.8620675598379
106.67724695178524,0.14456096587258277,6.651359598334693,3.669715885780807,24.287719863924913,34.968194920251506
194.05315177286528,0.4634435269443915,12.443258986398389,1.617686646625322,29.70095421729146,54.62873230119083
105.80243720867617,0.44884502045683705,10.146050628737871,5.23698225621231,10.569656078309244,51.815592448316586
220.7790619531681,0.5986427561718284,6.828310834994725,9.712202089284526,17.506523546178943,55.12390560337544
346.30907980379027,0.5515712793698615,13.839247525376097,7.8317278432732085,15.048211365699927,63.10321921067754
14.41173921383198,0.42656312742636027,5.74337018256309,3.7188476026118127,29.969988460767382,41.74025977735825
59.05786449407904,0.441800042203159,12.935030127930723,11.532159884375584,24.649581653984573,30.701113750382817
62.68764085115842,0.5702920986090219,19.15346819316271,2.0590628677579637,13.118348040245397,39.67718214947907
156.47461127620525,0.5819480501412961,14.633249187794025,3.500120029358047,15.3526135570141,51.0584316289151
14.496549218681054,0.50483085846832,8.484311280799295,10.173102543830854,8.886784643944614,41.84803160796581
167.13255220988083,0.47206645002893843,15.001674559809995,3.038792361664116,23.146924952967144,43.620899023968256
325.1236653268298,0.1112512028506901,16.222987972642972,10.21356446659098,25.66593001859638,37.578056334812416
4.047431042445693,0.5066772053143497,6.6516412465599135,14.656426119412634,29.019631061441768,27.47509586227564
127.72860351481334,0.18925762315068478,14.161617870034116,12.487163979222682,17.843209110898314,24.899345633187156
266.3128202388377,0.360081362810567,8.801044682253611,2.4841570514075655,20.779124062648307,61.66288668015699
54.07307511683527,0.2729548587408094,16.406745139281,7.855426480398478,14.489647286744862,25.462816408849516
27.145650884289747,0.24008401535048252,6.048476384472144,6.392591295144021,19.055598289454025,22.704127682709547
220.77248804192348,0.220637500806883,18.767641466483767,14.875874257177616,11.764972846723662,36.57458418837119
3.4828181673276895,0.5204848943616193,11.580781357826673,14.469570455934683,22.655295262577898,25.934188012071026
280.6196719094005,0.47302486636951424,7.195405615927162,1.9939695862864828,2.635610241122567,77.28069011065415
23.398463748134567,0.33789681382478576,8.503551120494077,13.640089993043368,2.7967917913755405,27.470122974373016
183.5239907971263,0.4154642716254512,7.086412543617844,2.9819332367730356,22.051384925224745,56.32953687351005
259.0446985797045,0.5914903726892049,3.0956774499716753,4.859827375519964,28.059118487504648,63.07084178192639
84.7038460612671,0.2686443246778687,1.5561494583718907,5.365778897991056,19.7029701642205,47.494752094664264
36.23905667295813,0.3531053333052662,6.5712181637375675,4.37364847231514,22.342792372103514,38.419192496174624
61.46796824649464,0.34343804191596694,9.28207073334816,12.813332518187247,25.070160154108695,27.99305073024073
299.13925017725296,0.5647848063334543,7.363975400833176,5.015992847557986,12.126879404980224,71.75087313024827
247.02310207820838,0.24335932968597251,0.4756061726127817,12.269402444369348,5.027182411663435,57.94589506987382
69.33431722528422,0.5924401126197599,11.664323669859074,14.916214565923863,28.126584043002698,31.10273327014209
250.64227899584807,0.2175836874652517,3.067366301840626,12.627346913622981,28.279975820068326,43.37114040604435
248.01635957304038,0.10989886942821767,4.377904515519997,5.257529603870954,14.371535556018213,42.59564228472535
349.2037843370862,0.15525544988313084,2.5908209787677694,10.69766066185165,8.080750395849186,60.66109420057148
137.04460823406936,0.28442173802531995,10.504568054564633,8.055459360166992,26.985922717559692,35.3863029950309
302.6987229499698,0.407365772408286,2.0841539897975982,11.819114979862787,21.83594751838709,56.03861201085659
156.25494009048526,0.3342538710132107,5.275873533841473,2.381151180229002,2.2303938153149305,63.358086810179444
314.2160782659384,0.25695299711594444,9.143832608875861,9.608205430423968,5.01615164085431,56.56489532762436
32.06017468463225,0.3591182961387266,3.5206359264030502,11.627634922791845,29.52958999760885,30.59014237445999
61.35942054383544,0.5113434519730675,9.035578961696293,11.442346897558938,3.067589006628051,50.40170593471947
297.48402707334145,0.5114120652011638,6.986155489204361,14.457535783496345,9.911540290181417,57.78994888658321
286.7551134368882,0.4494253385002268,17.239824111918193,0.970329573686369,17.357897651771818,55.23123366342015
106.90182714994562,0.5738466520338383,15.939083610040129,5.252112599475129,7.161957253755275,57.42803625887554
208.87941134670905,0.37461256709081087,19.858520752617526,7.200648368692438,8.49751441816285,47.2761657784631
133.94490273571262,0.054211700709748956,10.67245231271586,4.71547657304201,11.88308962373606,31.359957466341655
3.6110722562324726,0.21001129804668672,11.592862452439492,4.715863753719816,9.547519513042701,33.549327820629884
9.136444298494457,0.2305224874695554,18.94358779269151,2.724316239679903,24.4939743817602,22.080267723725527
18.989727918551747,0.35102934251685225,8.111925850812867,12.212975905075595,16.007685254992936,27.218851561628643
207.92525401395255,0.5476892092631152,11.202517153262207,13.63022876132968,9.801364132173092,49.039986454654056
97.72970735693477,0.5109632299487017,7.705892815364379,1.3266776576190829,10.766688937851555,62.60787361093718
50.38190441021169,0.1776951419195693,11.00804197678224,2.4079937851986495,3.1162188684648786,44.51468571057444
329.39588795536065,0.335664629769238,1.7991753638472812,3.503949698090613,3.382978133064517,75.26461303412441
42.46153347842555,0.41253174948592886,15.719123048205882,7.6839135094271205,22.101411858048756,27.694639120302693
235.8936007487072,0.593131347347131,19.70854295909507,11.88846329618441,5.161503437991193,57.24285102258534
312.9560639879305,0.0672165506481694,1.5016599683031677,1.1646873189977582,15.322309691089892,61.24343978625762
57.3403835334574,0.30513252422367576,16.060586658583194,9.588513486310585,25.586237999962307,20.31006707788581
75.1553887800503,0.5934597597042461,4.986349049801667,2.3250982984292548,12.316698160361632,62.28858957520639
200.83473675158498,0.5874631883654522,4.11143165488423,14.574710311356354,11.681062356299767,51.84616131890363
177.9570402325792,0.23189958467869604,13.928733885814438,13.491724119690952,26.445351722035213,26.840083477431822
182.35959591019363,0.050009204941864116,1.073818521420318,14.248784449291705,26.21581110619083,26.631283512558724
194.13733290633104,0.3727040217237837,9.372139075596735,1.6818417759823503,26.643830440887946,52.846433585247134
332.4660205863655,0.5268163679360898,0.22860042512336223,7.37174210452746,18.013590883689247,69.54267696389638
18.84331468843249,0.22836347329783901,11.177001767200183,2.5621738482757914,28.66451966005129,28.65544251535338
266.1569822431867,0.5638484806585735,9.34921702108614,9.045297706669178,24.93099053888656,55.57266117186904
81.37724784235668,0.23298634041119465,18.326555612277314,3.567812778661775,13.637763954666324,28.62241670224567
130.7871845603337,0.38561072598491297,14.461383675131424,11.582401652197664,19.627543974321075,30.3732636740884
31.251893037772412,0.4471253402498992,2.694922203203037,9.695638749680048,5.410094317232671,39.199438916879316
155.96936920374026,0.23997867047244892,7.219891203088557,8.616908454880305,17.43730120662384,40.769724955854265
281.4767382962925,0.24371352661060403,18.645279439640476,12.395884653683416,9.368174339519523,46.989213671726
34.55911848653423,0.30849715632607566,14.561616116026977,7.554068159440738,9.939322342318329,26.02636431891805
96.46125937710465,0.5093728854575161,11.966647276728523,4.1207909311507,5.520110521981895,53.95378964658529
130.57159803695876,0.10546792215922564,11.269617497580654,9.348511902321313,12.029578260069943,31.49624240528172
36.36472108067482,0.3973136619693353,8.082349634796772,14.360233219747311,15.478929248376415,23.286210758433125
266.81088349192675,0.42254136112009294,11.786988960845756,9.057274513828665,18.809924353232166,50.95160442650818
275.4314598760989,0.35683001799402514,15.47895541437829,9.481329790687518,10.536341415540669,47.37065539091761
292.5632492229888,0.5647111130565924,2.7252459918560765,14.027785150768997,24.18295056068256,57.540352085444965
204.36367168221136,0.3810948943140007,19.40264666503287,7.777598994585399,16.586878924904106,39.2818857416827
177.53358729903155,0.39901721309237054,4.939424407961695,14.945726179550407,19.86545905076046,37.06122182706088
91.8933559149347,0.37986801535316206,9.065305092460024,2.478964448642824,9.78802105139892,52.91077219757628
229.30528855169172,0.4471103262104918,0.6497693680260833,8.10189366088357,24.79580461234341,57.728503912344244
155.5972199794402,0.12447517860964198,11.09684927457801,3.272222531114284,19.479684615846242,28.59301834814786
339.77174212708593,0.5418519779383688,7.760963575780152,6.85456288827632,26.1457649845764,63.29731746786581
338.8628239410598,0.07337077760547929,5.145166271005367,2.641551251576345,6.478644210272245,60.60387160879076
316.82179613614693,0.4024091780296902,19.713380224890646,3.4156786957345107,12.658571474067962,53.133428508205384
126.03119830501619,0.38851451271170934,8.677194624911033,3.2409207395207265,5.1644531536032705,58.924684375663965
128.7903593739207,0.1644666200846594,8.403067999159163,4.868466951457718,8.034764705322988,42.01236263768524
298.4356074153005,0.07239103552627511,9.369444636723328,2.105615014330663,13.047330125576359,52.9482051426531
255.19722610951317,0.12635946837646,2.499844825509994,12.159198407127741,27.048293414462478,39.01563300167551
246.5263394363153,0.19941963022317188,7.983302974335914,3.3880663996539817,17.597138734013313,52.10796049165376
97.86385387944053,0.5351581298074741,6.860804330290116,6.306878027636289,11.250593259999231,54.85002923922585
291.67201404406654,0.5206539222989945,9.409464283498576,0.33925135962736214,22.913176560628585,67.143291233312
202.7972002920301,0.08512056584632843,17.161099103457385,1.6627349948985537,2.551115773440441,46.8086836100721
156.40295098350057,0.2090974044168767,4.017150812270315,13.454451316157447,12.362581914794701,36.05548744302163
302.89774343782653,0.5391239337869795,12.233238649248529,12.573687037222637,18.823287504614598,58.41551243215581
137.9734173237399,0.18016246564454114,0.9452143770881773,12.629744541582399,18.33064450814166,32.22035664474147
228.87403415371793,0.5977809171014877,6.472491541580416,6.2291659170973706,19.011620708389838,60.69151776471291
163.06681370144864,0.1912621076830186,9.55862085803531,2.2088089028897966,7.922021414805048,49.442433744358404
207.45823215986968,0.4565122911690498,1.6707271857916173,1.7076283702653101,11.438216283817406,72.9436043416212
14.191265076967502,0.27938254546426644,10.970565105545317,9.12348059953066,28.08383265920955,20.473895355577085
161.39030711173444,0.1249345036244885,6.344447297227186,12.440079498138582,29.271314876027528,23.771742803478936
