temperature,humidity,rainfall,ph,N,P,K,water_score,land_acres,yield_qtl_per_acre
18.096835398083297,45.635675133948155,128.23620464481795,6.44826204537931,155.280838914145,79.47417035943097,13.775229731210178,44.168023190071295,18.77404886035931,24.058914450391125
18.007263503708483,47.81160511250158,77.30298830097155,6.698112670124709,11.238099981456301,93.36602789152941,10.771604310861905,74.12051264819742,6.920737699302632,21.655507054727
28.389796137494734,89.84796582004864,38.19727289485516,4.790306748321152,100.63948816620761,74.5679552833083,62.398235320648084,46.1471827103865,16.52656700991117,28.218528186757077
18.644461510118155,34.98806839344165,42.25768953875249,6.686918030538463,160.84183602521125,78.72895719074081,96.78105063681171,54.19949061899355,17.63037311755221,22.358540399582704
39.43971618057224,69.62145342381264,232.81321766907368,6.418438500619416,129.70849692185715,11.381665970256332,52.75852435069878,83.60992149424405,8.95540237864978,23.915629717039028
22.885433839910625,74.3128368842647,144.54483749025724,7.70644919378967,100.07199358935647,24.470977912066658,9.893946464233988,17.341342114581515,12.135515186672936,26.025809923631925
28.398624046026583,62.86021202293306,223.33071416000428,7.405496600455551,132.48198125520634,97.5588553478414,26.015772327358334,56.669510693230045,10.39229371616736,31.973292135159337
19.34502786026892,75.12507212350391,211.04039409383532,5.333470731677525,182.31974059824614,70.85276535980246,28.255326109498213,28.886584171067575,23.710050410686083,23.828412336905085
29.485065155767685,41.229051990777855,57.901489292872185,5.427625131946787,117.6125421159394,58.33765664454544,37.096427268010245,39.90292320362709,8.33874712761389,27.838480679146507
26.359034753242987,85.42109513015009,60.008621573834816,5.629527804484679,161.95937637742017,39.862755472662755,9.1423214406902,66.70973656852013,4.991414534511539,29.25537884273674
18.982520635298922,39.101669815542564,231.4957643215575,5.305276981337298,196.34111779278754,9.216955114657202,90.96480654730205,12.396100285642657,9.457024650451666,20.161105777111082
25.372733867316946,56.05280888052373,221.9551221759168,7.457459398508102,144.05795839435768,40.06791125659282,53.97857474854205,62.25660870963832,16.903134836249297,31.02606124031576
26.611592444902826,34.89174408503338,125.84861472480691,8.974935806401216,118.93189513892207,52.39672296250971,68.73842533064035,34.94291707192997,17.585385913855898,28.619573209929936
39.77827280804868,65.43872012313102,41.67823373319522,7.4344875323217146,17.12232995381465,25.08865339175424,11.381419505025853,68.91462375111035,23.13940422632017,22.47615020107559
22.57348918222626,73.53347748266654,23.387446075566615,7.23006695786081,81.15080066837163,21.44799517101409,10.140969441346693,22.45915896834877,22.102984879457324,26.149203588252686
29.98515153814219,91.17940628119388,100.68394584928856,6.344675700079826,117.43411936787248,53.2995723789641,60.71443834385199,74.75142113582372,7.56385275022325,32.6903843577864
39.72094208236983,78.05685273324005,22.582236604423542,5.906611164868924,161.46924862414616,60.66090238461667,89.29312099789976,66.81629533914207,11.651499599706112,24.235408295695112
35.42442257468297,65.17168956951983,84.42033390903696,8.599831906079157,93.2399100330395,27.792202291179862,55.20579009115696,95.4692812934709,18.808090210494132,28.516623111505982
39.85408501940596,90.6201061160717,137.4602072591748,8.860508433639689,192.41107239530695,60.80200007334024,88.39282139415678,90.18871196671702,22.955163374749617,28.811308195569147
39.30256292252372,61.09839447265698,53.99641428734717,6.735492790144775,61.64081299849823,90.53229656805802,82.04417094024774,34.9306519615738,8.76054281499385,16.832951661684724
28.769869926071394,66.47836745142651,49.19777219283295,5.805902229779509,151.46776708996012,49.95145951202861,12.20610965051747,12.403858399838454,11.3888151373364,24.083908143120567
33.32026869715244,68.74640429855623,271.0024820012462,7.965549934513954,89.61596924598423,86.45206611078223,24.18596006664054,67.6724333778347,22.537217626113417,30.754049546334816
20.429748792705325,56.64868218262684,183.931608126409,5.096055558900953,102.33781396752211,93.09078723066526,67.48251356975754,63.054090232411184,9.282854892381355,28.285597059075453
27.70527415102964,84.50137488677856,281.6475922935788,7.945147069396567,162.47538643443366,13.777432749023141,47.13263134225395,12.413731651447254,12.272568161697526,29.232538720054364
35.798407929867345,42.03643602492885,116.83132585999017,8.185267684401024,66.28089971382406,14.102100067395714,32.61648229645745,20.795622569828154,22.660351459842932,22.49738432308638
29.117377061497155,66.06474237415452,209.60058245216567,5.062067750822253,28.394290753077197,50.22419737432214,44.770216324558014,61.45374999916673,20.15495884075128,26.426543692063078
33.4593787219791,76.94516165216761,77.31366889410131,8.895876609584537,108.84856107655115,60.86973221018175,47.293966395710264,90.24079923582728,6.464057662740168,31.44498359358202
34.40652925965409,88.75845117197753,193.13528883838353,8.934805306748153,110.47097624271227,45.45892912417778,91.50246382805167,89.77202433317981,8.457479102592368,31.92870991769386
23.576321107343666,87.45469576822809,56.28400440279564,8.71523765697308,161.46187672282102,36.01282318966279,14.828536951970538,23.330684805862585,9.147488822753807,23.927954971247903
37.265386204736444,63.06811881295923,20.582578969360014,6.7321566423281896,193.98064918409935,65.8944410319848,31.574420946723425,43.84250728366196,22.862092599060965,24.00593010549473
28.116093480001936,71.80549432561722,280.8289043946821,5.607333640245728,20.507130402386196,5.197743673242425,56.068657575357825,13.801852062991314,24.97387655906121,24.437709153946944
22.62407227967396,55.625452848404564,175.3704253290586,7.1190417639686085,122.42100001119069,96.96696168205553,71.33725802990621,51.29592247993776,19.463105402808278,32.40087177987414
37.03914939934576,60.431554587213014,279.543385578971,6.389702273121461,139.44292075981198,27.047513377862103,64.91054245112815,76.2713444512421,12.365994411090911,25.611233905465483
27.19201373433758,88.90727651724822,113.47282663658017,5.426768901227387,197.30225664221913,92.12438301538567,94.45606008505247,79.51759860017381,0.7492585426532348,30.709966734899307
34.50687364435383,90.49575955751081,111.7800993652919,6.406543843280314,189.0921407126132,15.35640073077807,80.58284785784996,53.91107306049842,17.588457386649957,30.674071237342925
30.056727588875045,88.20191377435629,132.18340049644888,7.487504260549157,145.36564529527573,27.618282294234394,57.92229998757088,18.436531374323216,10.039348530195724,28.566069164442077
26.40117854915901,38.99410601788648,217.6914755082871,4.81910989853696,109.13998813644852,27.313001603312536,25.394855708983215,43.56002981597784,16.008168520600833,27.276887669703882
35.81728113084853,85.25546138649136,178.42641757212877,6.000381006507075,40.689545236859644,99.63452589906139,47.83305198321278,92.02497247774407,15.364002104829504,24.1806381287569
30.85833849618149,91.64364251639623,279.09937398775304,4.5800770050577135,82.9935454888393,5.43705184395902,70.87131319847535,30.205904973734892,12.280385386072489,27.419734411729706
26.592366253394697,53.48123014728431,27.123452317083018,7.87272977457754,121.17324176085933,65.7656298838321,84.60640660942806,38.138391592319934,23.637491244294914,23.279005347351504
20.411153147372794,63.7120088124085,218.2948626323102,7.383110704275154,147.78807535319322,87.62022520078102,96.1749413201268,75.72079144075023,1.0670854612058707,32.473463871744
37.699796902867575,80.64119162784473,112.49175302263521,4.7820246061588465,130.72591592103134,68.86599713234999,62.51801278310218,74.55510942196256,17.947245869578413,26.067992495335368
18.780330877516665,66.53507894176717,70.46542250916913,8.841319018208855,145.68333234727083,39.459712730609695,55.05733989392108,90.27380134619405,10.541076773338878,25.877270487169497
36.99012166409724,94.57642891090622,162.9107743056277,4.601797007071953,91.53897586486056,96.0393894567788,6.680732696509089,44.15444478339304,17.987866037044476,21.287391894081754
25.91915354742942,59.62136873519384,161.41785957039886,7.154822909142398,148.24918520849172,89.8844716859589,11.849411569267094,55.284687700937624,17.042881364720984,32.3350034474107
32.06545279703093,76.40627622847956,58.363088032759954,7.993653578095751,37.31083864374665,46.22571742370419,19.829974775553026,51.130536587402034,0.750831063111887,24.56210797237656
38.288393924385076,81.51842411277536,76.53089571720916,8.045533408701253,40.891399234991574,59.46620679806053,10.202193463014666,91.64219104997588,7.490793131779445,24.294487270555138
21.337545541085767,62.11652702429856,134.28610617243538,4.654283110169417,40.938107707597936,96.91432284149786,43.08200768646802,77.70109181656787,5.13274225234262,31.474662691404724
30.472910464053825,85.70394737123942,134.4671954698483,8.578868096881976,179.26434183679746,98.34323438301466,37.00346178819286,83.16687662537865,4.591165647091062,31.5024695382173
34.817522972144225,65.50004842846778,108.91627909351172,8.63303252367205,24.446472028640553,47.73321119320546,65.54864499749732,21.71264765698816,18.347678760967753,26.54932751754398
34.66684431981926,56.75730179210604,61.59264242279466,7.0262566791946774,162.2865908193604,85.49825267359341,55.88818525367326,79.68250897239807,6.3690080527815525,27.482732371462568
29.563902121189088,37.008538800376556,21.224630148274265,6.669374394992158,54.37847062888006,33.688121560623955,61.617222141846675,48.10213141305973,12.13107156718887,22.880533311482537
31.744268117942077,55.57188246277757,291.66581747984577,4.701903583781699,99.00168869409762,40.32222292841315,49.83783427907714,12.053804089096946,6.551230384499148,28.89033695499236
34.66559387092258,77.70586955766348,284.1797843170996,7.028793641294409,184.03175313847882,20.658078884071493,31.385029112654426,15.287775041409045,14.715728674165582,29.571437119277235
36.502608030663055,89.88361675920697,155.42210616931786,6.3422058679660385,121.32807364062627,24.87253631378938,95.51840491991531,69.65589869666633,18.154057317469217,29.109529631696468
34.759888131269,46.35916125092017,298.6144909170016,7.977628833338953,49.922360384148135,67.4029637146391,13.208870177213202,42.73709482084535,8.611331098105325,26.86209374743872
25.788108749987337,53.09030862648267,208.6232126190281,6.317476050987395,63.977111460573354,53.52425371067268,94.19464494920419,86.39417044366628,15.27401078303449,31.344718860821786
39.92798082327013,40.0074646167877,39.28011053011163,7.576113749961194,184.88485854019928,26.957526759432273,34.5676144521498,74.61603578107625,20.708941973136607,25.45801215341863
27.559059261824697,74.89698812488297,52.961095743135665,4.956336658068889,91.15734577089589,43.27641355435699,53.702837309893255,11.907841026692635,2.8084949865300457,22.757480847662485
18.538223460696535,92.41224795064514,276.5110362834986,5.0982852184468515,121.52724177129,40.45242868704977,15.340020668616884,70.44617144156817,17.911429676511144,24.947034519707394
25.977572934880165,71.66189429013141,196.41461660189597,5.128695857921213,97.38711735882386,98.79921943085675,11.73845149524588,26.92701760044735,8.417051138666816,25.75777670839219
20.811225000624553,70.1099744504047,256.0914154640583,4.704864749098846,81.90323672920542,86.08875453508104,45.806817628267275,47.18726604594426,3.5049239348611345,28.733839367503073
20.67173754602425,65.9768454825282,271.5155018974764,6.935979866714117,52.42303411715637,41.8568016714633,75.46125075606942,64.97669778682072,13.868528086551546,27.64630674279533
24.193770882351675,35.74962314455988,145.4237631590681,8.072854767196361,140.3763850920744,91.82207499512315,30.589653867112148,86.79917003402097,6.043426822059429,31.109166066012886
19.17426087189974,77.41774871790994,33.58726644147405,7.2468504166214975,146.46598499170287,37.55036220467626,58.42304944885541,50.13661417849065,20.62336392039436,22.5306068508452
33.147268145010386,69.1332203307078,72.71849769125018,7.087296984987853,62.228167405405905,68.45064370981164,31.47178234966774,81.14715996881984,1.5509497835113653,27.593597118385283
19.62775545244191,72.99598997565866,38.640145244681825,7.562807677812314,159.91206018041777,96.83174968480068,41.91824078483888,78.90097832645569,2.9169959586369876,25.916128875597337
22.472370219591035,88.4227210467824,72.84715679558205,6.028403953824067,172.3616880573191,42.076492078912466,91.11240025501336,46.47938913091073,13.264405086652514,26.528217776494976
20.043793718870624,80.95745115896617,134.9492194076455,6.12879332241703,184.92826828552978,69.58907168496872,86.30476442201736,54.086254382095454,14.92907370988544,30.15358179131493
19.389690079866682,80.75949139004419,53.09510694419592,5.914215441994152,40.630358644490286,33.11276205095015,54.021666624674836,71.64268088438355,18.3822232808073,22.179351737693697
23.890536641869915,90.26694497715759,66.68530938549611,7.70449019784109,67.7454998865206,30.29966998180759,27.62003460984748,12.741062248930696,6.851887842178749,21.156157665814128
30.581777288528137,94.34577184509497,144.83009898007018,5.227381510518485,173.46713602570216,59.544883310997434,23.352471709637168,88.39140441433365,21.12313000122565,32.5534634853257
39.22308224183052,67.78337757746888,115.24786610877707,4.55861376140816,47.72263853729986,98.03013681315574,95.63829853839285,77.74382203051702,23.85198732445769,24.246276947618238
37.262246395691335,37.07730504202577,150.94427477265148,7.182884010251216,10.65900725626412,48.04771562841614,24.258076668515315,31.948597563405073,12.726462938074159,20.45451479075436
37.270546359797144,59.84344400540337,140.16816777253737,8.740716141303924,175.45718894781055,94.07551218007517,81.77598953669121,96.34383588062985,19.13301844176013,31.875305464350454
21.873474792828468,81.1940745200069,200.45384727436738,7.242335626483371,72.02539393276018,91.86453442325235,40.05216990587604,25.786351027886454,13.358784686322922,24.438232723450383
23.827958256952044,31.802146109520198,282.4130736852393,8.023147438234028,88.7545297764005,29.1074481727745,98.63768551803264,90.43962728598736,2.20194222059916,33.953522151583186
19.680652969496727,33.69768349314969,50.2020147643879,7.5275581925971355,94.80346488692122,43.1728436730111,39.974795334464844,38.55366433243378,8.489732064644215,21.087042578768003
35.12630347813407,34.36525585488339,47.79284180657457,6.738464940853573,171.1721741267734,66.1137354569474,38.39407936651898,77.15691049444395,2.6434238958618677,26.946464593145972
19.535958632682362,77.5173242913402,258.78571110545255,7.732765808027307,74.19950747275747,54.21435901908221,65.55904474337419,50.161140205819166,24.72753842174783,28.20191043840409
30.24730475805877,62.57583085660618,161.79107730268856,8.208468557348498,179.53317831273154,14.11606033700156,96.34409662954783,74.8091300956002,6.111134845797741,34.72257350508443
23.453262591126915,53.97836632883858,234.5934065991638,5.511292398772641,127.21843622912913,99.40131286208003,97.73991255066113,23.70890821866423,16.07956027568511,28.829581803937515
23.355803948632385,36.86510794201284,80.31813301003879,6.012587162174155,110.1844775664,76.5021301150716,72.1845839143636,33.71656833801049,7.466454997650965,25.932270490931316
39.79595121544732,77.5956162633828,252.08152048691448,5.506765796264777,71.86675635421787,46.58093363134762,76.68760473545359,18.787488553538253,16.504532276220182,19.161000819100853
34.64915575352782,50.86628768580848,278.67705477395486,6.534778300156985,56.30522229342531,63.726012218297676,58.52320671743763,86.13267036652668,5.654841426326819,31.557003351738473
36.412665882403104,47.24606455420337,197.9352443530167,8.482790479125004,128.57110412769623,13.319417640291862,76.79869521757153,36.07378292371594,19.739116614796828,20.91021049457185
30.58361907756828,72.40074810098082,49.646126012664624,6.053431953758995,94.90989041074947,52.05365710051295,86.67906722219718,71.11390818866639,3.2148842694975697,28.510469340245127
37.16231432266248,66.33570801879472,270.6825479637749,6.1851010010874905,182.9980418870812,93.42907950266134,51.17905380352721,82.17946540125448,22.431184802211867,25.031935233700466
32.200791861659766,53.55669171786461,241.89656366362,8.371652556023694,103.41135606166945,90.17709101522294,63.88691496885979,89.32480480138244,21.090331467249463,33.9425615836909
38.815821505519594,71.69668560236323,230.24577742405717,6.819184488351039,107.24103417322632,37.05118032089884,56.045086047139534,19.354146147431166,17.130779919140448,21.210601907358622
24.18944889300401,47.62939882496768,30.283892893656358,6.909520498413455,89.17742341584015,55.47994706302719,58.43470828522434,88.5853141491099,2.151658364999772,29.060269018450875
31.09703000722369,81.66396700428123,243.70950707195195,8.373605414994959,159.95996942834415,71.25143478832645,89.55455143802439,27.358244440303313,5.609941194058743,27.265300499160425
33.18288965461163,44.9057317699975,58.62628293113996,6.70737031661463,90.71944764076137,37.30088035625101,38.78359886952917,74.84737702000461,21.554359094431362,24.95438949908174
26.644620710611747,40.32445019983102,82.26812933512875,7.567008905832279,61.174979952453434,11.163525718924156,24.7774824320593,74.13871370408579,3.488373640413581,32.00663961416733
37.35357561288917,80.85856161742687,181.59775376339212,4.885400996433273,173.78586611576685,53.01695738819145,48.346610475994765,10.748276473203973,4.320336359546491,24.339131532603723
39.555669588291394,76.01298199536566,94.19461641672726,5.303842709070984,123.39736205939565,62.15539490321696,24.76809309572019,29.414903931302373,13.828081432010258,22.29390790788656
28.862928810198554,41.8715334206169,205.1774977673375,6.319692903223105,122.38694175611033,5.554952011543474,52.34804043789182,53.28794929050832,7.217347272021421,30.703669125463882
26.594094405695458,37.55597392484597,190.25972535574283,6.726775805189437,126.05621936114605,14.07966048616041,90.83327000892056,46.96305418636883,5.9408546486262725,28.691831591816822
28.382634428242092,84.49594075163498,50.281887443713536,8.845801655563033,146.57955215907668,24.692611141444466,63.65618444583539,90.83446622984565,14.607429080280424,30.631083107968557
36.76020840610249,80.47890134278472,203.68408228562177,8.867932348715055,69.4829179693877,38.064967264138744,86.26612106379238,41.65719651622204,9.628128573221712,23.860942879065682
32.200305361399685,51.27172929047818,278.7073747509804,8.330386893654428,16.430430458270543,56.399866168905135,20.788137363473624,92.45456690556469,3.943717470856884,31.557601348471398
18.984992195398092,72.78283153386883,65.11077345203327,5.920194758785085,164.01270056663182,32.9150772821682,90.5829912910318,50.429780018542736,13.603917304863879,24.326090832930074
29.927738029805724,38.0704121256077,187.17736586400846,8.838127308745978,34.49196023751111,31.237462368617855,62.169780618676,94.86305490433459,9.981803880326257,32.05720461065499
18.380602700301335,62.95809783809908,115.72230414227434,7.602033891042957,147.1457500700034,87.58818766224277,8.01717993034558,74.88722328218778,18.495660969707348,26.97601978953298
35.12777816207492,31.21746898392729,148.69126809660912,6.268230575178302,25.639906674592464,18.779810876135496,65.1463007520785,82.98144406362972,3.0175083368544353,24.00918520676609
25.222870017934202,55.454122259901105,100.36005014211158,7.657537126431448,81.3084899854135,52.06871265137423,95.3827108447872,19.229166174712088,15.705024476676359,25.446745023199355
28.384164606581244,34.86478339564133,119.15657817735467,4.57435228403937,21.974953267992266,95.51834810893293,12.520865045159397,61.580446125328365,11.19408651010957,29.58101185047364
35.5709183299679,60.88456671019736,28.09531051463604,5.157696070233961,109.22059912926767,64.37625866602436,60.33333239460935,22.55763166498287,10.4485159387839,16.736282737412804
19.021873980286756,57.40930704543813,294.8344866168218,8.233585702003655,134.09579682849926,73.13452058997166,91.9704672726229,36.190648180485724,6.19104835620436,25.235878746128037
21.48791378301543,58.885026731473644,194.94397818036953,7.40508136592927,42.57229682385578,45.96751418210768,5.921040991765583,64.8737557427196,1.2454376909664224,28.619630806872884
26.755128281792526,32.94653463311961,160.1975653382879,6.138876155813478,80.6092475032964,6.893555876373359,64.9367280142532,73.90786201306238,21.268385261933815,29.296905054499085
23.058353598002334,53.505062183319104,127.44029786009148,6.752999881002235,186.74550329818018,66.38238499488452,50.11571772394145,13.448172816990073,8.497047107843434,26.16267762615061
25.43383136705139,79.17145019149457,171.02487647072775,8.57313967340595,94.05393225041678,65.03280673567178,37.96398527161801,56.723048334368094,17.186730473381253,30.430474190230367
39.95984423363423,53.979434267985305,126.4296796404251,7.342101492655889,162.48327810554576,15.490625464016643,64.61596654481073,59.74763079351,23.71589129452933,26.00751399488674
36.15911762662384,76.48617691962275,120.77421969822852,6.291671777704487,186.16510156143974,48.90517279433999,10.006698985804608,16.936863745697703,14.342262303012225,25.46139896572934
37.445839929122386,54.01611703619266,149.90503168216367,5.041469958288907,195.12570674568443,91.95624974323678,76.54098939730302,54.0605470096672,10.230099111736724,24.332744419898184
38.61520193844706,57.51056369686212,97.27524942793343,5.821860607315024,180.68118374136017,24.48305903733764,5.425550307372225,72.81812064438473,7.0727023755432405,26.571827891785183
25.500589366912305,66.6529873339023,70.41397199069992,8.902531047584624,70.30701254020414,48.80438169024048,34.15889566027346,14.684001069046726,23.384072919863588,22.4425285991367
24.5356930715224,91.79432589246036,175.8496514904822,6.468133782832998,192.88884837062668,48.80480259404944,52.87607058004445,76.90356431650866,17.210882042253,31.882276996778323
23.149374836585647,37.07592903203259,255.97432212208432,6.623277587301874,164.3550959317489,82.02233947402564,40.81711380382241,60.72553243156404,16.799394134785707,31.154322509372804
36.262572048778694,32.13939496297629,62.79188976324984,6.743691145786569,169.06336089150267,83.33470768129723,34.21021384453034,83.3239943279176,10.940878966059286,25.52643791368674
32.95014097027407,69.51721694765294,29.16561536918122,8.47846810326695,12.882866992648605,77.13059486802223,83.92933881946914,29.189506411158156,21.20369346525205,23.319544211440235
23.195783614623302,91.69131078034772,89.10728864313012,7.217677279733895,191.3053840304758,39.71814512288601,93.80909455583135,83.32808421075443,17.984968581732435,35.75160511379656
26.293864242630008,94.33200361605647,294.321780167067,7.62154666403365,157.83714253126072,11.84350787675941,88.00270506605943,18.32136582353718,7.437990158634895,25.66724347333582
29.147658806521562,61.47067608048012,252.05226064813502,6.252360941470968,155.913824336501,38.20088283628134,54.630974739749966,45.53701328713108,15.189677170613676,30.26787802960347
29.619081260022583,60.4253053705314,186.84249498800705,4.630894283650385,25.48969887643139,69.58016412077727,88.99559664338088,27.554661654169067,11.039751887731008,24.743752680479904
37.55201002813772,71.92264509843775,280.1896962680781,8.6893781140928,54.18802280393294,71.76092457646226,92.48184869224666,87.08983324159692,0.6614589893279692,26.695967185441788
26.37245492483876,66.11625921832304,144.6781527144285,8.771074564123829,192.82971637620082,96.6750199002883,43.87764771950889,72.0329438345561,20.286774071794035,33.26622811381807
37.987528671011276,71.21572374491768,295.3185687210487,8.77118874006623,105.1286442130405,48.09591698715231,31.927356653017316,12.23183639014408,3.5093435485326694,19.60074072062384
27.71008632703537,86.80996265996313,102.96457263339953,8.746591889910224,85.59302346507866,65.08138037932758,14.335194552265431,10.838055294028138,12.993885397064046,24.227176378872695
34.420198845431784,78.50990101669461,87.28560986446294,8.168588734813024,169.58875525791362,56.223132718640514,50.513732499676756,35.629934394386936,8.737541730577982,30.009634451913588
38.46559503967123,62.29703045964171,198.6534963211631,7.580682225523471,26.594678681649423,19.30876321075755,94.89820744165193,22.608914056689756,8.8811815094166,20.375713464284367
37.96666548719186,60.02118983501102,125.8831110261009,8.300294632202785,89.21898309150127,48.81423485255293,58.286215166685245,65.46679402529723,12.195439643638297,24.692290422756397
19.252963080504987,71.57411365335254,195.3823517533522,7.202458075504663,81.38314714019589,56.75933969545445,68.4183996696863,68.41413018166526,24.927066048483752,26.0877736019996
22.525494489484537,59.62090848731934,105.39874512475203,5.104663262514106,76.47176353577463,95.32121257401457,15.723962756725522,92.89167952220033,10.505302175471156,33.05834734628472
28.491919361710053,59.75565783226659,193.0171119146375,6.260481742686395,68.4615262940839,39.821210168850826,18.634368093514343,93.779513360034,4.967066130506024,31.077146425631845
27.49419437896836,31.059883616122814,97.20895296381019,8.870827103878218,49.91424179011483,98.10941479525789,49.12495988616889,67.98291007619841,15.53335528220954,28.15883793543442
32.09961662641855,41.314168931475045,34.27217926928918,6.080120161180453,42.85305256819922,56.51850703228802,95.37015590345395,10.499409931038368,6.289048846968271,19.80413538059059
38.783599118159074,61.753386599723946,275.39805253849136,8.405225611791163,131.67716221473808,28.034578113790467,39.27454095119525,41.59181665812606,3.085953849467285,24.011069757247075
20.472903648114873,83.472474838274,267.2974565245694,4.919451618486913,184.6850198296489,23.20811676650174,88.36098392516568,55.15645316575942,1.7292672156152633,28.971476234130883
27.94089063295329,48.11725543726307,291.8234817963481,6.003827290689613,106.68181259747747,18.461017139722017,16.427416375442597,53.927818572745,1.0605912134822548,29.5970044251127
22.233042833517064,63.97182315352469,220.62760934199332,6.079289961273208,66.6151649458624,48.02862270447803,63.61663465870246,63.093975396195944,11.06353388362106,31.205076517749582
37.67036716475485,52.42253550935009,211.16192976588482,4.732211443990411,40.240437567223005,7.083010829947707,62.05823280649923,94.52853048681892,10.954781606898145,25.836901534860544
39.22076408763636,36.81225932007329,176.52085962095262,5.035924485840397,167.7272393599929,47.27930191491221,86.68810125667551,87.89695689205354,5.045862301909847,27.581994917753892
28.531437001587705,92.28940139963454,55.26387657870635,5.3692434500479695,194.5834907299106,98.8984457548149,5.315086918465643,19.58390694364297,19.708466817394626,28.45514953053037
20.288226550019097,85.55380156626961,72.98588706579561,8.270170158645508,76.33952627889185,68.66014559361533,23.043508383769353,33.40627444261861,3.6671303840370295,26.46384520976879
35.27648266789881,35.10200759034892,101.05151282831014,4.785308954729128,65.28058085490449,77.17968151403845,25.870324415800763,83.313628732928,22.92527121966291,24.823805109899208
33.33710971083278,76.7861720604385,269.24378152055044,5.844154056049742,124.28366106523885,16.305512118234944,95.24677836862004,82.53900797609022,14.895611452260175,32.29731363098046
25.802758185426832,52.59269378323751,68.43146688886104,4.545787511651704,157.31250638115088,49.94458184155862,19.60089734564002,34.23262372270705,1.1766012145707756,26.377877388961704
37.52296442731719,94.66523745901652,278.40448885660936,7.630324854313612,96.52653267443623,32.191194597442816,8.511423270953236,74.29174670037852,24.092829330696556,26.179361023608273
39.468301575219556,49.65590378888355,166.38000525439682,7.291363905195209,129.71389847358034,89.93926515895778,55.77384200047177,69.13928932717144,8.044560858873414,28.847431287214505
30.272784680864298,45.517998948568994,220.35949793246021,7.402420179239138,146.14432292442547,22.22278484132169,55.21305393119976,51.670108917356615,11.524386509657408,30.18734001050617
30.44601404957443,66.91288563985134,50.868456270558625,6.184722531215784,192.51253469267405,48.57966607799049,85.1844617099471,27.728035835754582,7.464582978366527,26.424345874160373
24.545297112503114,84.28320061730827,95.32939365725505,5.437205195704061,41.35709279881584,60.864533242835584,95.14166676689119,88.20059991867959,18.34632180182755,31.91618329219031
30.859132791632913,42.51372666828687,288.38521029079936,7.74144095978715,199.5026738268202,53.8339036999606,56.16181700331244,69.65090421900146,12.399165407628697,34.347005388128025
27.67213105154662,76.11118003175653,94.52198514032479,8.150030427333128,84.50976449583347,83.8731351571887,93.34944732986727,24.871377389296974,3.7431375053613136,28.085254272516586
24.648202592417142,33.99142790417291,103.02608170952091,5.123706741441908,147.40802711804523,26.988051275365837,73.89011937348381,72.02260634599574,3.0529968328066177,32.51709622950802
19.478074323525828,89.73075830218232,75.32726775550225,6.690732425718396,118.75873181486946,40.85215549025067,30.133117159580575,75.24616732277423,18.27169762645208,21.05681831402846
23.559572913600746,35.26986954957442,56.14062628591226,5.619220568904881,102.46703723167963,80.2480081745255,93.199967539673,88.04546509065158,6.308494420816151,28.36077136579808
22.352802292908617,89.42503946237056,85.31213960711943,5.256480875427602,142.63432005900142,55.16678411499646,68.40710173727811,29.609854461290276,3.8759376786425768,29.45060656889116
29.924923660186877,61.90247121442569,199.85152974622355,7.804463910727495,85.19323154248308,43.20115163655594,44.33911361055021,97.01036127637978,12.735976126447149,32.840291578879
31.236740478799064,59.125922331734785,147.50296538099778,6.921436209627767,33.960896453993215,7.797038900758993,69.62299802910842,23.498621182369067,20.16774954463945,26.798300574403818
31.38857793473236,93.26496016752448,175.05163417461162,5.472833995704005,102.88974279303555,76.57161528148289,43.124718635656336,62.86062248364331,7.330177273891696,32.917393747059045
26.53998202300494,94.37497155038425,54.2621520544868,5.895000050451953,109.16401542964053,97.35729740684222,15.847457958856129,67.8315324640661,7.27257448666979,25.84435809812911
27.267054141080912,72.26157818746577,244.59260520561202,8.849941520974841,48.36140914598845,63.927265901408454,73.30298098180548,46.86785478339573,20.930090876379236,29.423521827798304
36.35324545209408,38.262753970708154,239.54651616235742,8.319058041188505,187.76767770244484,86.37141596543549,83.28832315622066,51.80331837179401,4.121927966935175,25.40407383005197
28.47712189737757,62.90105556758816,26.045175119949107,8.459760342929078,53.220372862795344,54.10319560351798,74.23658890684183,88.40008851154809,15.609825998770408,29.53943926709185
39.731013307016696,64.39560156211806,127.3842264628854,6.570054436863186,87.75324287597856,27.009691715219635,26.765893436884273,66.78413221056064,23.897830333073344,25.035964319312246
27.67157906019503,63.43901782879513,39.25576855192139,7.3071326876439375,39.43664050049743,6.371999902338819,95.88032628037323,53.73608432465239,21.111927164644037,28.278126364321633
32.29078078159246,67.01696950380062,241.78961823618826,6.195454830919852,111.80136277551938,67.07283542104898,7.399183360659812,21.294761494150173,2.0144732276033652,27.13473857943501
19.107985977854707,31.217106396635394,226.43551127519723,4.849703890600008,68.45114553901703,51.84534058358324,36.60510325068586,10.645711019635847,8.337816475759823,19.25990845581724
32.37347833721384,76.22977329558265,272.5566664020837,6.304811897955521,102.96177879545596,79.29932397332215,29.70878128081507,20.997238397361343,3.9881744070191005,27.368826581885678
36.73138067713013,76.30562962694422,86.1931085068721,7.172913389432152,52.67721412705836,70.99482965635393,9.571991623410842,94.14424193793248,23.756395623334924,27.07099780865317
38.734072447732515,37.50553538656271,147.76284727578368,5.792149218456592,20.217274310255995,98.85547497962365,43.5443208339235,77.2396369032371,24.65556837244099,26.290662079629758
39.941053456074954,67.06556375897705,71.65660560603138,8.31577758627337,158.05306370562852,53.47969542414378,64.19590981546358,95.1062368209018,6.257329003230929,26.4416394176921
24.20793020428313,66.94347685832534,123.94578165275345,5.179950716285694,131.8063939523351,45.58160501893589,88.84252203108463,13.142366454319124,16.907626598304436,30.400114154146188
30.65814142616577,74.35927731237601,166.22811043872753,6.15208090246614,74.74047758509245,32.24027049673302,99.02052303818965,69.85939553956025,21.1199774351544,29.91645499176326
27.915795681707245,35.55084998878027,34.932621154804906,5.062067573958913,19.023902689641226,50.301822720171074,81.76851070841782,13.897830323500784,6.225166968154674,21.34287455500218
30.403984572653762,70.72271497229627,220.16371498966785,6.321744602933514,174.45926191245297,87.9227904216776,49.52464927771835,78.82096926045644,5.098175540863949,31.889033704005996
21.463965058176626,48.24887679851218,172.12214090390106,4.678475872384217,42.261050937779075,9.03177395021542,73.75192046686792,43.523615200697094,0.7746700695583673,27.455612742342616
36.83529059711071,62.95519438225117,252.10852481898854,5.726472277777404,186.84102147347133,97.90050449218793,85.14425991601587,18.427351689371545,10.593080195067385,23.55759724624358
38.01051675358093,80.266030925765,96.09854033353523,6.303308648011576,100.93312193323212,99.3641834592408,49.20418365977473,59.98810447730135,22.53621782867055,25.239526591782568
27.892556588484297,75.86698586359586,272.92990947539124,6.651744134745112,74.67347488261191,61.79303096585067,79.58017123242249,34.65057730092215,22.623001401880547,27.36629719496701
24.169456954618692,37.72869614906957,299.63439084852416,6.946633613138138,150.93430060928313,36.49669935106313,50.85197973972329,68.04250688472003,3.629706623970899,30.54735473787232
21.09833540836627,68.42701116254476,277.40356274574884,5.737460084054635,176.5994871542853,26.18965199059226,41.717119133288655,67.91937883721354,5.5066357729456765,30.643042357939255
33.0428261451117,92.992574511148,237.80989323328316,6.853686005766925,80.43557709268504,31.266587590063484,54.97862958945731,72.04065772262625,10.497159607896073,29.809203572410468
24.869100471656175,40.190013426775145,247.46326480465862,6.790520797029269,87.39531291233558,9.760015517972326,69.20620007457876,97.3369269324428,19.625301356510697,34.24716690319481
38.00984853809455,85.43896070215197,180.6483879124842,5.922801228942938,92.3000616759675,50.13554105591909,74.05379535026675,44.02939847537167,15.49036134652735,25.4035526397863
32.76227444658714,75.66562523599549,73.24308161553094,8.235901487954152,185.24138168094711,10.445805732118554,38.88994554475025,50.947761754688884,13.089318716245302,27.665201769333397
32.205077153833294,80.31021533913437,209.57139184136085,6.955385069671043,141.5871583877232,73.2550504037129,59.27542389782331,80.80582969023,15.002331163453777,30.883835093271724
30.306846549761296,48.327291264271956,219.57084057678082,5.995213734359453,57.05276223867455,40.33329827562113,91.43773303764247,60.89656202592591,2.856892498156268,28.891019791372376
19.007079467431964,48.712780409689756,295.9078392750136,8.763023304363493,45.14994252537609,23.939649515980502,97.74972551051077,13.278634540526369,12.202759235245221,23.102787766654753
38.50229358508291,88.89126462547173,171.56436855177012,8.303005858820224,53.769856050715056,56.76108799442365,26.588568662475677,84.19090978286738,24.805550593708645,27.309121656618622
31.81462485258812,53.389082086016316,95.98332420701578,8.921645151983103,60.077138945248315,97.50713418808631,23.31896074276744,14.531884010547605,2.6669306000076514,26.190207537047595
39.869363634428424,34.09600039503268,211.42830608706188,7.615052435904394,53.734863353460284,71.03744965674973,69.2851351757216,25.03217201127702,13.221543602054718,22.521298403550222
29.821840905003516,69.03878573266425,294.22522950660726,6.2020030747772115,135.11622496655525,51.71595075989522,44.394969153227166,18.983037093728473,7.743406910605677,29.53181738384135
33.62243962193669,38.11314848771977,69.61989431534633,5.763873000055556,32.02736702492621,78.80685842917809,7.301122149723018,16.857587693538576,13.727875773117995,20.25985505366093
19.236610273056886,81.77875569151404,111.27941718996875,7.484930296535165,83.59811304451253,75.06026483040392,37.951877711491996,12.260269026814498,14.558559620826793,20.064723979989726
31.89819589011504,71.71351876256873,171.7266670563507,8.913674621228868,128.7601788643696,89.7148688004904,81.64075062986394,14.84243882956833,14.648086003927158,25.969516234397638
34.82229145498786,86.85722283937854,67.66009776696136,7.32021786046732,65.26339504915686,24.44355002142501,80.75555838640234,48.93464864773528,21.37911524011672,26.100711388408435
35.12731448675626,81.01442123587128,26.22177906558274,8.467267234454273,22.402133093315026,86.59336974457953,51.99508913757528,32.25099975847002,10.048811659504693,18.2682889785033
34.942456349066276,37.28738714198275,114.35527428355017,5.980965439714959,25.546545340733974,33.597478268961396,49.89490381431585,21.13524574085605,13.15067698532915,26.336217502117275
22.97821780046069,54.769593968237444,262.3038244202962,6.33129202113415,33.9336874978904,94.39489814338422,60.053207031265856,67.96608775993428,0.7677457747098395,28.355629745951717
39.45876650731497,80.34641624444816,32.171151810640154,8.578238578152089,168.8101747249495,31.701189149939843,25.84268750353972,29.897848135814748,19.843989738704284,22.825959421382905
39.89400665374865,57.127195762311175,140.1001365247369,7.9059001588101845,134.99406606494426,93.05061160045423,54.97414436464077,11.667525670343231,6.857448830708396,21.52928281270239
19.663109253555227,93.20375651069858,233.41621641930308,8.916346441655577,22.25925810855251,96.56011787408761,6.049404205381597,46.820940971524834,20.505598088992652,23.23267876783031
38.601821301858664,77.82312924307419,286.8911271350479,7.986438943795088,84.30308703876977,18.821678958416353,50.178157704397705,37.31810329409085,7.008147326317771,24.464619752687074
24.367882274696125,31.007494584870866,295.93311172124106,6.518320682482043,62.93118284094247,97.57748890996439,36.9248493938063,38.03718995849136,0.7643181584310597,28.97428532674061
33.164249798521226,87.19906995145436,138.15142657044765,6.889806089200634,119.82762120947204,13.143682000781817,69.11261256084767,49.18376247997741,4.293367295739445,29.872496035190327
25.43844025619491,36.552311016456244,286.10760242615294,8.552319716084115,109.33313043773956,25.763939728189587,65.64359049449962,68.86442559661643,24.649231113018114,31.92483701605792
39.29059511420867,39.13404207170558,29.917312518641847,6.982410312441216,101.41356444024584,47.19603418291643,41.17940861736685,64.25016256334348,8.33513052572572,24.780775289830828
20.23308488267778,77.74200603971832,228.85674263959575,5.649288183740003,69.7573503707965,99.39174974261246,5.690933240466199,92.47902166142104,3.1661855993123056,32.56387059129165
28.950429973040272,86.22295636298122,199.9688896974116,6.460289157464772,36.18195668835824,51.41348986071104,28.965994792521244,55.559066634621885,3.409590688830888,27.073894861444543
27.417051422725642,64.86272581347114,89.86612012412265,6.8234219498210305,151.0515127458012,57.28889710195615,65.16804576797043,51.58615205580635,8.103396494401984,31.02249851582636
25.172515950115667,48.788232641475645,162.04918019030168,4.935239250980083,177.17278608010434,70.97037020474662,11.87546758666293,28.780470299086932,1.4223035073606942,28.789971518499655
32.20174779936327,52.83551044145641,56.27504657293877,7.846932034138006,189.3886727542353,96.98788803593038,15.226030074179064,76.4735534186378,13.031470408987866,26.383656026969216
20.883226355276683,52.28780642374364,264.04720226643707,4.992092700097379,21.137604416580288,79.41838301180321,66.46832733387328,22.388268306857057,5.736652429488344,25.906810588434812
33.76657319894133,51.234076747618296,120.21146395278143,6.322129710159626,150.58265520188775,26.294630420251366,76.79790309018277,53.2196943042026,13.223110714223369,30.444204623397376
39.573026723705325,45.78912866840724,195.29245173040064,8.12080098693182,148.03565728732286,33.784138413113695,35.54722226120765,47.07635345809511,3.9487233581308945,26.46144807964022
35.70029171830986,69.57636115090014,64.45736016043344,6.6040666272598365,189.95082668766196,14.274682762809817,51.51894122407338,67.93047729958748,11.031502110928562,23.108314231487775
36.92036856401,88.52634570672937,77.72615649673799,8.289069838733287,58.05377295457543,66.22297459565029,94.84257967344757,90.75068935618597,15.14896303083049,21.162566114017427
25.912008349938056,49.96035685041718,297.74778382488256,6.038465949252517,151.01401727607973,22.17032912122605,94.8266384067171,93.30041205184358,2.0189984892836463,33.73733459878484
25.14750534258681,42.13512933499179,230.8641904435722,8.80936332299296,20.378994865632066,29.453464405539744,34.21276357402586,24.76633551035794,10.269358076650935,25.95915281954945
29.375063803182933,84.50754831414261,289.35212353673984,5.44260794312356,129.93668694470762,89.37079724213582,81.94884812662357,33.03991520751168,7.91183361424735,28.382676373573442
19.00598552477,78.21591650783071,102.83832625937235,4.672188652451856,76.66108656991415,36.04178915654144,61.42468501665159,81.42390815689419,6.388815503971534,26.078197409477923
38.79787895804372,90.50440705139418,66.07760545354971,8.425919443456884,156.0927935140203,58.83143824364587,97.6710268682861,55.608619095528965,15.311098339070163,20.967454966613232
21.16327380635623,40.758782814319126,160.85916977407265,7.884912221776837,174.02781442272476,42.76877083497182,50.37328912255416,49.867042015304406,14.919278651252478,30.261543944216463
37.86628686169803,39.376335417578446,158.50711902365614,5.543927266803178,79.31599802132808,12.03297230356179,78.59715246147834,72.53503980950211,15.952145263603493,24.866514400930107
19.838808884007825,65.19291062982478,68.9850238522366,8.931337232115032,109.86135761286711,39.47206384018698,77.97302731341274,62.969395829413514,4.392625425596773,23.84384192976158
36.097748408928325,69.9381875642812,225.30147948279486,6.760260581708375,32.30677184908399,43.76647928841343,52.25612242514224,95.42283678907745,7.49987649912703,26.848950426153795
21.34317556932073,61.21127372087332,121.29770964284553,8.779794480648736,89.21232339246055,90.09160468159423,80.58486085824424,61.38976940136749,5.637130060879429,29.278432337340817
18.8388955100124,68.93283136105191,72.18226466054483,6.772629471241497,78.55207471924216,35.82281209640225,29.798831664164666,51.00569671855828,13.742338322447127,23.237324546503654
33.82876790570699,41.72468497687964,112.95535047212076,6.6234356404708095,44.793457359058365,41.02790637739645,16.614038447571744,57.76792786287946,11.7961093856356,28.113941861889007
24.165836603837423,61.17489402066542,177.82443589780425,6.521123417150093,179.9509387056874,79.37519302387177,45.390555742255046,81.15150386933365,8.592196571022376,33.92781916948968
33.71891536125569,72.7760164610784,223.4118610105241,6.006938742598276,38.13668922763044,77.1008818651018,94.64491238019055,63.91540499709943,19.75736281727661,28.625584183936642
30.211875510402034,58.12591920116574,154.92944809609568,6.901656737294482,130.79047793073556,80.83710128160662,52.57073777924023,66.94023204203116,2.8023567380053787,33.41775689451921
20.39376258506144,74.16407682807886,167.1665971519446,6.5364959787685555,179.12710226117866,95.60822030722038,65.34961817145806,95.48662144322009,24.384968874513234,34.3517614244016
38.5068616126256,59.32743323599958,58.90486206396955,4.665360944805993,183.27403017401286,80.5779623475045,64.29543331124816,64.41880262944025,3.355329906475309,23.99360615567149
27.950911844796508,51.68397275474803,276.113458918305,5.671958550405761,160.715542969708,43.72277930569964,17.59442239060539,43.465101853439506,19.44023490792505,29.48171346951025
34.15784011157113,49.734328060661,280.04277543777243,5.459052600475013,43.46681543609356,83.04330910531873,42.078203825834976,70.8366903771261,9.52163963444038,29.83103942789378
29.022452584343753,56.70863383425822,211.35944531704104,8.403460210444798,165.31196775063523,53.32409004854414,72.15920242757811,68.03242693400341,21.698924613729236,33.54814026770484
31.295952449146505,31.500825474343053,24.93679450152692,7.194914897520786,62.54731435896867,31.382833089263702,97.33905936516899,11.218591924561608,2.31716374521197,23.417199408171335
24.661019031847232,73.45413399899739,170.3807804529313,7.936573952023773,185.2556252121767,33.777121472446176,20.961685138217483,51.12497811715332,9.680681899712276,30.837225025290056
22.407926688075907,84.93186666371702,196.1813121848118,8.805717169871762,144.7264694705314,26.265026913522842,43.99197958221605,75.37551705365114,8.718363459255789,34.4765584133877
29.93654447497749,53.050761138802706,298.5031824282708,7.398176726368845,159.20083659168844,18.774330992876575,14.03391098125929,53.91564827945935,24.832347436525616,31.80674705620437
27.684817405362043,32.992153849211704,298.8987474545431,8.92174496132135,26.156166165368074,22.52658912609678,28.02576366667932,78.60665996231427,24.645950374795827,29.15438444149648
26.58249069554653,94.14041383006125,260.13114589115605,5.902938232434583,120.72537155427344,11.00191474561284,40.792137615984274,49.677765285630066,5.150196987326506,27.318206123334967
32.79647829208171,47.14038660431935,37.872677767311785,5.338202320408023,166.01700411074913,89.40283216857671,56.36110855547329,96.53230059207674,15.933700537109303,30.420403426886267
33.19114590424499,38.23037290990025,286.91738941804437,6.314894495968101,173.70216702677487,93.4457419166667,26.90385381271269,35.774459849942204,13.620225787818034,29.956023296356253
19.010241234007786,54.03391301824682,191.54514920255974,6.618597367211136,15.440023899391889,60.743187286920076,26.618452811975146,18.10678951685447,4.282150535398099,20.653144195283335
25.452378873360786,78.00620764118119,244.24829573417026,8.529126942836633,188.44025418547267,84.84650787782508,78.89384801831936,47.84103850156056,4.6106027995583645,32.63479468878732
27.058820104980303,49.104578797886774,134.013997912039,7.019731975665044,18.234359327471147,22.439254752048978,96.45095797995371,57.67039418890487,24.73666734774909,26.33649975898331
20.1316275456117,67.35570825476671,109.50745194568513,5.814814497381077,126.75854913822147,90.6590133965636,35.74323193638834,40.72024838805661,11.591884843712851,28.134057852888745
23.189819067362343,57.01139963841425,149.70836073546624,7.841854272903844,141.7436302469093,53.10434816489829,70.35924177038962,31.32074209038039,3.5821316540018007,26.57406796735685
19.136119538900648,37.654659497980205,61.12486363127154,6.776243717125819,30.395605321902863,11.380674297527733,29.51764382900247,69.14116484192303,5.76235594911173,19.13100647642273
39.91732616957445,51.46865581198716,119.9785188509257,5.229593753738266,19.122254465746607,18.42471072694522,93.15546422173504,43.18700878735018,7.074527647589466,20.89567767337297
34.20425846533658,77.11658287141432,260.132899935118,7.095689044160634,159.13330934563854,34.35276377474763,68.92572421571285,65.56043056085605,13.017472951306173,31.977418998222287
19.92390344306058,69.78025332654397,30.626136153046815,8.601275415632777,83.08741871151246,9.137970133701387,81.25430119056915,78.55828747669227,8.720929172904578,24.103503024701105
18.445486355382027,37.78559469243147,62.24585311088926,8.29180177864119,30.3513779098735,34.38287091165714,9.688634103920657,76.96823124288208,11.647788754303065,20.341954897695526
33.82433160335017,40.61595663143005,55.03252470185595,7.14064487685899,154.90688511365198,10.69339114629472,61.85806698285934,43.027219335940835,4.579239001983387,25.326401370067448
27.662227645018675,71.64766835498395,132.86115195606385,6.1968742824824465,171.34098332728792,27.422622493318393,55.12317147904631,59.97504414761538,8.504852919393901,28.555088435369836
35.309527599420676,82.87200193085647,299.1563322494413,4.89140437978895,121.6033762441734,30.23862680636195,32.834706156595544,49.56992375096133,2.222756521584974,24.71918973737587
38.31647283200444,52.715842237281,68.54022045918715,6.613420154992307,40.63499360258267,99.46505275484542,29.93084858044522,86.6308622384501,22.297901700158295,21.644960498171553
31.184608558360196,68.69519886982425,60.73514188779284,7.884357468883106,12.892269583383253,27.376934007548122,60.10235622011213,87.33074622239994,5.3694356906301675,29.73885215677743
22.116385304179566,41.091833268886845,276.21560433732327,6.1212317387985475,143.15247144736935,27.722712649165132,72.11613532568639,40.24925929414724,19.0440533180041,29.69770337195356
35.20826879302196,50.239461898846045,266.9741447504704,5.55951071498249,114.5265382168102,70.24495199404657,8.151411918342951,18.072895413328304,9.064018810981976,21.479193782217305
39.02785834983624,31.31756336874842,29.027303599035243,8.69120873671929,133.65145692681511,86.63896045906293,58.903150282751916,24.747258532513715,12.122734314024935,18.69114117982072
30.765088315319034,79.93793660696898,230.4776688502082,8.197000652060966,164.5050873379232,41.77026419719822,21.19365524992972,42.29615330751777,7.635895466800058,27.43178868106854
33.003943840176134,56.06563828524284,203.53039641340027,7.372240287390651,92.5032776286647,88.18371189436579,18.334459481679552,59.65399601914318,17.562811142130563,27.570577568686602
25.424443290806806,83.04816228750701,234.9674267587585,5.115525047642337,33.657939078387884,37.313491971036925,64.19635136899504,67.79725696486977,21.191387272230333,28.163727906899137
26.393609282526846,76.0442447414772,158.4606873428582,5.152089781827779,188.59682422425703,23.716508563426835,34.532661135659936,39.16065207316802,7.513619526119909,28.85643432730213
34.162398952767404,83.868377272351,297.58618116552276,4.964488161551006,113.5998041769029,36.315688311133734,46.88362214781208,68.73992252691075,6.4343322697580145,29.272432121421925
38.410964164950016,48.56781352288738,32.277165239069696,7.273335001017344,126.90588262682265,62.88885552315927,39.19988689677843,92.52111856329053,17.195286503865475,25.505449228763215
31.83774451893575,42.032067477809946,85.6240441930656,5.020032584130012,187.34817161483272,39.87860013464701,66.59195041448976,67.37724319086763,5.281249983909161,32.90854127618835
35.376653986677645,93.17386937235858,131.03287635261222,8.291822394881848,187.00089469894996,68.92491137898244,49.661377776314545,23.95374019110291,16.17607425743942,22.968368513314644
21.77597038313821,76.62630615765653,145.93782363839688,8.96834250818695,118.69797527835298,27.508908545135828,96.52857289360502,61.010864342031226,2.8134879524940706,33.15755705532753
22.663099985675416,84.21274741523357,277.98287275586523,6.148566831188994,66.54617069707095,71.59432492896913,38.476362115114206,57.68680547549448,15.693360419036836,26.32577380220684
29.704763110334582,30.853669291145692,176.80122194163246,6.541514311351938,199.45159046242046,38.00664450860433,75.32701232496935,86.62160975906102,13.078464983255612,34.00600643843168
21.884192229342492,53.04000531923263,32.63107874571028,7.702502296435554,139.35524709117183,48.307495302183774,29.44279392038923,40.82666885874174,3.2906900316195546,25.725368144390888
31.969891544860317,78.28308488752656,134.20162975918532,8.717188528465947,87.60296860949074,57.98578834207511,53.33154379948395,47.219213684987835,16.403039054182692,27.703545144037957
24.41637007868338,35.068884144348914,136.6173154633396,8.523421981003732,116.36899254218204,70.1913753026694,57.49412643068592,62.68199688281145,11.440650347334858,29.295445332448967
35.413717610671625,66.87709542198081,290.3374627625797,4.759163229374319,89.00846955092564,27.6778007256297,36.26538170095956,56.14942743329824,5.8193187450186,24.261683761313837
35.778427625515555,57.88972988457521,187.7751854859103,5.2608231115054425,178.777978936363,84.41482605402699,49.81915024669976,73.27346013165533,9.157911814703343,27.099144648277093
28.203324026617768,31.145072964171973,197.98229992450288,7.895687393510065,101.67488122449177,73.57506122674778,31.531470600356755,13.554231200299633,12.556501588153775,25.530021329844967
21.977833970827977,45.338412512764336,219.71084875035584,7.600018986146013,166.47039143643696,27.23930230727995,5.5700742590282895,59.58940969021246,2.743078567977359,29.148481151461674
32.22904914380251,48.51147928933642,235.6110083909945,5.099483673180554,169.63349658637074,97.62258344727648,25.48658865559848,20.707126584341022,23.96143233664468,25.62207233175895
39.8413144017989,37.27089651251096,197.81429965669696,6.7592906190070545,166.62314416969718,68.15571414789355,71.50609638685405,37.73839134173548,16.80627282719697,23.91875947793943
31.696999754735515,71.04989913327293,86.41441831750194,8.01366583988383,147.21583637037816,47.98055421433703,78.24148732611081,68.22316381485035,3.012107041548552,30.799025675850796
18.787043195708172,45.75586195637278,264.73285601552595,5.484513070182121,172.42676619344056,19.965095927584052,31.619272378197394,23.852449652111638,20.660123516047257,23.0611760056225
18.380467466875817,48.045267475260246,224.99354411497646,8.420794360806,83.57362012836415,55.655995219272484,43.764084887716834,37.17808152440734,8.402595808180562,22.482786227685605
25.047963350830734,88.38550888300958,227.72373582714764,4.7383729866916555,31.786009166972466,20.653709248576227,8.549737713168053,71.86457048950746,15.121588649473004,28.60113230967582
22.307243750928908,60.36300102505406,299.03588698572975,8.019877882806332,170.06629883077775,45.80170947629516,27.520975604279656,67.27086134236139,7.289999618699545,31.464383748277157
35.88712655715278,55.4883295530027,244.70742976172846,7.2711850490544165,104.65199898059561,43.82768966025429,79.02583192036842,18.011490890456948,18.468445650407876,20.253666788693227
36.58572467479201,77.05161749045662,252.16239288344292,5.918397059944571,34.2014461802917,73.39426621300872,62.568695675180436,60.7996274273245,18.213719887502506,25.833917831536716
23.689612968830474,89.12489679738928,286.39354439884437,7.744196467538601,31.90937921458151,23.27640221630373,24.548199585665284,22.95839264884027,14.02506469337424,24.2752487739739
25.16418509289764,31.62736185543385,62.31751995769028,8.020646078180219,40.25605486187962,83.07777871273035,29.456989536631056,32.19988132687536,6.402677015553663,22.82464053918961
23.197433289732523,59.13552502610077,159.363665413859,8.702545370867862,152.6849193367501,35.982571066535755,82.59619218400822,50.41059251994852,6.715743284047565,29.00086260466006
37.98441604216781,69.70078814506658,182.55876660542052,6.154986024694186,145.0627679585934,47.17891956203363,24.862999279765578,19.622520450240643,9.880138519026103,21.360184684883766
29.05828536169021,50.70660137818932,112.19720418228813,7.587075311909797,48.725549235127815,78.37239267761504,36.744983955477466,97.44093317683388,4.052798101208991,31.806747988806183
32.43501496980444,80.20650193801072,255.03293629046155,7.211773246206109,170.9154494408611,64.4122779727839,68.1140757071912,24.5525213727521,8.772564973177628,28.22915938381287
27.140605907391272,93.1460095675678,233.47749406080254,6.863427312556898,63.44601115036653,34.26240842118405,58.30567664226747,78.75551130171719,17.266687730583655,29.88017054158189
31.882312257099684,91.32277880626842,221.84726086227474,8.506874133697671,160.66726082984002,41.689277831858696,48.78266949721235,83.02581836204381,20.855709361455823,32.43019669822883
26.488818287878196,47.28886505969622,299.20184313228674,4.514252913622801,102.87312246963897,34.049747329012966,90.47540364307571,97.51282935084812,8.648266117087354,31.778768470970725
25.47292563004296,44.71198809843659,92.62678455434934,5.769502227466189,148.99424968232756,61.50316589132993,25.87249395792991,47.72148317099962,6.222961327231917,30.40019210391576
31.958561609816563,92.23688451637938,225.92803046911797,6.922247577951735,82.46365598397752,36.599330654649776,75.43488963198499,86.92031777226192,20.89974316921079,34.68568765534658
31.003365717077763,59.810851683045286,174.39325297365218,5.302319677364485,75.95671344800743,73.94128100439838,20.111064858727417,94.26347063348288,22.32224867095507,30.747950003788947
24.457614991694893,43.53935200050496,107.6369710982853,8.585399401797412,169.85832380227313,60.07978006545398,63.49471418080379,25.214684750730708,10.545527321145576,29.005286091705827
21.285665907028417,75.95480263597719,64.96432380247523,7.414178029258569,16.707428357673233,18.842128116013356,87.70923852407475,52.19037583723887,1.1591517693160294,24.576802069663643
26.108687264439027,48.487321053746456,270.8474743789132,6.650473475843954,195.2000199789264,34.475518774588835,48.500669620423096,15.28095205933572,17.52655971190672,29.12942120152427
27.134348061122004,47.3710533796184,186.7275351581967,8.166157915799946,133.15411607042097,26.037506981464798,73.80797818317625,64.62371305812974,19.70881428648667,31.878168806802908
31.831055335341304,87.15118780005601,250.9814745394225,6.528987861592967,92.171843757894,42.079755192391104,82.93736853490388,61.16374180337784,0.9415942025287856,30.044655265256097
38.119632800011004,40.56114496949873,172.69659552043257,7.013938553685042,129.3303609185808,54.018488189889496,17.92251036337226,27.96311305036135,15.078255906867073,22.763925398227872
18.796065545724353,34.185541520305364,81.59358258312548,4.512379479992645,33.320779827206735,53.14247144199044,72.05355505180046,80.2154427826831,14.915034576982288,24.431975719686115
23.360542275920587,47.49711861115967,114.51366766809107,6.145652385877831,107.66996650577404,76.67974927351246,92.38489727892424,13.27964760319151,9.778343764323894,25.068330608707846
22.26175073015033,69.45145183448324,126.83087589259303,5.124557125579364,197.16814943456154,22.971327042162386,59.755207936276705,80.94800452322502,18.869299483345525,33.27393485912155
29.05047699126324,38.000710471212585,292.42174750103663,7.60359906298031,54.7011931908743,94.91491878325745,22.68161323023182,12.344785622420329,10.990386433801836,23.15472346648459
27.453417754949516,60.653653697991594,21.5773179467871,6.6556213153908015,147.2328388169064,37.57028515380602,17.05954050094958,67.80093546799881,17.08101081888842,27.47794762860183
34.03882772404415,70.77691217764578,295.986486446862,5.857909007626039,92.64456140802312,33.52364045703316,29.674856394341052,16.931717224511313,13.169373963561222,27.86770904283022
23.333150075987003,85.1679045185563,294.52925783075256,6.6052455271728405,133.96704821271118,70.09196492712088,14.833760556584844,32.10784569948442,6.5873828152196765,28.395736951832514
31.07896404649469,44.94152342814653,298.92222134843826,5.443334495781058,48.92857345143734,81.52407972489094,53.772436800579506,73.52837473944155,15.359271143748227,31.199838076587397
37.44485979919911,83.12751101988131,153.4446900974977,8.662889846187632,99.38834669734446,40.95481765729708,11.621944857139784,34.67562236703404,18.55425812372312,24.96628255329725
38.0349102782027,45.268906973530505,289.8665114938799,4.742876846479109,196.21761563326226,75.95046261492783,26.223439340441512,54.983298687160655,24.360688999206587,26.05747202376587
39.09326130395068,73.98982518057664,130.76777091795165,8.394376658832542,47.10455869304182,88.9549158329252,46.791492171660366,90.54184771777007,9.81266919665913,26.4964277425729
35.01174534575975,57.99378214635958,27.36244338714828,6.801114549300079,130.92455529126386,77.84634819466095,50.02190128819204,14.367823155218893,2.0795773443256023,18.315148117013656
37.93173393769613,37.45428075461356,82.81721218409407,7.285259232624678,119.36357226569112,8.248666129229134,58.71285608896162,81.37502184873927,24.70529491992312,25.678364552499556
23.159679183676033,76.42712508342017,284.6829485824677,5.861725294089167,117.35980139517663,83.60004657978787,72.03342146131902,15.743935874027079,15.783263155925638,25.177258508827094
22.346780775710492,44.154570205686156,23.854114133911995,8.850139275574445,126.87342503380725,78.5756910531649,9.486720768219415,21.157946301627547,23.688036224938845,25.494829763701084
18.14273784317158,41.480522691598445,172.878357918433,5.768329313337704,105.42521500076333,68.58257262455267,12.658990456699408,20.500081142250554,3.0437636072724237,22.061451712123784
33.550575863440166,53.29099035830991,41.16844489051013,7.149950987131369,13.21684254895502,77.20212981335082,10.78161942145417,97.4810009225439,8.879829076826212,30.832721532904188
38.62427813190237,72.46386590936643,100.19104195972197,8.97037517298208,181.01839417799238,98.0454126040342,45.19927996916648,25.856396101174937,3.7814491223817455,25.14695759103968
22.11257759091688,45.20977112139081,44.665998199328264,8.464924783725506,167.12597722196585,45.95572434274322,8.975554763878758,88.9150424705516,20.969998787260458,29.358903457778894
32.01275865939134,41.93800002082257,260.66801391165575,6.913484213787477,43.09185937501305,11.386207320686792,75.877720348976,97.20203033929677,22.068397165018244,32.89851288498416
34.42211470287911,30.646985671368682,185.49979870135763,8.956685353352455,88.52190370198512,48.784547114633085,26.185017198655395,43.77305979628222,12.782136646938001,27.814669549088897
38.40751317325724,60.65680131161203,272.5898104011276,7.656164377796766,156.40430633177792,9.411197262149553,94.22518686254608,65.53227183052432,5.071852332719746,28.195957436771007
32.230924928378876,57.86196200548687,212.73889587126394,5.439151872638142,196.21183992358402,32.95378876840381,51.20835673422558,78.56003033119791,3.614414741472859,32.47953840910298
39.34646212047255,45.20140333642946,291.8881567486279,6.325182946961129,190.7160388239394,60.7535802206921,47.400946482009154,44.55276720158633,14.910020696965065,23.799903212241684
25.58280910227605,33.4873906606299,162.76574333291384,6.00522000305198,180.8782479384731,34.41417482798485,79.15117580075253,24.23964436380704,12.906219952339864,27.363103892281913
25.698427742970967,57.901631848729394,198.83896289360487,6.048061687220351,40.09104048683653,70.11254836140617,72.74962846983415,48.171121453745386,17.522333008007855,26.538513172413992
29.946275220315602,81.23333221965603,181.36646956893586,7.922053977119399,183.75027014171093,83.0887011301435,62.69435889007357,77.92611276025913,7.977577934189784,31.648716776726953
26.437041384549957,76.4933385362665,155.59292024505157,7.129183172727571,176.9045334607051,44.941722031556004,93.83893709378515,78.70712312185947,10.358015878096875,31.975748105555205
18.031366022325717,85.95166784091107,256.8686223184435,4.671417202152878,81.62048312161401,90.51310537283534,45.114629793772316,30.287413711040372,1.0233463093533557,23.340440564803366
34.09898455191372,30.622874701355116,200.46703798770085,8.448518176429392,84.95929296188979,12.58469847828802,81.81050919836721,25.396976310385696,15.44850460435046,29.42501027646793
34.537774912526636,92.81725559229889,244.3674341595324,5.83558263216074,97.38269517148055,84.81075059904273,41.10882984585276,91.00934178483077,10.867016272988707,30.233116972885817
34.43344130310895,52.191796420784144,240.1819022486757,8.986836946109147,134.67336988361922,83.7144488167334,84.64283905812997,13.87191468913133,23.03423352842947,28.698490137052616
25.590454665430265,94.37585674597771,73.49264498348268,8.793858286506536,59.55876703677299,35.58942015104266,29.65008975176702,74.65698586732765,16.223764293767722,26.44717863616003
29.490368412845783,46.420264939115356,202.04578910494024,8.732388225068844,14.36020159358949,33.377942776838424,32.480371919423085,14.085081919314351,10.268015040517499,24.93583438222029
25.919417399886726,60.64986519258591,75.90144537077356,8.150074218287882,36.833609673476026,33.9840232095837,69.39760573165813,83.73520447576693,6.957934931397084,24.95426950567093
18.352800800674206,53.00529897739474,183.32973390825583,5.492759992575942,93.622022439587,82.08240267271904,25.207763020420654,89.67650357357698,22.67948109388715,27.83261326069518
30.373876707971213,53.12444647462967,209.68171164496414,6.896847348129519,63.58048819097835,84.00708132296853,26.769647767415734,36.17288293216071,0.8984943158773601,24.157471803168328
20.722734653848242,84.74833641863403,299.2258200445243,5.509361820712385,155.25814659686506,36.323633588628425,33.9999307566544,16.506336629469388,8.509355447683609,27.896572470760102
19.760909130011694,78.51723108292703,28.55175388192674,5.668539550150271,30.27111340436156,61.29608300722387,69.49823311773571,52.30023919857371,23.615886802806855,20.175325474517134
34.62097951132932,94.48984328995313,45.54787035184186,7.249282962463248,184.31839285541272,18.198656796843178,89.49186878020703,36.26474723360196,16.523808671048563,26.874059087239612
18.209136453198322,69.87845437663832,41.56747498394482,4.683750954088786,180.1121641893431,49.5339801366971,69.08392685706373,46.707980567313356,13.551617246440827,21.236516503222536
39.098185759391974,60.11167928564267,131.54116015468722,8.862563550693185,182.66379521732475,99.88532083127613,83.6423532126919,68.51871990700386,5.486600589050472,27.959063508551267
29.335618010476693,35.85480109154793,250.04474121602783,8.63402927660084,150.52589973463208,20.08971903209345,56.63825602097462,28.464691163487092,20.917681969232483,28.874315551896686
39.62636147553526,94.77649226840069,256.33577318039795,6.213454074709739,30.329994581883867,95.0184507962056,11.547706027788802,41.4117381172396,5.502877033523014,21.604609765555168
19.275946594399585,65.8494924405984,226.35428680192248,6.819401016031109,93.24613856021769,83.30419858667574,14.544290093307563,78.86549914575528,6.582211522270624,27.181938163627567
30.837650075050092,75.53103552985922,271.12590771238536,6.597537386704916,34.96702064303811,97.36039183989564,57.667237944856964,66.65105159584832,5.200353000360453,28.88801832068037
25.685194791470046,56.438255167435244,110.4007843674467,8.469899003778615,197.6628466246057,22.059982258000638,36.14109202100042,38.712243221309,4.374661783953288,30.843402128559976
36.55661484191428,65.60152103165032,44.68330039064376,7.5987084434225,73.27730044574793,25.284256592119604,25.95396699550955,68.45854082287372,23.85615615148067,21.75341028365372
25.946900175154298,91.26755257303768,36.28284783715803,5.751500613409604,121.2128029591118,6.602382264811575,49.29440809374898,77.34753721449306,15.249774105462055,28.937112023005987
23.73072673926168,40.81726346555418,258.5971614934282,6.510785645093836,158.08468030640213,73.84667222698252,68.31719038590865,62.1387311238453,16.127009734247302,31.994876507648563
36.866168796198096,49.00421798146655,224.52216241903355,6.430346890590437,184.91705600287264,66.18899587643764,41.57423503490655,31.07572126008875,23.880973909130198,23.587529960437504
26.242368016371742,39.8838823055721,215.61228568311384,8.817008257277633,153.5540679098584,21.916216640849548,81.24151442994746,10.021585565055389,6.149088850576285,25.02205332402031
18.37033303693235,81.49403374731035,115.10937479278726,5.288899097315879,138.15571796558513,80.15877172649684,75.1597084242824,80.65072141496876,0.6449796956434555,27.629290580831437
26.586360218465344,34.03294192741892,126.37345281310334,4.903093517824931,98.53653858724876,33.42357308251391,74.81691380515885,82.39175286782248,15.172649414472133,33.346158069090166
32.39948991824072,35.30605724033699,288.27178809180936,8.462784744727607,125.02602541259957,17.82457908641034,98.59302051935191,71.38919612270385,12.942198903991887,31.66038265750447
23.5959098537404,49.40211733117897,37.86532834742181,8.53508695277642,27.891123682037666,45.14345317683807,33.04684785030531,16.739121960350012,12.202434246258205,22.374165702513316
27.50372703335346,63.42223175986573,236.64488634258194,8.422825895604742,177.9452829726399,13.642135600551327,66.24893070238504,61.499561300708066,2.016065175531879,31.41560640376448
19.24773304220896,56.407862036373125,106.69733063835008,6.799396120315004,113.31768867957823,30.00814734595843,86.27044231522979,82.24981907190144,11.63365423108222,27.95501727850348
30.938041413307058,32.913060193602476,30.935293155515705,7.468849927212572,17.625659582639113,40.27666905059789,60.05482122182154,44.290812169518574,7.545209344722124,23.61687504100736
34.63848832492866,92.23695126161185,227.9196310078877,7.035133714024427,184.78140387538053,85.92709657884424,80.0027067309623,27.424064611382363,7.226834591995671,28.208705074727906
27.092876350824426,91.93651882327543,112.65532798994488,4.812515217244804,102.96737502900505,80.29213042285603,44.37295765479167,61.71120215724942,5.948348714387774,31.654191052472353
27.245117921632122,48.158161010649394,222.20130524798304,7.1812570360532515,175.03193689659034,47.06165714630873,61.09667783720644,82.71498320247726,8.646944813986982,32.322029916690965
19.94221496886816,77.5491649924578,218.14322727307365,4.561263662652454,172.8087112990178,73.83463048647681,10.288307316411187,14.30055636622177,9.151760341013604,23.934425154955722
22.442699019263618,67.60740173990955,169.74032512127224,5.962443343006887,164.9928016168518,59.021715437005476,98.64792255335728,62.531707110144744,8.065006520868938,32.961295794085174
21.402856668814078,45.435985175365566,237.66447617895366,8.69531659142925,21.666573666117657,37.37997623241647,81.00175573759964,66.59929398986209,24.479441535127968,29.611500390604412
28.597130910553837,47.041150863205004,182.69073076794817,5.868203713361134,56.942662630599685,73.95806263205205,87.53686180498771,63.00829946264861,23.351911594982436,27.305663930264934
29.6436219009165,61.924956330179285,100.25831879751298,8.729219891899115,176.35409576843185,69.9324196743059,70.95795642357987,67.20296421286028,14.575497438359124,31.944051416231208
38.876682888253725,57.25040119732841,225.55228429803734,5.6256028071715996,180.80830064989783,63.81397200839219,22.67475311682645,65.56102706916559,24.53584354105259,26.55804818294328
19.611093094099147,48.92990633503217,184.9591484457626,5.915530082076896,97.03308385007315,63.705774499108806,7.947702029713065,21.475541878270718,24.78435125282016,20.914706144260148
31.197095409411038,82.48825375983468,23.56363887317775,7.327833733973491,93.60787885429843,69.8832892710628,87.1423777349213,30.67443637150455,9.220522895423912,24.540239867825974
29.58296760122131,61.295089646430014,272.4603697756866,7.927321377551827,43.27672043836845,41.531823701041134,42.651412104931694,64.4714724654329,11.407094870623741,30.177061727248326
29.357128154588242,72.56512405529331,172.78021313080777,6.756244956021979,193.99804985131874,87.56220243143173,30.06716322379239,11.556998180035828,23.997013536124307,27.11669186123244
37.20950432242218,42.30277751091191,263.2156343342689,8.4695205923737,50.49631031821821,20.41924532216378,58.358931089699716,65.85751764764551,15.41134188281782,24.021453606765494
22.521846355300703,64.67799806357164,267.16631491502847,4.681081897247787,46.27798902664546,88.96911900771964,44.98535963519334,68.55402289308282,5.7167625295131765,29.048293211231552
18.897012035510173,50.6684432140304,144.59066388582477,8.649876773854668,135.53850432834312,37.516775088039466,66.90826959031791,31.047378867825948,17.389826374244258,24.940366964309405
32.78997316795223,64.21688467566707,162.14479900634467,5.383385099529336,56.14041757008506,16.87800348281914,50.96035714017879,62.63568901827629,5.5407814601291445,28.748012546147926
25.593464210991563,80.75367917171033,136.41122854916853,8.479074352880952,188.36660609273406,62.00260325451734,71.23714834182572,56.99992534369128,8.814264719960223,29.475717662707368
18.38697815667554,79.979358655932,145.84229708625276,6.303884307688712,12.072329110381016,40.718733561688495,86.07521060336857,32.940856237474016,6.0752239958361125,18.51656282271977
23.530228160389104,53.02434407222793,270.6412045120838,8.24740675141967,11.09311984142725,82.47247407483432,23.57791604079996,50.741713044978404,6.502015290379134,27.825293790275772
24.80518903276986,75.12801261017654,240.68032391101508,7.522494974116627,105.92659227276391,45.924619510232894,36.296123653721246,90.04695858827198,0.6140617483861652,31.181265922688183
31.570444289253324,91.18384677562801,55.42718936836184,5.291737346152179,102.73186738355967,68.51343992840043,46.497480724210696,47.541044680469696,22.07736638888657,26.861007680017487
21.796887469083988,70.66850644511891,190.88617883122686,8.63121406446652,41.03916416117299,34.28450900295843,96.39555256262562,65.42628756539614,7.751767134256948,27.058056305694453
27.087195654974757,39.64665801987142,298.85385930817586,5.6048282571980685,103.95871696435404,24.89797562740731,39.7066932870111,13.110872251581089,2.6161722983084648,25.319675869497658
28.614459777192316,74.18106090314119,186.754196345096,5.598630534127496,88.21560998229742,41.864657940138265,41.20448571129981,16.846409972344695,2.631191439186669,24.116171723153304
28.10322261001,36.818785112705235,240.04405516606954,8.163805034868211,179.16260981505008,62.64674428723118,67.0798896811583,17.155110450692025,14.122447773293327,28.60757710567975
39.426696866669204,86.68717657154676,235.33721254672787,4.976429650076344,11.75824484122306,67.40994022507843,44.82397243954518,78.4851871991272,24.82655348808146,25.487251183691612
19.001093231386513,63.58293222712612,118.088907244252,5.499161578667072,195.49126295626093,59.929633203311745,95.3662558357625,40.82260674270384,4.053050448119695,25.683571534996425
38.92130010195278,55.03414786025267,124.11780475710849,6.76654908039478,128.63462521621005,98.86529326929035,89.97453224516717,30.029828576191576,2.9407336332666567,21.34617430981376
30.80261870786873,33.705428652230005,222.7413981013129,8.23714662908981,38.850254672602375,70.6535677170407,53.773833888688934,75.7645620237516,11.238445069851222,28.719524439186173
35.50600972933644,54.750942748487134,159.99538884935384,5.1636778863177035,18.884402624121584,93.49436462170719,66.25364722504574,24.956485504943352,14.301615719099487,20.725677875795228
27.46863759635366,88.70843341452631,179.75979855650863,6.964507055305559,112.24007512625406,16.20365351504158,10.512903378943951,31.691342206184697,7.712318792509541,25.24849676683331
27.984433387653567,31.363894758609707,219.6136213021545,7.700582663113227,54.62913153464582,10.83042833228049,71.09440016307782,47.921967007761836,7.911791266589727,27.56463757473201
37.34518297834812,60.852130255817315,237.72100757093406,8.372678511221782,67.22145203023925,34.5444966911356,72.18408293015806,39.16655007328597,10.899674295299262,24.753111076471484
37.710558918421846,90.52527592219045,96.02464176525999,8.710045020909988,56.57511131855759,17.975949145760275,39.12393308610476,61.514514571224694,8.196567571189847,23.782730068298562
23.25115539148855,55.66466498472637,61.10225264234962,8.030879615110196,133.53273957877707,54.95751018168543,25.869873944400904,39.72997447858659,22.92562379742866,23.616235791314544
22.383321328861598,57.831419685039776,101.70250108264307,7.437727791999008,115.17050280206537,54.30321908471148,91.93244817261659,44.57974395558249,1.5278869966204096,27.958675700973703
28.917173825138924,67.6064035879428,162.11073102578115,6.4512903839074465,24.815140469144183,59.62948081217527,45.53696557648713,85.93402152595476,6.246968916821729,29.424986042942898
37.80609459680922,60.09092668251692,115.79956884317096,5.004495693847888,110.04004130328333,75.79664867895191,67.10207995616251,87.83876668726421,20.30954350757182,30.438365330801645
25.09181205493588,40.95910993044091,179.14157247732626,7.693817366364845,160.32605545702697,97.27632152017038,8.166235522744316,82.83858479157986,20.93197405429144,35.332126513237775
32.344321537460885,31.206110039540928,34.97040275517597,8.967317870139691,25.42697225586162,88.43457568671892,44.33638082479945,86.10512207800767,3.233099434622928,28.493352362510212
33.579337130293226,69.63775776861561,162.7301152518548,7.81542267629445,179.0504054837798,16.244887759680253,82.6395870463186,60.1361229018423,24.35720452531156,30.877284045710883
35.13084262767143,89.8524281555078,123.03577394255822,4.5751999218197685,119.87826339506853,37.158800433212434,41.81972003806793,66.8685228981218,17.48719382252817,27.5479915912207
30.406338074261193,36.913668646765764,169.70669137000706,6.733169901188274,190.61864916136017,29.30318737956398,62.3003102130033,59.031238656834766,7.1785298715980925,29.834682617198293
26.85401392213733,43.71192675142897,138.30933936779348,7.265909846173067,38.14683136725137,21.797648989080315,24.936301046031247,79.13175139665697,11.672927687954136,31.70833971194397
39.274351753577406,54.06491657862328,99.58323817851189,7.603533904962793,198.7773498771299,56.74886328229953,44.56993663975816,58.48804274700709,7.7798961794151955,28.04655072343323
31.44927657266276,82.56824488637278,273.150213528138,7.738766260203189,132.41184453423858,57.5601181931094,93.12558321505273,19.77477288046869,4.175545121433275,27.003200119148346
34.02843465593196,47.50192057061354,71.73419675797993,7.011487985474358,117.82389790140193,26.588258649365827,58.812916221598535,81.24305060020367,7.633862586348422,30.56470147607049
25.589622605309323,87.33353627811995,210.7823611625567,5.505121497304081,107.90312858129623,72.63023877913513,90.68348861382849,76.9314950196232,14.71225246849565,30.641750479000002
32.73888198206776,33.572261852254314,278.90051952307596,8.73990297664446,14.494330888679423,74.626858421103,90.69183345150661,82.18645238487103,20.736257523468982,27.96717441141592
23.67154856761077,91.16218038183077,170.82758871192127,7.634999104486479,188.53144639441985,6.993099509223665,94.69404104032556,26.75779277829904,9.406462334794641,30.3781998696522
23.392132185629997,66.44856006179472,265.394376802255,5.565780165912343,132.35894984229768,42.59698185362007,90.06220770761,33.9023006389171,9.023587743422123,28.23149865425013
33.72388843980738,72.82054910170079,54.95841396131962,5.9504482452162275,27.40903205486533,89.563360914154,5.311707255978561,36.02614935919064,11.966017176492404,24.332943494780558
29.47068419778457,53.89981896486295,158.26085567179427,8.648674517836664,13.980912355959731,54.43026778316463,93.7314147002517,54.71108718433928,16.291612199126483,30.387835109205447
33.03208542929258,80.82962855821893,147.96707853466302,8.493683340183011,19.648891454982753,38.02464113670446,18.058646713110758,21.78118340638446,18.914598429591578,24.052091393015967
23.927646796458017,40.826806255486396,22.27326597035856,6.323158972611403,125.78519505212573,29.099234401537363,8.792993855559303,43.91359428818833,8.50658786758711,25.813722186837616
31.17191350324807,33.17926864310166,144.11205558061366,4.67238249896153,126.6629288299712,28.118679392236817,10.261910784915017,26.029918174954606,14.865635461715904,29.97010378746236
27.766540293468477,55.708601301991216,123.3283317871274,4.718238160022722,104.9367854384738,14.477963215826604,38.14703854176119,33.29911874688081,10.03934061138162,28.765762804802865
31.133126310601615,85.49022140876757,207.5436437768923,5.77763230913275,68.2855059240608,82.63650981384376,63.976388100535395,72.16211184114161,18.051796333902956,29.089004949465647
24.399354109372826,79.07024438145015,282.7323380014252,7.331049987025498,111.03111900678186,13.232453512446266,43.21956366930476,85.22338175592074,4.53453555266701,30.605966365300084
33.739921200280726,63.61513808178227,44.02150471337023,7.128875859005529,108.097345966489,32.768002756872505,7.427657041691051,12.015716260552178,6.794659193756754,22.331083260018936
35.73044605550824,67.18895356574798,111.69338828009447,7.352225041247742,13.68895637654747,9.339195163803556,50.2658502465979,59.79893277524003,10.93848028614737,21.950071692345837
23.71816242486992,38.443033709419105,144.33812647039053,7.72777337369448,63.66915376222463,79.23172412375155,47.002420515686104,13.173259061479508,22.290662353073508,25.683265979397152
24.613652316824126,84.64429806014284,147.45190584962734,4.585645141167323,20.105214878758403,8.731949811545094,76.90068022265645,17.501933561016426,14.54648183909191,24.91991074325288
32.545393933820044,81.1523793926728,236.94672183583106,4.972885178275993,181.02940277505454,34.2886048674798,31.563225350416644,72.0473950460416,24.152204915044585,32.80323629059745
33.30287383467797,72.67057560265127,144.1507864333634,6.117675533222457,147.79240092917573,59.46325015823308,25.66546151046488,74.73351337218627,3.030303289386554,30.673309886018743
33.490193056743905,60.302417361381,27.60516440702294,5.1968699888471175,199.26188233665334,43.90832922787716,29.31420097927949,81.6302992392063,11.774297634447903,30.40941072458169
33.01936710506841,92.68985243816832,218.82914648599277,4.838940191450494,67.4125400280047,31.81575138866454,33.85528314983556,51.73325303578683,10.767423986111913,25.40336138248872
26.641769772955854,87.13707817197061,267.7523146407881,7.384339781987993,176.91231107381296,31.142961880616458,61.920662969880816,85.66305841742457,15.205051321946225,33.60880037091227
26.686780836880924,71.88798207845021,163.8933195139084,8.169014148709946,124.58031090717154,80.79007907059369,49.79492111794759,24.68176966446294,20.393132913335666,29.229308758734266
23.60598772017639,54.167064851623714,182.7103860755815,7.8868199584542715,96.09382731168493,97.52791903328828,37.004983692010505,31.975044399880233,21.115476626784975,25.342761234204843
21.450341397719985,70.1714481142983,65.6222029113329,8.176679003741306,52.28889114484067,38.063901692635376,40.55984503694945,21.836188988973475,16.919767913284954,23.517815287985883
33.236702346731924,67.40366022449325,81.78086451010797,7.496354448260448,150.29451140436714,8.71882379285657,40.237747715102735,80.18327893120514,16.217640924016063,31.504031014942903
20.05015329139088,55.625729209269565,85.8476669548913,7.8090539481639105,181.786742291817,8.473748901365301,97.37863599748015,30.123410418022466,23.751223780097785,30.24935940981819
38.631430309309195,49.93380815972495,140.6077529667627,5.7230044839373555,54.70859563432044,77.12527444501822,27.13471386503049,23.684989362730015,9.900341340141404,21.22694223852323
36.187098680771925,56.455701495425956,279.8806618507798,8.968536163278738,43.324163644986385,57.47513305286706,82.71584822586458,64.83374050774896,20.903191197617964,24.660238682510304
36.86512627905964,67.30424139217087,166.0997346801681,5.324245445222492,142.28216385092472,79.44130245464639,72.28002957087777,16.783218319739348,23.076841313761207,22.2855365907308
37.94671392153418,57.82876490622114,73.78734065637875,5.465222434752222,195.62490091784863,71.26221597741461,5.529150532337306,13.951224395375183,12.542711484497325,22.021093679563517
26.98930935591128,47.13234173308995,94.5045660433059,5.800148243171311,152.49146920977483,91.21310318021267,99.35174072192136,19.391153072616383,18.363013175780857,28.12223734654746
36.62741591370882,79.46261565445258,127.52420832361159,8.888995935479606,64.0703404190533,89.15330764942924,76.8617402101895,10.021197790870747,9.7369864884372,19.02496706064705
21.477348606416285,64.54538723723184,194.51251319398384,8.947298652092577,89.79153058807927,79.89110258401185,69.83271070332518,71.33513357151773,4.3925358477874,30.65071387596451
18.476119481381186,34.398885609664,143.2092828411215,8.07702187367924,83.02035073709062,50.14297020400365,43.50584722928055,59.47670831087412,14.869345096074419,23.86522211516267
35.267610682604705,53.94057286569816,129.88455636953898,7.330759193518352,171.89805342893862,34.27200872236598,57.74429344685751,28.4690095953197,5.313555445813531,23.95908169598373
19.645526255932666,87.51937471877957,178.12400811171852,6.84028158833076,156.56044798572253,53.167544807240795,29.06073508840967,30.504435422028436,11.711178704694792,22.941909224926505
39.74754268117027,79.09037452799689,87.71379858725034,8.867793805590805,121.90533260468882,52.69680269538324,8.37092348884126,81.36523666536348,21.885543176544164,25.932109482003384
32.845521451234234,51.01104095636046,42.09291632368301,7.630302612862113,62.242230975411616,62.976177144487075,84.42205755236742,54.160170195706435,2.6074455953101725,25.876566554287418
34.575893625326316,90.98190488289309,26.83600815022219,8.751285577467137,188.2178202671907,22.679268939375888,90.16602689971131,71.47049542319309,1.2454991237839164,29.565680482124094
23.40768483811305,34.97918904328366,90.35256577079558,5.9244785976493075,134.12989270613787,67.28388864227392,20.43471047835279,49.84247971219257,15.358707260856246,31.265929998666934
32.82503866623314,92.48025575299228,45.645769560451235,6.001986565213045,194.39056282393867,48.3770877995525,79.77032910534463,30.91918628982972,8.611002501574928,25.738912340965932
18.95083861960906,45.97083101150392,114.1753787858147,8.34626067353296,120.22223627798584,63.919459034381624,75.40950396213758,95.3954464600958,10.739473819684923,25.064799671124423
36.43216583831922,30.591121719657252,236.42139130073156,5.174347142633825,166.02662408908668,27.762458177356837,21.945625183928595,59.77698557703498,10.439909422129123,25.55688513024956
21.731730046694594,58.19752237369124,220.56241253631472,8.75667537583234,164.4900220849601,46.26751491834872,45.07373624460541,21.526407531576293,2.622195610734307,25.57226690585044
33.34187747034295,53.33307792965556,191.05973438064808,6.783634595985333,74.0924675983825,24.969115372989425,45.16200247923982,45.7359237121838,0.5873776006500666,28.764231210087218
22.938571027120023,65.0407853384416,258.70006828625407,8.668862453626641,193.16393736187337,88.15398989189616,77.19660453899861,38.98169225132726,22.511369450174477,27.470967234820463
19.50596972737294,81.79023593703995,98.97893487239747,6.015567549266159,14.168878843537158,51.35629927894607,84.57778604872527,28.839697235789878,5.836064742141787,19.107996762112784
28.592860928086672,84.75800213977905,267.8150508483904,7.721815068627286,156.0550726658087,26.373234479512153,14.003636532180245,92.14271905314284,10.938935300675064,32.949017290155304
21.72429662600137,56.07994997475997,131.78696750737015,6.6729380488771035,193.45584629516833,8.914826095446898,58.482077315899275,87.52095960045823,24.312182018441426,36.18671960108175
34.047767743184096,57.939973340912765,132.25012911465544,7.320616336104629,74.39255862390733,69.19517314208647,77.3661072082441,27.524946253770246,20.75568325859948,25.080511699207392
23.226448554436665,39.63155247141579,133.49845181514604,6.769676219126185,133.1410116802847,25.391247829026792,79.68810643619005,40.989014236885474,3.1443059539362035,28.96054884727641
25.534396237188233,33.090594577275624,47.46642254747481,8.852020278171127,116.82241747040001,99.01030827028394,19.059384820888848,77.0837544670323,12.95871627450835,29.373113572206478
30.483663527818404,71.67897436527662,293.1373395326956,7.614474290162628,154.6863888385395,55.70153547444131,54.92298859932544,28.34853223633898,18.38693614912789,30.58770118550896
24.269302106700856,34.188445660925,58.78189779104457,5.6309353588184194,174.57380511255994,32.452814643563045,86.46807710445678,62.057707909173516,17.610623232480705,29.622784862567194
26.315738556619156,77.69895776239463,115.44800285137167,8.59354614857288,124.57846816691412,67.47935621029988,35.25926477560199,71.58186690698386,19.14062538390952,32.85897914334569
35.94367896288851,65.04085942644609,109.404089691492,5.82313382169797,165.0218714124768,31.145892726618126,45.38610539662073,67.54956466254744,11.707639044756863,28.00086318953064
21.942616690342565,42.90789358469542,40.9102411886787,6.172222946853854,69.33425941895848,82.92605792142592,81.41405857695158,72.16396034424405,4.810111768591911,25.346117558824485
19.80843496860254,65.06899132832223,62.632836431325465,4.95955664109096,53.431541153915205,34.28242483834448,13.485354512457418,72.18956383453114,11.88937487602463,22.383334086316367
25.223871272926424,41.89485157913643,32.56033413190803,8.549849339082858,91.82686101123963,98.88353457761137,86.65186253945294,94.90292094670569,16.373237604745654,30.70176232421958
27.336288874305318,58.517918488176775,101.87325819694377,5.787504104525383,138.76995392034883,62.488754617302895,34.559888089426856,40.49190227778813,15.410506121826614,27.580000826118997
29.938504207004488,81.97142055574488,262.66393872809385,5.665129280691221,45.576920298357486,85.21905914955302,5.13778007615708,87.31595734507388,2.227790317820882,30.027175178487024
26.193321315850156,60.02475407169143,115.04381760646766,8.641181690977293,139.26691650885937,11.91746960995011,27.245118780354034,11.919021501329397,2.0913346350136983,25.534071607592953
35.37805740490171,39.66545568934063,54.63371297886618,8.12487088082265,84.87779322869278,38.08844465168788,13.502560885073114,35.36186077244892,24.14881686330269,20.68543920532182
18.865028728706413,77.04886431849144,200.79428314749703,5.134855146837185,161.15930203960008,75.06127318578422,13.776566164643192,14.281708815923578,4.219233648474391,22.26180106557219
27.498885840368274,42.13994705755057,299.04825537537494,7.961960267566563,16.99880524962763,67.23060664735536,70.81939474354618,67.30594847611394,7.714330368287188,28.24318314157902
26.409630122440902,78.00574183405712,85.05066106893972,8.608648941242059,136.91670118758495,23.45309653620699,25.32775188571116,18.86955262438252,19.307044812826053,25.325393358722817
32.246726797750895,61.15789879902916,98.27988150375944,4.853300481948348,133.46624396349387,38.83927839842244,93.80052448281333,84.42220400138007,10.537088357667786,32.322009819589596
39.25807754174271,59.4932143411296,292.11717519862077,8.213467477070578,188.77774046380972,30.02712371131639,54.06223192617388,66.90006817354286,4.9458889048708015,26.276177730682498
29.228258945834966,85.34327746073586,70.0573605141364,6.963390233428752,145.5398351771734,63.270166127375084,48.70933450571726,12.535755292717301,11.947193366589646,24.278666474857097
39.71129063271785,76.05922908214347,163.1399388885659,7.511388522204603,161.29736032042342,37.73398179858362,46.25693423091441,72.90040815824682,14.439274283702463,25.343529061100035
24.649486688090345,32.13920180207105,87.10259724450657,6.717844525072216,181.87229301210198,34.36015299003323,70.79582576880503,85.85907535861257,11.592781927312855,33.773031278190345
18.67909891593414,49.25133044910416,281.05853141234826,7.640113882073754,138.25986447547768,24.700908141452462,47.9649624397428,68.17864867426914,23.01417884906667,25.561063027702854
21.64458968448108,86.60984295524341,294.82588408136235,4.65344037750039,65.12919064239517,43.85757648689159,17.217033841393224,12.686131002282831,7.475132729937855,23.443528904427808
26.692747465040483,31.19120095543791,248.11539691360431,7.932180254504777,175.2570219208692,23.57274606867259,88.61635716087187,85.49692026451578,16.702637937141937,31.35396800276143
24.95934600214815,65.44147400702808,108.13946842758696,4.6500466403653125,152.03984270043526,96.44411080087507,45.69755814793757,74.45682433819508,3.251220674542494,30.231812219030267
20.13519088163431,77.30866849630635,132.9764930785414,6.548849314863046,90.64314476016976,19.677672092053825,12.030434691452735,43.30371549859061,10.11099371276865,27.96756154892983
27.51852236919577,70.42064555649742,87.84559142659798,5.179342469086327,145.0005428034928,91.76394792108375,55.289768812287306,38.91946273176423,18.654334663831854,29.195061026156242
25.43854697651038,79.43459313678837,269.4122307625176,8.206084248080883,174.860886664417,45.704944324875285,66.49795155329181,52.22417596385473,6.008015044441903,31.079887258962493
20.697622850063645,77.16997017945847,276.07631775268425,5.911474091290509,195.3739049643416,40.897269198363595,31.180334094987064,86.30495408253265,14.94939061853311,34.273203802482115
24.514576873461998,74.98199518495237,137.28378542889322,6.543420950719496,190.9467857522205,26.975381085960638,81.03233872901502,32.18122296452106,4.259207215621978,28.255648660737297
37.501593217818595,83.40009096016739,203.82925957284053,6.429378335842403,71.81228708518688,65.39685176491432,68.62870537354956,18.8848153892257,3.0161914383535917,22.534635334984554
24.645075040765484,71.96989344922,66.35489033691428,7.97625884558118,90.12180560645453,70.12516142602945,66.78241108012116,86.08800082057239,13.319202348663545,28.02613788876265
33.70701931132513,56.15720212670384,141.78205210175452,6.665149619081889,30.811954945700542,49.419241413979655,44.97837052244045,12.31350670150362,17.037769404107703,25.2765442751239
31.465035752470623,60.674092144448196,196.81974986857932,8.050312507546558,57.03341453342874,10.292155090875292,96.38195363407235,90.16773795747768,3.2774931227448443,31.107854177026063
27.39798557298418,76.5871108742943,127.91287318504547,4.830787245612038,177.66002961252056,92.25846431541224,31.047970955178524,36.90557709852326,22.985518183136417,30.069078607686833
23.258564009680722,86.9598919283416,120.12786719220878,5.362172855563478,78.56148599307821,98.13126762325619,59.882022596468,54.723597748567556,6.031420436087938,28.6276254405296
26.1183233856108,47.694222054585424,20.27971783474395,6.981904123408623,127.9050051330274,45.949124445124326,34.36023995989867,21.64200617819607,3.4393950499028505,24.879912911778085
31.02635869636294,52.234991738119604,245.20216985759194,8.761897461387129,136.53346747833632,63.29777670388608,75.75645153229763,89.3984373051483,5.466123254580158,32.871461029158105
25.71657072448581,90.49806076355682,269.0145313660055,4.836410310248011,158.54756227722928,47.778369493155935,9.540190967661538,75.98558765782761,4.654525185030128,33.47055911414683
22.727721538633098,67.60326650661395,291.449788272833,4.693878972705889,44.732005746669884,35.57856683418146,9.359917448129677,91.325691621507,2.7215289400172504,29.97266787983716
20.562180475615907,41.63251811377506,221.39598781938034,5.204478037175351,67.91449557674275,12.345285321491724,82.03179210428519,70.12415649839829,20.047061252078333,27.31338542757085
37.354872634010434,73.14018402930488,173.66184746356768,7.385189079870704,95.1839048770543,48.32643438774339,46.25547530104875,26.253052353324698,12.64067548123072,20.543886156655915
27.686885466541924,94.39954011005968,95.39966554643863,6.295468125016113,79.31980163527197,82.74653285414789,37.412105187033795,37.12749626278994,10.018726289277728,29.159973356585684
31.75458307834446,83.52448169057601,299.80385326977955,8.214985707379588,196.75199424334104,6.61798880336034,62.71505190665715,52.84267460910566,23.790384211111263,30.930615623763664
28.789027945009714,78.47317387584118,185.13079926898956,4.8236991816661465,168.63875261060537,60.30022990212112,71.68043766755248,63.43872207169821,9.589705483087375,31.585966261267803
37.1964634038752,43.5230325273075,210.72314025252496,5.383863390666155,101.14048337789235,88.67335032903544,24.114127950218627,91.52843048559208,4.59083178815614,25.764629185335632
30.03256675386064,86.94908600446047,211.07372534748896,5.85011882459203,177.06103895642892,25.66719585136401,22.615967933449497,43.78772898944423,7.214050852201608,30.142569686009534
28.57719119488049,64.17627482981052,256.6705028120108,7.320285390099533,76.05406004082639,22.409307145460907,96.02432103718874,71.87033792782884,6.354680072920613,28.73648926893379
38.34122178927768,87.80385143467711,22.70831087713738,7.583277106356963,159.30738153915027,78.3662794416846,61.01810910653409,94.56877870415232,12.719161349300968,24.437978014536057
33.8331711129978,51.438808912617155,81.66914332078412,5.058914822836982,52.498363640226195,29.233210956332865,42.06106534295547,23.408917580559866,7.641875536887062,25.31895515501349
20.45409796163086,34.03331842130313,206.3495200476039,8.747121190462828,156.74118859300953,23.238505418261603,81.13696099360311,85.91844381260024,13.143498718565866,33.67594516363143
21.90949814632991,60.9384379628835,270.640806310879,6.034698608355941,96.72614660718838,40.90897880407733,54.89010108390213,47.02213419460148,16.89768891119633,29.52406503867565
35.31670298466772,47.53944431316205,211.89485893797973,7.709259433501273,30.424870988526045,42.28769116567071,27.95796698558523,74.45311628178163,19.543820249974818,25.433314069219808
36.388729065959,76.48990383545939,135.77756161823044,6.858934735264644,61.91986636556064,88.03960098657377,24.639854035949515,35.83137380886336,17.898865641047156,19.72278105945372
29.994198239986524,92.21192593564211,121.23553884367324,5.50241151096198,86.43217856447728,63.75212983369931,42.70163028613306,39.390611207408135,5.536972553180844,27.869895717296806
30.198015013066062,74.91331982485165,226.62544231932972,8.30802745401935,152.36565321624306,43.56633835226099,86.69010672468856,12.38772378838982,3.3395431214474676,26.74315821732194
31.90252518273178,87.65070543109823,227.54655519841415,8.182071126863685,23.866715798880662,55.76685660714785,10.837552024204598,95.48356547869244,13.790028897980648,28.817745930150828
27.66054703421807,59.44656088407841,189.9762379015933,6.282323342625105,135.31392906760152,95.62669716590105,25.759970071702497,81.58382662030903,5.373338884599557,32.25696036106005
32.96438071664589,80.15664791769461,101.61076674725437,7.14873413562235,146.0425917772403,15.75539427794006,89.84942279099619,18.264780297507404,2.580876183402075,27.006393433190258
20.386587666461146,84.79782338366073,279.0433491493522,5.660215631711729,134.24506028589278,24.732974563845687,16.5647840520788,97.95677401841215,13.41381140299572,34.28873163536766
39.1481433320825,76.20691579293026,174.52638379321894,7.604332329358357,154.52723125183556,96.44022712572276,64.814443235096,63.24216455385885,8.506457535140989,26.271788403705123
34.503406123488276,63.0055235945217,241.33785974953256,5.890620656791942,43.852037044339276,95.9458606100844,25.283579971497385,85.1281201408657,19.025650792493344,29.86330955673116
31.885832488198155,70.68129712499892,80.00631340531285,8.298354304720057,121.5496374619771,21.830715020153402,62.557350513629395,15.866147168452468,8.197694948436242,28.088928198401206
24.959085254208574,75.53295471912722,116.33142081212381,5.478232969247735,188.81753996873718,18.78533762690333,41.39489585020205,44.271703707289284,24.478569857867438,26.9862368447952
21.541020724048042,46.45048620939275,264.8822645884559,4.566615402683088,126.04901126286217,45.00308776216888,14.659305160944228,68.92929876271768,19.08381818588735,30.938926433630243
27.005545204236782,82.62265195947401,34.029968383191154,5.708286188855633,126.15390592106108,9.723237786357064,60.335131417640106,19.366167245573735,1.9134839264771224,21.427495100079216
32.55468829262929,91.77109503287276,163.44828715186537,5.35973618906769,149.9235320015211,67.2158355670883,69.88906097303567,53.023449801552054,12.967382138728766,28.872056717345405
31.941614355308438,60.24055548669584,154.8775343563225,6.7872889787621595,73.30880410391322,12.362122057865507,69.62589880175126,48.95565295988445,14.284202279745703,29.169848873383046
26.418105411442575,75.56936690214204,230.344452894263,5.416664812454593,143.09042125109272,10.512814573956668,65.51826886190742,29.011539753675017,17.534916411699143,26.271435384654655
31.492300664328855,77.90668387637301,98.93025576781308,7.934354418237726,184.08442832951087,51.09275893984068,52.52135418887685,36.4237455549586,12.696021527327076,27.460011482931
35.902462502486046,73.04609058889622,81.33871012068785,5.586167871018018,12.070139874815169,95.98973043045964,54.349898601635935,95.10641519555845,12.344368161157043,29.422833488264416
18.578264991427357,65.5624820413613,279.31719485650547,7.68135680960695,175.32147781068443,45.54561392600016,65.38581043175617,35.401066768874365,9.514495986101513,22.29958132059339
27.913663054466063,87.30711704736268,180.07870254837013,7.103119153561758,51.53748293918323,38.86571007275235,70.57463936593089,28.78149978922017,7.150803905529757,28.80905099655324
34.688215026269404,59.18023610247814,49.313079119423264,8.93812435412348,96.6254220030713,99.80588797271716,67.21329018898157,57.186407054013344,23.681905193429994,26.249117757513602
30.015178350194297,33.97169217162923,74.05012542000989,8.999554396541543,171.9460821810012,55.537051274022424,60.75982866677791,69.04430699818622,8.281118406042113,28.17522252131646
32.33247393443954,84.89616442129042,299.67129666398955,8.412867374927984,166.5433042167595,40.64793365457361,19.804703556391246,73.8081937741217,2.0538224522181014,33.08570117214723
29.366880637317525,73.80878270057579,74.77051895061388,7.91992516184438,179.46622084395062,41.65677726745217,25.00857115682187,76.37375223572863,4.5984761126886005,31.70411570905405
39.82123998301084,85.20181072247703,190.93314317903005,6.239053863002582,188.67919060017996,23.521152123183494,29.721281998358094,13.241259253298272,21.5032775830116,21.11378263910497
19.20167380275884,39.00558375890513,137.63586211877308,7.889745272090866,94.95982178663414,53.6611904575162,92.36785742331271,44.65091523340157,14.872519748522906,22.70589496981201
28.8029860789923,31.998941133131563,267.9677465579539,8.805039916857709,134.70912405219133,46.691227675960555,77.14253372071182,78.10831102091194,19.580123459738108,33.21315196474316
20.01116408051939,90.73434512486259,231.44720584269177,4.605199089279498,84.19090369996027,30.725553153004274,57.52234785600343,89.62698495841138,20.31514788042251,32.28596833931262
21.51528236649855,39.60233988028733,187.14639095330844,6.920616150889824,76.6361763235115,20.25130822716718,28.945408211684448,62.99361085328493,20.669292760671294,31.2250891406951
26.426843709201762,82.62740158457936,23.0069149034351,5.4809923697479555,92.0031280135572,34.5676925234176,15.534694708196263,14.603003108852338,13.990035839742914,23.780970740626998
21.42188201301072,83.50864624174133,266.3426580981687,7.010443421409827,151.18446560870842,53.32491613033428,90.3821264680976,44.904830915251544,4.839454594628069,32.328411799118015
39.201117651046324,76.0658380356852,144.50689183484056,6.59901190391501,105.27374195689504,10.541660867056159,89.80327150317711,16.531986196424008,4.131702429785473,21.6959166331023
38.8293750879535,38.532043721036615,280.84174284520145,7.090958616985279,164.671338145185,19.605682715475815,15.516081591090696,75.87133191624343,14.562618299190255,27.695850038699618
25.394412216853283,73.3809105964525,158.75092359917633,6.9793299963842585,151.5915106672696,95.02744036206406,80.73558327916713,15.58848129678654,9.479601665299072,27.761490775112012
32.07444966482895,87.79062791624627,214.38285697116314,8.82048167625853,13.890907613635871,56.5712583479772,47.431281584441706,26.3443338726956,14.1721819105213,25.171631584498527
29.742573053063296,57.65955691205741,39.4019418506598,6.984837490206312,129.7452498501707,11.027683847703598,35.776858618901315,46.69234130890013,12.712707183827687,27.60242303991681
35.94291357134691,56.87859553460893,228.64246298750004,8.308044396561902,92.9485134286323,70.84333708310943,75.21493093982718,50.71305630610874,15.253852952589938,24.271576608855884
31.80380341597273,58.785790122662235,114.63888876733841,5.93919129060381,96.75950793871691,10.8712726575083,63.3613064007694,45.77038962772108,1.2867388730458509,29.779091342709737
18.005553998792365,35.347672893953415,118.38052401289863,6.47145309955972,165.49088023527997,75.19305156940543,79.10286022136705,50.778904901328,1.3044986754380221,26.78887977724808
34.789836483414255,87.98166198694827,53.223636518629185,6.616860642201644,114.04551735608858,76.24645856340256,12.061241760129024,72.76504537777758,18.179081685788464,28.74479599968447
34.430658668514596,86.49688615873318,61.120001619256634,5.754276195009209,178.26814645719995,66.852502696179,35.265766895958365,42.495656420087656,5.231617473656636,27.717589929102306
29.213899522462583,94.8641059163686,72.01253573773883,6.209056176650798,145.43306255442118,74.55943173883823,35.335100789589895,58.202040405254486,16.47886232370538,26.04932980211398
37.864217411127186,68.03690419739686,111.89772719999826,7.193308857600488,115.03960166517004,13.356749196240486,36.326543767337725,36.69649466252844,13.891109814390635,22.410981224575945
37.98581652518884,78.82745636934007,269.75157557716955,7.1108449348703955,153.3622154687097,74.04415247375043,52.735587901161516,41.119219567962475,24.553964549413273,25.621857054297287
29.526056887496736,43.17367390997481,123.11286670442253,7.363959050580663,17.286319675827386,17.98539037376888,31.88631129269,64.01430839570311,20.967444032635026,30.602317837900568
31.375741086323828,73.38937318457101,222.82155783770116,6.083180619390635,15.14589441735947,37.253061190825164,47.216442958314374,53.16352934405776,10.62179577261806,24.64535489760927
39.92348558234279,72.23263516923039,43.169301089163994,5.921241728188757,25.83637211496189,94.56079908256012,39.9388713459645,73.62719394761675,15.602114092282543,20.555108237231455
24.574045165851185,88.57856782970481,185.50766379615794,7.252280472393734,93.1374117779571,52.77317037761831,74.85312456194858,59.327395748553975,3.3735917020240644,29.644370799065435
25.1415793308525,84.00152698453982,154.92954475572307,5.097877867923862,54.73552766911919,96.9055110478863,62.33257558912976,80.71451951378081,9.966458052578334,29.232960421363835
22.02102585859692,91.0003200701546,293.82822514726126,5.63864194589463,197.00964593899906,13.447633594240068,67.09479607014497,49.019922743535055,18.480249656701922,29.628007271990263
37.709072661473094,86.47417572560448,256.93817556610963,4.689574816288478,113.03512641215971,50.36787695850211,25.00546993785122,53.21095854827853,15.755453811152014,25.22995902279618
34.378744578883854,86.46510316842537,147.3523362828219,4.826748836682361,135.8589917554201,10.928220426302712,35.92270570605449,68.95747870328267,12.369547447245267,33.60584208512817
20.32414267514532,34.142016234766686,237.03997393269486,5.59522475667274,62.975825886872364,64.86997492793205,7.010717523147057,29.4694671082603,4.8249630492903925,23.569338551915063
39.598881726355245,84.98752692523713,74.0508475622577,4.587881761336136,71.14141263164566,12.477165130009055,15.29559719285114,43.96179924995096,20.177075190859846,19.684057969156445
34.08115757954455,69.48609564270268,177.45417166969787,5.604347664393577,73.73776368681962,21.659941241335844,30.180152038944296,64.98602947303029,7.192581808083634,30.368558144264394
36.71148641130944,54.72888936478748,40.893335559238295,7.447393453779117,142.75978397855712,29.588879456581644,11.219053523692,12.541111695384803,20.601737500716784,20.02880557350229
19.05931736181042,33.67345058522405,117.46492903047127,4.774981853110199,100.00417946096861,76.1306659081259,62.25007803369673,48.45348615978686,15.48442203847734,24.35505349660588
29.10914021672769,74.04879535992303,83.24141085420769,6.465315050075884,108.35989398071413,20.576401287717104,99.8223610127634,62.69879439493828,9.631919984745291,32.82520525611352
33.36916230799486,51.333113784945134,221.29474829105905,8.608989541137973,122.48056661027562,85.43004506284144,14.577445336211909,95.1290468140814,1.4948279380197917,33.10329496732072
29.94482486058051,60.40545722409226,157.2253935400212,8.060781730164305,156.07421468526124,17.530874188926084,83.01687020358018,87.17745742235506,6.194261686437233,35.063670073081774
32.66624424538411,74.31234840858373,230.29973407744293,5.874468760326858,27.170252217370848,8.348222661664852,16.28754349018898,34.70529185895391,22.282237674460017,25.350276887544776
35.993229398990394,89.26534555656929,164.28272253680476,8.661624656362411,157.6060433215761,42.52931480211844,68.64183178566142,54.63448915454538,20.540371425445077,25.60985441867843
26.235415385124316,83.65339951432489,44.215643802458786,5.983409235364762,117.01466308628417,98.04695598727304,66.09997229060663,14.964464794088034,14.583906166885399,21.718377831554452
36.67071086361162,59.28881339173399,225.90294192510748,4.826319733519031,137.12813452249887,15.482511639933836,90.75810880706393,31.186388503967027,11.92490036707211,24.58877043159083
21.584154304836396,55.20590523401463,253.30419391658558,8.97325180545651,72.23483531974478,14.663252183764758,15.824833299648676,78.18731638999193,16.354995643587674,30.519017723632487
23.959493210580245,45.58568302486309,272.9887432555819,8.415101372351273,87.78349899512534,76.36081852558428,34.96722427778029,20.85163308023032,11.923079132160886,26.96053222010078
18.953603638401166,54.20773882643793,180.1577446858783,6.596697524854916,53.921505734244846,34.655360929388706,13.624077233695143,32.67676618538818,16.285468597618937,21.22251846258834
26.017389849375526,37.21801517397339,231.00390051985863,7.4986943588658175,196.066999509307,73.14175363644311,43.70141595142121,93.0757401527511,8.031400441673869,35.247041954894755
26.358009986130646,93.12185804370904,230.5724143271356,7.5205263503550155,104.43056477696017,24.00100599711952,91.60135148795726,82.4993104433363,21.043181838831142,32.284707091789734
35.71595313855952,67.30463385737264,63.60993274370442,5.375170038287072,199.2546140013536,48.70683944882548,79.24469935087633,78.80083871310426,17.696988389899033,23.7971822321186
32.368874746372434,38.30737978168884,65.98179248867982,5.400218849191345,103.05933583164061,30.2025383861472,73.67550954230532,86.0810591465898,8.58440289647845,27.542520299485478
27.607896279424665,52.932390602283874,39.84794162655531,6.613113165083216,51.75274023297279,47.89518041351325,55.63761296195669,75.96530041924714,20.85131981317431,27.0706257426872
32.34650752972246,65.55754433534264,109.57581783928441,8.602079130619641,106.41595538000277,78.06422379560387,88.93114552187468,20.611587018404677,12.439892005902884,27.766607005182415
19.161233711345204,64.63756638165653,152.58240456749806,4.544971986863569,17.523158641824782,77.39094434537786,47.69697083292619,55.45739673070036,4.778652186067807,25.581398240963296
21.965973792404274,32.3077189667111,299.41139877118076,8.021275361772117,181.90626227017074,53.99836732900374,19.220138374560634,49.093465030604335,2.4039553190864034,31.020088732850358
31.79285281531861,91.80466722489224,140.67813577908748,4.758870526715944,165.5245477269438,93.19532515349984,84.57059619647403,37.38133888779345,17.6403408171119,30.812295169295165
32.11007002295665,47.8994192958714,223.34792478206384,6.65199951697403,147.9058989319141,30.05948973258603,31.565641164914048,83.39555605532529,21.69545970309626,30.21048606091805
35.0309624915634,31.052003480572928,214.15116735630968,7.370427748830644,125.8670759340674,27.829578356327143,10.095186397322566,50.84424980893256,20.28232872056632,27.60431527754693
26.865994699179247,34.96886058176836,77.25494607016228,7.590416701871092,120.16850439736899,63.3116081116662,16.97361291353518,15.306188919464372,16.56345024044272,24.53639451819832
33.896190125555435,67.71266871111851,36.382002405842194,4.763156686271601,199.37836067509795,64.02321825059497,62.86059703844408,34.196971367383604,3.963688862316817,26.648918156154476
33.04756731632417,38.956058843881294,172.88189042940448,6.3837162782278565,62.81951246378821,9.42130375867253,62.67278657251139,30.118653106591168,2.804079861428012,26.41883842661617
39.19465432413668,32.71211153547771,216.0855658480533,7.12726767226046,158.1400294194598,62.738882676755274,29.717401252793277,88.09814186339295,8.953225763787271,26.549852240672134
22.732864981342942,54.675720316826244,299.5105012521517,4.797204917877031,120.46690634059492,40.571434948156366,74.08211405486801,66.97455285623198,21.445316814769836,29.5353721617302
30.13695040255807,70.47947750211225,120.4110946387278,5.107925504678894,195.4173033141882,76.00703990545311,78.49581476295576,59.31311139762261,24.062538622513273,34.51904842629369
31.238817726430327,37.26958731470481,270.9820773827071,7.486420452768173,167.28260482666795,81.77003813180093,92.44774948269374,54.58513326772604,6.413340943753246,29.228956100522424
39.970253468552855,50.36630908983551,126.9410876433722,6.847371884657933,199.7197714680226,57.454612856968474,60.56906237443251,67.20994642364897,19.17134392925214,25.85878950645285
22.426051127666337,57.154443655595244,213.03527836054357,5.2282289757073075,121.78174894786481,5.161977992715183,79.04521959401941,76.42904811638698,14.55979581422654,30.496628099154883
29.51079643928043,40.36490635613987,187.51082054477456,6.9085770161163005,48.86335193353766,65.454751965831,76.5444695783052,58.785854113172874,1.2792804934095972,26.88286423828267
25.616076769700054,62.89480340033616,34.83406212472714,8.60711568049987,105.70053678199943,76.14372156826376,29.491859604383322,92.56911653342974,13.801450573357025,29.542499920582635
29.569645308737996,35.53891564861511,41.94875955167238,4.570144131489138,145.11111546960916,28.65341029199385,34.47146315407764,95.96140701723384,20.245539873239203,32.21250063976875
23.10682924626833,33.02370226242947,25.813945122849073,7.391851980686345,157.12847337450174,49.141370108374936,50.45582759652279,97.59012386157643,7.26500819192865,30.0340408870081
19.047472325404737,63.78929886508376,123.83354368631706,4.831426955724039,10.096897913029277,96.74402922411988,6.808701915278608,68.90641768780074,22.48535978727629,21.654464953643412
30.596439985749157,46.11330322880691,228.824293654483,4.529022493341154,105.95514681543587,33.32097757243983,33.25278844998374,92.0706010745173,6.288379968428604,32.922542991792085
25.38879494893831,36.19929751337179,68.37151031740235,5.177945198972852,54.694570194422845,26.199558848965374,50.018872967702606,45.59421318710001,2.3735917497793304,24.65776695233674
22.00271083846554,57.554318186696094,189.63883114749083,6.403079843342637,176.2332483184098,25.031205095410964,15.266583051708654,85.6441304297699,4.418513081269319,34.88028222587223
25.126582453716743,89.48414806863066,100.87177840870181,8.110547995418788,39.05203436954342,58.08607926362965,16.996209338636916,90.00733828909192,21.006570283662498,30.299865301564815
19.08416443185039,77.07250903252007,243.1579347141402,5.768034734720514,136.62668741921834,95.22977462426061,49.00748989504741,89.56436156524025,10.723995016468443,27.507447504163576
38.90972914998227,83.0150344975568,243.55092172083747,7.315529455749414,60.55181616173572,62.82556227403369,74.44167800066346,83.11447289593758,20.025166308730615,25.635898608094816
30.78525412941173,86.67440926931137,237.1160641905986,6.35020487079888,77.74300721071172,33.815696422577695,84.2061484374649,45.78072622443004,13.51520999424508,28.35082440799886
35.92491098963455,93.22080319076723,166.9533838643855,5.554493063847036,188.7062595438005,65.66412891640815,56.89982026295112,23.98385841430462,12.27369855746357,23.103991347983992
27.30860034605007,79.61102727842125,99.67867882235848,6.8141120142728635,55.6851438275351,64.36001827178981,50.10115381693946,39.388159358311235,20.2693722115654,26.432789463146587
37.872922686456086,69.54651492606618,246.6443322860177,8.088590206676805,28.050524746356825,61.70788789431715,41.50665400367674,77.52139409823218,10.87544648695321,21.987155495462947
28.633000874149573,53.75268221964607,72.10815734298762,8.246215665252649,23.16413127440291,20.14548965438869,23.33015428157259,30.493924997037823,20.149801911126023,22.054715811570908
30.626797088414726,41.80681037625155,101.13268856802368,8.309337893447566,105.87687091889781,65.28384593777444,18.923390267364645,52.08794170468557,2.966223041604417,30.35740765687543
28.819467561378453,74.63289180891414,71.50535772497406,6.023510156497407,131.92518163401473,45.86562298887747,80.23016290787177,59.75515758265114,16.089614980711787,28.694284518345714
34.13212250908833,94.67174909792622,208.77884490854134,8.070552291220888,72.18579227846857,6.76624556918817,49.17563006017194,63.139553494533025,17.713382885523625,28.788210589745063
30.466433707245372,60.378314500229735,212.14608787242906,5.454803047990086,141.14935094068537,56.27762627901204,80.0804233205767,92.34384825733427,22.527886205472694,35.15972387667309
23.97517631876875,77.0391589260325,202.70279798029085,7.822912955592975,21.596406528915182,98.98034079574967,71.88788841055982,68.21138579645995,5.995936008546776,28.845782886744566
21.201869689098217,62.18100924955515,136.368410722107,8.767729918226774,172.89358253534658,38.22526113017844,23.42011186642099,79.1942958148026,15.303387062274863,30.786645758167218
31.334736555425508,58.07567251862598,48.0478820164013,4.561847256109307,165.14776985045518,96.72812574027253,53.47919010006645,61.20529461446374,11.114785810385964,25.720802881484822
28.7619591540348,56.66986488139449,275.1274836642059,6.481637690304591,197.24429156449628,14.139545457946483,47.181579890154666,83.35506805985277,9.877905560828712,35.440678160007735
20.111465327314484,62.800604390560345,162.1646699234267,7.414969447863021,187.93594637135064,74.5827610073941,45.26798307861619,33.20239795013913,3.114482102692958,28.855405175546533
26.703584247451907,53.84821802124938,133.95221457510561,7.657990967193989,77.67746114459634,15.861349492969357,56.54424967436231,28.469235106853453,3.788716599576085,25.009991246831333
29.32508128400998,78.6702659184175,184.87097010952212,5.29239491221141,85.86232296295967,30.989299487751047,98.2977806021666,91.51616429070134,21.006217305467334,28.649625345361997
36.191651144162975,86.82768172844858,73.98132202934963,8.874824738573668,151.7333210208693,59.22987935560182,82.2255567787208,71.0263171194493,18.86895909197627,23.12319762366062
19.67422322833397,87.38754493193697,57.11365814936483,7.268694155869378,35.47572667144681,61.31407092779114,90.8526810048872,69.09425078112346,9.867357692131963,21.844180884413355
25.666897661412065,44.80041637267868,133.5470620082242,5.239532705527205,69.66279494651863,78.64507513724627,7.8157604017235665,51.12198099930359,20.797921244045956,27.436477662805352
36.09843469962848,88.23409401754691,83.62179434797494,4.5923513027063185,32.52277802537317,63.45458368660673,18.331954845288067,43.149358817828926,2.478771528177672,20.52253652573297
32.26532649897473,52.20083007058183,88.40128247040607,8.024688894553991,96.42842532383796,61.39339691615327,13.052547721333532,58.90082511412022,15.806960967312632,28.816570862696285
24.37908307968331,50.10499825654435,269.90321657798825,4.858671327504566,114.88081317821035,91.67354326396814,30.00694548120128,20.609838749106707,21.770313291500063,28.811191392210027
36.59737268449813,77.23914373088533,168.61256961203097,5.134729144816064,50.120489292922954,47.955271459869934,46.9797867368318,50.01470537531348,21.05217366026561,20.914113789370752
28.85245877237923,49.80526210560881,155.37133801053832,7.086735120850608,15.06002051367995,26.40024897603023,65.99505852730951,50.072357992962324,9.633177618575566,26.344437504076808
28.963741608830134,33.442816364631156,213.05428624400724,7.215774765523289,146.67760803259938,20.369915577244875,52.578970297227194,57.37361313909534,18.758229399896234,32.339577821206
39.48492146240845,54.285155200170024,286.4334718294871,7.590992033665794,13.800981240972018,42.99948669690248,90.80247191674827,65.8523340643138,10.972969565237,24.285470784100173
38.836563071200324,76.89526402329268,51.41559805175795,6.270813056986293,194.94649569638767,72.71151174340109,94.28631609491705,94.24401620671186,21.08338502755376,26.707142931133138
25.887719034136566,51.25229731756147,253.38967879059203,7.982544010350703,52.10537878105514,9.041631068340585,20.534490363758596,67.39088318407461,13.503667778798064,28.4607090272227
21.09274083058781,70.92133863968452,183.52537036299685,8.8846136982715,136.1410175020953,17.260071718393583,86.02672742515458,87.76781337190022,19.238997703073508,32.79000264154457
25.16466811011807,72.90776387710348,60.92629906731443,5.719927243859473,92.60282798559794,15.080778709845745,50.7636093812636,58.95473980928641,2.425003766145957,25.76169214177492
18.670631726850537,77.69284076221315,103.20180923291765,7.663628774420756,21.33803346405037,60.598764539888585,48.06629977515151,65.1696536712191,14.955636304417139,22.35125376637241
18.456893507628607,88.31348031021086,155.06119661012707,8.678108935778205,99.71488526054881,28.072141800470295,79.56923810603398,16.145651873642127,13.981962347998797,19.665863642149734
26.701486997531223,58.11669245244804,213.52960048167844,7.5882904317766915,108.18452051639193,20.79464568863267,13.848348359263275,21.72720761382857,15.444429682511423,28.07801041399287
38.70243609933915,40.818084983059705,87.92996474696662,7.564992743899168,172.38980953764502,61.31321837558712,88.83684710481891,61.01099829738348,17.54321939393196,26.238066856219376
37.16986150710857,50.73017150307281,169.76606833092515,5.50697656088343,149.14632323310062,77.32444196797603,68.7320186820234,44.822732556306576,22.993669765836476,25.04051568487058
29.251742346187704,58.090871586309085,211.7080556764413,6.908085901438618,25.067470203143408,36.55471706300311,88.1498527275098,80.29532574816416,19.749211003512762,30.15248524261811
30.434980385758273,76.40294550632734,145.64741023730176,7.031352796220611,49.740909852130365,59.929437539276634,99.47536988222417,57.79965298892749,5.881130790155165,29.280168677869348
18.130536928413242,30.852938161506177,261.64726911364926,7.650583031051788,69.25866000084007,14.321819253948718,54.21042297393907,87.64161142771773,20.734458597656353,26.014423929255383
22.74102542834284,50.52604992359213,263.44854879531323,8.985696524532822,32.117460428315695,93.84314789346915,13.859908801348253,95.56518770468163,3.4909521015698433,30.565078048358984
18.545030792556442,80.68976776625559,151.7935409393248,4.65139720144693,96.8108234737532,37.00513760490342,20.819766978434217,22.99189629069068,15.743865349039204,20.552647678643634
34.599869719298525,73.60575071649521,292.4191989144919,4.79354697570369,197.01874626388175,99.76304085148261,35.74373304265944,44.74484214569514,22.12746830202561,28.399008596822576
21.20420751258295,77.56309828306433,41.16382587352525,4.850775312439135,107.77643033517471,97.9658368057293,14.837529502797407,68.51833022094671,2.9774903282651466,25.95394526844486
37.11903625448997,82.76770001354765,20.941465930422254,7.843406105200305,150.95761198140218,78.98822768690209,82.45747348308814,36.883010475230776,21.317470006101384,20.421666495996174
32.15313490086734,80.91032172706755,126.58711386509734,5.113592077998408,139.75818156287576,6.906374063661838,33.202445848113,33.49884571949157,20.06620798864102,26.070512062163626
23.04721088334569,74.34190579993057,188.3071771843026,7.301033435206554,171.4831726675062,56.63011743651451,97.7091878618872,81.60899333533763,12.842498129057233,30.884954063973083
21.469846975831494,58.57799960408839,196.17604408590503,5.9610099505205625,50.987463188465796,13.249459941801092,71.74618603352629,96.27330527716938,8.0679912562374,33.284823524895636
31.80774342030717,93.93389137708,153.404806162272,6.5579398029482,153.22698972167535,90.03811246634403,21.475885174277973,78.09469314977837,10.433236587752823,32.64838447369646
37.81841356621112,66.98975771335479,54.967327707380925,5.4704842191783625,177.4574956580924,80.01544400150327,50.22405145967433,56.08354280676199,24.23212432465519,22.35807824539753
33.80392481611639,43.17999860897454,67.73930610061038,8.39747952587044,42.58686636624612,97.37233577658988,49.354001055165504,48.940988411187696,5.441590125720236,28.174378088576777
25.668026335274305,49.032835581810986,258.60143547856256,7.137676458733619,75.8924217597207,62.79638054923056,51.788607541695214,57.488999406672114,14.700305051832434,26.644593809658637
30.922439095910235,75.08155963808055,263.01511688699316,8.750534686120137,194.31933522299667,54.60641642601211,55.89066121107888,50.729893792520755,2.539398323027754,32.408195122554325
24.83675729819327,90.10807173796513,208.69159060100165,7.085683123669483,158.34969073616057,54.302516314716826,7.961442820184432,54.25414899713879,5.838380072634719,30.340126610325193
39.9812904691305,41.61680839838334,205.98103223808707,5.05758613768626,63.69225818213115,41.712595573162766,70.19860694564423,27.903868446572037,19.201251507825756,22.683725173737603
34.474462146160725,35.352522223476115,187.3509958477861,5.268916952273139,117.14893623245251,49.52555638676839,51.28321865240211,89.52929153922084,7.913676488832916,32.66875262369293
31.51639607464858,87.2995181227304,76.8192479965567,8.950832893655313,86.82196334140097,65.36419539785828,80.1417128925264,76.3990801340476,24.651268728787,25.03999808418394
27.311701140848243,89.49306862933423,139.9101960727729,7.765043387988905,103.09338350215468,93.63002271784633,82.4582094597409,69.92601319700336,12.77001755579908,30.799139427141604
31.59935038571026,47.96465744553346,214.85050240974604,4.721754375130903,77.48157636423461,61.60901213432295,26.900836589213156,93.59339744575364,13.1552134700397,32.540437104904385
25.515553374281367,54.52357208413059,170.43063616093482,7.667014522655991,63.072893520764715,86.42601452014989,9.600179910543892,35.02670120832975,1.3897111137255138,23.775616019295054
18.635026468076678,72.9122198373608,25.20249353542777,6.354778710643252,138.20497786436957,86.96409157373756,71.80721633067064,17.142028158638052,23.93490536464302,22.051534250681282
26.691947491845923,51.44545135476086,286.99590588162755,5.882437740704358,157.92294486636234,54.28910420558462,97.88746490406805,82.70020211126919,4.76871930166824,33.24128645748794
38.47057803075707,87.01531603755345,256.54849472020015,5.193273571787405,176.0518533219955,38.00961594227405,47.4325087251856,97.86069280113443,13.689344670855844,30.35787410073541
31.77862408502505,36.99261567640107,92.9526039507266,8.279567795504546,39.51269379045573,65.75951796654769,29.6632169113916,60.902054545777546,10.194027943988925,26.91412415510685
19.847025467559835,32.46884436241269,192.60850184656292,4.787286205450953,166.3425494925957,47.35834748191006,19.883829985430694,15.175226136316004,10.68182516824284,23.57679536397562
37.46985949469057,43.55160343828132,278.5070274438926,5.804259580708381,58.412156650642075,12.736882395583624,32.30733175210558,78.68118753363483,16.260854067884658,27.096994825048213
23.915246685513328,48.59570558332298,46.88308339182238,5.87872302221567,91.19391408290961,40.8918645410812,36.152357380287725,16.489916298434057,16.721172588765697,23.523423927739685
23.362928847820005,37.34022843377688,160.84825462307617,5.224073777835752,181.27430031135685,99.43685311468587,45.268100626274126,57.521230790816745,4.280071064023373,31.21312713171133
24.53600131316706,34.26987790714204,147.74804723696246,6.786831974790916,96.35568418669438,9.608627652497285,67.26367670538572,34.42285773052638,12.739873001486359,26.340560114828374
30.698449194771065,79.11450137761688,134.85740147938907,4.552661820649017,47.44207146842008,71.18335663058804,30.95049032762157,90.5223566921308,19.866697503975494,30.866319588063874
29.983138055547485,40.67797678364673,253.96481049001898,5.854389819346841,40.37504449505238,84.91292698176848,9.842792529524218,49.71714676683468,11.360518847029624,27.016828359858902
28.811102601703396,89.40494293930976,126.58092107528805,8.701332498148787,99.86691566390543,66.62896083016098,40.46146809940836,89.0647746661127,4.562209535251213,32.98051374265615
33.78581099727779,53.91997799412624,37.825733307482125,5.897383062039026,154.90776055554528,59.12608196051255,86.28481353511219,36.31913550240195,8.173815107338921,24.72887216362696
24.963830089369097,73.58937763188746,38.434567806004694,6.122067241980382,199.46897735511723,72.21766961298196,52.34339353092896,44.087907376278906,5.70329932057422,28.363388219459992
35.205419474593484,44.65113745997201,31.968489826890515,6.629242717053322,159.60763940187135,45.78756004346729,96.65445698581394,93.34648856574309,3.582527963913508,24.401393529202387
21.85707692432918,45.62097995197134,134.56071812473044,7.027620186831636,176.63227219914216,13.679365044343292,52.844045453429516,27.715671681983913,9.750737622166167,28.35637034730153
35.2176573596942,67.35609818639239,221.1537577555408,8.139188901693348,152.08814857762871,96.42531665882126,31.21038760757554,60.90810134530077,13.75293795835284,26.838477674695863
32.60382231550622,66.4417901344891,77.04228934054433,5.356445504202079,180.13266914366014,46.06857314849863,23.364829738295384,44.1889089132898,2.282412369277478,26.08207101595732
33.0305828100469,79.96739982078529,201.01118572083385,8.422858697366507,24.495773229643518,68.21197753096166,70.97982719462975,78.12668588604801,15.293672619590494,30.715855068943114
28.59417473679972,79.25786487012729,212.38477218903716,7.908972107147502,186.68700380651265,55.47449150448305,55.956222148856455,21.37808066307945,24.829098784155384,29.273477765683662
32.674033718979025,73.59470470313798,91.45659472436742,7.751926505976998,85.31716920787467,10.193941837867683,62.37989825456694,48.47491727241083,24.12106083449205,28.17791075588494
19.755535024308063,59.193486783076914,188.1561436969762,4.890620581715859,185.10670242328447,95.51092709429116,76.73704498674246,71.50607116238317,20.81475030897939,29.165294543490027
36.73412457508608,87.8916251082401,211.76313520751728,4.5973831048856315,24.389239117300356,80.29103648086071,73.96082910516483,45.817428680542065,7.025357263658874,22.269855589755046
19.222039136728213,70.46760186438442,150.65181438459518,7.1730571540863775,145.8961618530158,19.164299974592517,9.119513515981563,15.150793056233148,1.048986113744499,23.783401471436992
21.272313217172943,94.36290188005322,114.28064723842662,8.384102831354225,149.78086224733886,98.25664324738534,81.24433100302768,72.04987899751026,20.92177172062985,34.44980495206337
30.689373586939197,83.2590381657333,193.36243444081165,7.129986588632862,199.41306896657682,75.00563035631225,55.60681416991259,54.28145283627851,1.865145683478474,30.96882607368185
34.26705202004722,32.88013773049121,293.7971844518559,5.459556894504889,156.0825014310646,49.87055679068934,42.2123104274034,10.995164427848849,5.5378879960338745,27.968695658890294
19.677534415617576,50.83860396022065,139.51559462331386,4.90733954077146,82.68900410496526,63.08015537315946,56.06434549546668,63.91371878009683,13.839103778446217,23.81052569652274
38.256825910691035,67.17192157061186,129.6858269598339,7.648184037679807,115.87722480752362,15.139984791386764,63.18288760344588,90.9495299825332,4.870261959019268,26.044285280490833
39.41936827361537,76.89551996164667,149.99473267931174,7.747966247930143,79.64467825165214,58.23909345148304,19.203099438010714,19.77028344262863,20.927814116816727,20.881326754363688
31.330903806169644,65.7718723545262,41.3411501646135,5.276392653091989,47.24354260792305,11.997801841620642,44.65446255601228,61.97906868080687,19.540412558365812,23.859295926998815
28.587356018290404,81.0984774600418,174.8857183079892,4.6268564197344135,57.21544222543197,56.761249426333684,36.88068996787746,74.12286159511147,19.01635289056262,28.66772610264659
34.310689390154494,48.372617429227404,112.0352684208338,6.337275809504387,52.182001512120976,57.50609043246462,38.28884975771365,16.22808297234688,20.495126589490624,26.229035567011767
25.22386175119852,41.95428333013363,53.99819425275349,7.1222341595986,114.27491273101046,88.07168459027068,13.67681914869428,11.990160318448396,5.882693616482996,22.474237556922823
28.85181755031234,33.50458444633506,150.55188751286454,7.6770108430523605,182.17052056105973,73.88046252586793,20.185131360021888,50.84923626475536,18.357863215668857,31.777120443084414
38.15532258991683,67.26539339714893,20.94751624071368,8.144752541188062,183.41805895679553,28.707477260436406,20.37404642069103,79.62442847662402,9.204396813498235,25.487433364292063
39.02441935531374,74.75896884390718,132.49986864557252,7.247418422880296,20.40511772990685,89.4004835078464,40.45635060605654,24.143308088740895,16.837696609425787,23.11629809472608
38.39552055312607,51.1997316127585,49.60587501940614,4.998962738693183,25.18088618085977,59.45805316056055,89.9766967631052,83.62407995491321,3.489532351463782,22.98005004837432
23.773857473204483,69.88297201563198,26.801956951938482,7.571617524640867,56.57262086274527,62.606050464533205,24.572600332489554,67.77879847727647,17.786871211580614,28.225083400855993
23.114318884768796,33.390220005466404,250.8530129484606,8.92879489302697,58.461295969200236,21.053230076106942,44.53828822910643,39.23124932538674,24.3166393335691,27.910552860106264
24.548619130444912,36.45406750929224,276.54966491913774,8.575130630688317,28.02894329545771,86.48849161706582,34.6028944534181,55.39267026733555,1.5682089503085481,28.459082738913107
27.708844472546126,75.6140601968024,78.14890154054987,8.422510091712807,83.8080348229537,93.44168592657168,79.80141469237712,94.97059821595299,2.7988080785935763,31.020908116905286
24.9116830814232,53.924530839124415,171.00351387359316,5.859765690112534,121.66782461134457,78.62411170201628,9.762011070477534,29.046453415645814,3.52910079978134,28.760268964276456
26.232681506259276,73.63671202169536,97.82828399667578,7.878546794043003,119.8508181138981,94.37148300127559,23.671622575909588,53.95911500147554,11.048815671061881,30.028840981832147
31.65401294665671,84.06187281819467,158.201682828211,8.329965506843156,113.25163943913262,33.71849089162286,25.010946523705467,64.95481693747062,7.624114530859815,30.76990014267488
34.775564896067465,85.4204584359476,142.25676985036486,7.552467920840684,74.34766572862446,86.80632099446326,99.33146602975697,22.14528528185863,20.269543761746995,27.0659201048668
34.18228036189417,41.19089695518932,95.33429542253599,5.627527904555913,144.22658021015033,51.44484857205554,59.22362670679884,13.829943798851248,12.107787360423558,25.983866828921283
35.91731847574134,61.60856220283752,216.11020229788335,8.792252873437313,167.03194878640355,20.572134279640565,18.20103511643423,11.184475857969474,12.371164895869533,21.16469784515758
18.708056870738847,77.70523703611161,55.41746860967118,6.528687351564042,75.7921106307076,68.53605690817311,30.85891823127372,38.57297138080143,18.067433482471166,21.739788821637664
19.050143372932634,80.30873875734918,34.8603790079828,5.0841250139964576,26.25171826689778,69.99142571705849,20.943098941677803,16.507361914668152,9.36824007212577,19.642243814301402
35.366425135149846,81.00393874737705,234.94912125043817,4.9940005277582635,66.30274770745274,32.25782880688556,16.837434113847557,80.73175582361809,9.153577561801356,24.391271732423256
29.7277340911419,44.83087673473799,206.46040874179036,7.413835442845706,36.100044369231526,7.611866504619156,80.73229269874979,97.76411839023365,19.04469649687327,30.539638709943766
30.719094822766646,42.51476315204527,159.58731476099143,6.469693408875326,98.79815817316437,23.985489613128518,52.09649972273371,15.394736312632833,19.611022773000737,27.92132629773013
19.156910924716296,68.35081043779024,150.98113573231163,4.925177438305337,39.62767875005487,42.97886702901924,64.96496300063423,48.079912282142686,0.8527699270540781,23.439226547286108
23.61690362576796,78.17057685298428,159.27518625759933,7.831640574702426,97.94050395501569,20.91847655068751,36.46886846423962,12.264426822466579,4.022866658097959,26.954606382879025
32.04379470748051,50.74406850972257,142.3667413076284,8.09696325266379,51.99054954168307,23.432845082762398,57.60103317639629,21.791198386639163,5.720905438137755,27.128008804044377
36.90200158243488,36.8058351960574,130.00984283273016,7.764370338539031,150.35891003785656,42.182113116315605,29.469058089751226,38.417185360139314,9.114211484567969,23.719454786952166
38.17363473799085,76.58851488915504,159.9133688081137,5.410173949578058,15.23796575881067,96.36972835931324,34.26344611818231,44.64544274907318,7.64047804408285,22.371349622587346
29.009228908371796,49.48035903970029,167.98424792473293,7.603989551982313,115.40179772806586,77.60313396372659,66.96260471483964,92.70089928572033,16.878741185512773,33.102396123466086
30.00043312024035,40.81357708026192,213.73264794341387,4.548252613024733,42.20277223481077,35.37609811652359,19.283261962326876,44.83363917060684,20.789313228172475,26.143009177976573
36.327091883517795,39.602029345813555,219.1380050055263,5.873004628552842,10.188454249229142,95.40238654726208,63.636076620908874,53.67243399705139,5.206131067722592,22.97020021957225
29.8277412164418,50.46912058923656,125.7361424392405,6.294696891333947,175.14801673231335,66.3364452645796,85.96230756019709,31.611336408100243,14.293011484747735,30.888433291518787
29.370887561820982,68.52407428439346,135.79134636817685,8.258611269984756,137.59027968467285,48.267716240813314,16.44020648717306,10.011012210578643,9.511498151485382,26.051486712274706
37.91184883074098,53.296145515098075,124.63520752614245,6.256774678812319,28.799136189599448,49.488518900738974,90.25882165414801,89.1414321925159,12.891557938628516,25.93615117230466
35.37851986322936,31.343020353573053,170.2300166151989,4.5507125078522925,136.17374985993257,44.02072444436223,12.547339628395022,17.190898619194826,15.70856712369315,22.40881026075052
37.999595579948476,36.29904825405772,146.9389906159747,6.0855588532260425,126.21299322014372,27.13424499186427,38.14637656080794,94.85389801118816,22.393195557709273,27.68557487964502
22.801435205185385,48.882711067910236,269.0870096781342,6.745158442616793,99.93777053820864,41.730058260302044,62.99838494760948,21.514281160822904,5.211170361768378,27.73524976017154
29.53626070641785,72.88079133956097,214.98115473661232,8.770521540027481,89.65903870086666,55.15015648412229,58.144402211261,63.229306306038744,2.6316613828734785,28.83142683161795
36.53438682905387,36.4034797754547,271.62378745124477,8.73465436705295,178.54325495398965,55.16259831937099,14.157151886971178,97.94813173138405,15.866692016611134,31.405683915634416
20.445252204276397,66.44269547754432,218.55835763663916,5.313933171996352,56.57812378051574,77.36500571018921,80.89675093965604,22.184884454131478,10.156205794929349,26.8456615743892
35.48256739446716,37.79258160356028,291.87780158666794,5.333159437827532,85.67891083254283,39.085796429948495,97.44956284879902,47.30699147470453,4.49111598567822,22.092984633617878
22.02541443512713,43.75499627770979,198.00629791147534,5.235216554090477,72.53192845001718,73.09581278387547,22.21668747245816,78.67728286948993,3.368635600193695,33.291835725888916
35.77861260967707,41.19225429112458,289.7940386856553,8.050148695863465,156.52819551696038,59.91872468302504,90.03744213246897,12.832733186797206,14.19328977841373,22.409334757175376
31.4640206262511,34.369861312102685,64.28756931463931,4.527099181657829,184.1284081841825,96.37531343004927,57.8968970006163,70.70088210032392,7.861529565940792,28.25421745585699
22.251191812667077,73.63643813012837,34.693750632233076,5.072297391863448,171.45852276064377,41.60206797322835,93.91370826830611,17.072853734390353,24.93694629985646,26.451830541450892
28.413791945321623,60.121230580092245,182.1550518570806,6.920818342398445,161.56374675695602,90.61556410477507,21.728166049592307,30.81377252004392,10.444570073602492,29.43838401591467
33.00191366213697,84.01847365832698,295.378097623937,5.614029300990445,197.49008965831575,82.9610419933375,80.24203235204533,24.08670229941572,5.701021914746976,26.21879842076852
31.94476381943793,36.4279045988506,136.9294692446711,4.915604062076679,142.45746457797318,65.57810703599841,10.679249667306458,89.84560598493039,15.906801605373307,32.248307294488114
27.3994383170975,39.4076406669747,79.37214141402869,6.119451055502255,152.70022033057143,67.17887434050114,88.90366244625902,25.880191076787916,6.4842447974174195,25.543065698586776
37.786063636260394,49.91975253777929,166.0316057741839,5.733934222771102,196.7324825439536,13.041743787609015,69.0451451089652,13.558200405333833,12.605108059163447,19.779955666841794
29.423795118732574,79.78128915102252,201.6636148820888,6.79996937931428,11.328249225843075,95.27133753137608,40.174204472630855,61.711059703403066,12.323116501164682,28.291054888870196
29.129080567631142,49.87432350512042,108.25003474444891,8.906551172235881,130.46919152290934,15.158926032095671,23.094348232295765,40.46392143605378,11.612161928035562,29.08346660440038
19.369512978711995,56.547215987415015,220.13542037979266,5.059370865667133,150.40459107112503,58.507164330633174,82.57064436388445,45.70214741644024,20.004099558604587,22.889025791173985
38.286648575548014,49.60423180931569,293.0320619728032,6.177270171753424,184.38714021386704,36.35672604266968,62.3079255325071,20.477521547904132,5.807018535921506,23.731911857499618
21.896564510924208,35.21457896706695,271.14967407897274,8.693932580426136,177.93041779502514,45.83593793753592,39.239506030060134,75.84463524612111,22.655528974226517,32.637374934277744
29.623583255604192,91.06318548825217,101.64390458341468,8.445928695722202,169.97252943442092,62.96738602949762,47.16440335623904,62.93672116862958,19.88784232873159,29.647447123351263
35.67848723080682,65.65503448462727,111.48263128048752,6.2742196565292625,189.70034166892373,91.34088089882056,83.52155232687578,42.05109993784864,8.661497923961432,26.537435648700605
22.739972093024154,81.2091572320573,124.0315428458848,7.645289690338814,112.10204570360443,48.46887673936864,37.19808336890243,25.098595051155968,4.924761403863394,28.506709210316274
29.602212379358505,72.79321099204424,130.4747779502207,4.895356561116055,11.314818161117085,98.8343077541119,13.515104420443226,62.22375304700931,7.348608100415161,27.769590976704542
23.2950680029135,63.42652813902838,48.08945977411824,7.706434749946268,12.10033575243181,61.31714620839248,91.57180635932991,78.5165605966492,8.649588049272419,26.22545957769284
34.71328995159806,35.82908668285971,233.349594889001,8.877859782681337,113.48142056739303,20.252624551006576,41.797655267513285,37.49096098031315,14.144862635772643,29.35830119616593
30.415505693209315,71.77768044256979,122.29499381099613,6.918696687753862,92.70172538414884,23.050883008968967,38.09681355594528,12.275713751396545,1.6360201359344284,25.53509689312699
36.831468928693155,40.09907313589409,266.3495934775266,6.743206021654864,95.73656013943521,73.03054838097884,24.41796379321424,28.86227065826259,22.9017986813753,19.32735055466948
37.68027606330242,56.93490600815798,279.5433744736304,5.342933788658597,86.07690006990703,9.787790453121268,90.25514426669282,70.05100806256897,2.917533988197219,26.056023482503548
32.27213661379876,70.89235432622797,26.84076660615267,7.352046895082813,184.36790372733478,50.63244974111155,25.66300670034422,97.0404812162092,7.342198155450853,30.230707590735673
33.95860741549678,80.84488503068802,296.78085957989776,7.156967763505117,78.24236672226009,19.080815431334077,65.48392246013145,11.177109067972335,3.177542229847681,24.874251478256596
30.082842197511003,74.52793642106028,218.80636482005167,7.433698767640877,172.6831189349858,46.15577034189527,88.67267610276978,36.941513467624866,6.788484249878674,31.59578930803692
26.457432127482424,73.64967938855088,165.70982327802943,4.617374790081248,181.54431082041177,76.24215509681335,8.316793387305653,15.45783659949782,21.023008555915805,27.666545433354862
32.25859430645836,39.687743596388486,129.06773034431492,6.969255697570832,104.9053362998014,48.587228182936244,83.7352120035186,37.83873732314683,15.571807378889437,28.127808115658585
37.98234971672123,52.498355104653214,165.1850771307196,7.177206795738178,94.91822709936677,20.52785535318806,44.00694506052857,45.720462195213074,6.069419014692277,24.320502430799774
27.166968369491634,32.78929772291262,110.89492271396445,5.43388560935761,154.5939148009349,28.93291018388103,67.50758465019513,91.03586409127044,21.858083980083773,34.132748339131375
24.917020580223497,76.7659980564702,194.35258783503352,5.437497858698412,144.51458645157766,39.916260921957324,40.378433506427626,17.089350347638128,20.117445450852877,25.87864310577593
26.54561264815663,91.91808878563225,46.03447740454155,5.742981758299274,72.42167215327913,11.608312431209399,71.07404435301193,78.38779666978776,18.964407416878725,27.62900940334704
27.578747864655192,47.16717536163993,193.91432881530685,7.702747162772569,29.484143925682847,60.51207542770658,29.158016882981418,44.807026853540776,21.267001110449964,27.228473818685657
19.618342637509755,35.700286095550105,97.09655803876436,7.228197285895673,60.32195603467127,62.71571017141477,7.083401531362646,81.39113077068964,15.681417197198721,26.125769927291838
28.965720489569875,60.912054988987485,24.937752134656982,8.30593190753012,34.8954161043368,10.904433077593907,95.03981390485559,55.17939230865468,12.78521532517519,25.546092618154038
28.874913457101314,85.68538450329197,174.75761452560573,5.830463573293942,65.99913239757136,43.21957551154539,6.554937583807864,13.456819418220087,9.66140814119904,29.27769004457522
30.94576420809151,65.87832269266568,181.965371638755,8.604306269497432,59.74609746035182,44.330064874048865,83.28943251518318,93.26611785490581,5.98221849998861,29.892421721718634
25.982040670369294,33.04051476235736,139.4393213192301,7.846677728925113,131.1651705384756,36.71285901249711,21.06807136563501,17.28059758223792,14.156585612348923,28.47588864764548
31.488367111022974,93.32769563431648,40.24014511408872,6.277552515061636,191.35424540640813,57.985275331455625,42.26092171719265,62.59614822297054,22.292562469995165,30.609840474715394
37.32075882603247,83.86224414756904,270.1360267851736,4.928679295314551,140.29130914279187,37.86596155571062,83.1367757680753,87.23476313814939,15.052553830311963,28.52378319479308
39.02036179089362,38.55361500834816,191.2006260238089,5.656426481193671,186.06338753226822,44.558881550391575,24.563554279672807,17.019742202017063,23.0303681121556,22.107374034497116
30.83946875510309,89.91685417272808,52.39972387931148,8.805456977466825,158.98512913560424,80.76473700695253,87.2422225248784,58.742618180609135,9.244475555032507,30.376114082562257
18.937000987346888,59.294738759337264,163.06056144636133,5.896635191478357,148.29674819352292,20.40038876586914,52.28709921468063,82.5375090461518,17.530880326923693,24.28096139045231
39.323191939876395,54.17336938737118,159.23120846557202,5.9845543206707905,88.67176864053486,63.815896053824986,39.784578958141275,96.79657436083004,16.392304075334707,26.49226127585036
33.52896533971764,59.96846648426724,36.91252326201955,5.3531501899397265,71.71095554404005,53.03146816063033,67.93158593995193,73.74081127163387,16.925629179537175,29.09100730844573
25.39120026818035,84.24717719661157,189.9207170088253,8.130827705124444,170.79270076985466,33.98180556053816,37.432023588190965,34.49342504076984,16.303529299899417,28.620160613524906
21.237469421201915,72.86617908864108,246.33139169803803,5.740399036090248,182.024714256511,74.11579236658902,37.99239410465392,71.56218902639603,5.930539535959361,34.760166194442185
21.15520946919805,33.85114940598229,229.72225518957387,5.98616211765985,95.85767379367708,57.362894156409055,74.6850071391388,72.10747569907227,4.01797700793715,28.418044414781722
21.69037693507126,92.24428412255111,76.83143596597134,6.364566487942319,11.72198865546244,50.34934506126606,34.43406133121525,71.59700906520632,24.476392277685438,24.29404765740374
19.002595475504048,39.605968676090654,261.44190827517923,6.451777258985744,160.5809011922294,68.42858490326401,24.073401593670383,85.1749184641933,1.6097306566412795,27.228154245789586
37.84739215036406,78.46191686279782,115.91180638461826,6.3510335568675975,64.16307968973541,81.21757925822928,81.72638215967434,17.689445501715202,11.959543932192622,21.324516150236718
29.8969011222014,71.34887447782852,285.0223459217436,6.766846629186279,11.87869435321494,97.40353505318974,81.51024820408702,19.540946396558137,10.914467769975616,24.467819373218916
33.39910707970442,42.18932311652645,40.08942998319984,8.165307958273814,162.9478262054632,64.78828499575548,52.27064185215258,66.3743069318491,9.320464476269368,27.83330219981356
36.218387203902765,41.097584947348224,156.13843278555595,8.1867826833391,108.30869587521065,88.07179861303638,55.03228353548074,93.94153645664053,19.658604412629384,29.812091480683243
35.4139021393304,86.57129359080498,187.19482560971377,8.092409101935061,140.19004180430915,5.10369639718091,71.12727944792567,50.99380022489364,18.76108206365664,27.1534723171614
37.41732372203451,57.280170027473815,89.34202757288932,4.955061776024194,183.79106601745073,55.372390808959665,53.381057717431176,94.52951774305942,22.678010626483537,28.616613091232434
39.27960169554894,72.54747342131901,235.98645284166378,8.098554614736663,112.82302772624003,25.39151713316882,44.61879610207709,92.55150283742155,10.189444391579594,25.095929070524033
27.659553524322668,62.76461525068376,195.53079034700076,5.0411329806895955,105.60687379000349,13.948283422898031,99.51494836319085,89.45605696462012,14.322398434271763,29.032396289188604
38.90738026670459,77.27797860993738,25.070642440627555,5.061256965235161,65.22580305617007,55.53724662111725,19.0258406459931,90.0668857880395,22.361522659881956,23.86880209633709
33.91237886354196,61.15075437755648,190.34320539494604,8.765382472357324,67.986828543591,75.94851808416394,61.309158027786765,89.05205381286277,24.84927753995692,32.46783430922903
19.554700186777726,48.67969449161194,157.613905637165,8.187290301174937,161.3429925456327,44.16588963506607,89.15698747718773,82.15026575144803,24.247711877951197,27.893377789396315
32.9992286666716,53.619919114772266,74.88817647698215,6.985847100906039,95.31555666132803,68.66020768772131,70.2854289122059,71.15814835726907,18.087174846083986,27.492600841186945
33.10776651130667,85.84005013927228,298.8095035766683,8.43736592015038,41.06997963554288,51.523329114890245,88.68771341338265,12.147919716149525,4.0090751663494,23.586419247961697
37.928932403435596,60.42225503997726,271.2054145517322,8.952140891483383,27.960465160094163,46.52315726614547,36.951798433693895,21.638316109732617,1.0680572889291515,21.27274428285125
26.204506914342026,43.8742065958996,101.90215460813778,7.247889299842999,99.85482220373808,32.574380841406764,30.839332744722725,21.812420798769107,20.717849731872075,29.259368176324653
30.86805300597999,90.74935022502146,171.49985782361256,7.258042966416831,98.34145448736878,41.34638387759543,85.87087675569995,12.07154501660391,21.10307960004972,22.607236175072355
18.268126122258334,81.7790296723945,108.6205991748814,7.894921631219676,134.15707285902525,38.23058492547065,42.44088473761875,20.269755621280027,18.785842252455005,22.188470123701336
25.305655327989392,33.61829949365294,237.13881045810186,5.544625285643997,99.50282077157674,66.38778248141375,72.41982069044457,90.93768615390535,7.358125406980893,30.809548783623566
19.36936197549318,94.93129252873365,280.49280129500744,5.252061876834597,37.2603837855008,16.021758571518255,19.036114949340856,68.41477724814916,16.175537560163903,21.98269086448117
29.481205400827733,75.17023526860665,120.4720099360274,7.9181133750678265,106.48254811171758,13.80045502534157,76.80462191078409,37.462425609997176,8.248086824474218,26.4316812048575
35.98384831115297,40.417328937638146,245.5635897602157,6.052071577473461,182.28998673834477,67.70123444980374,57.15335165736259,79.81568107682784,11.540882029472655,28.60056350443973
22.541739226839518,45.415899284408766,159.55411195969737,5.107816603376703,40.29386820784036,56.89831663849367,30.518105791493785,52.97651485202688,9.869659582022507,28.651441848705705
29.603703002271125,75.00895628070054,131.04199716724165,5.916949766629874,141.0533817857723,45.86900919055247,51.97787657609598,22.50717924859714,22.88418212635636,29.812073617365417
22.488190003236873,80.68446859314292,282.75811858765553,6.113865905435589,122.83326034345005,19.482074018750836,71.20964445477183,87.83618314793135,6.236854603224952,32.4967321794217
20.65514629261729,45.5373363047374,162.9133128413288,8.843524467775609,152.2312880752425,44.04757562758459,6.12920884050145,39.802251268809584,14.65146716205688,26.591473418205247
29.241929422555536,46.702975503452606,150.87494007209017,7.640818699895655,38.61405195124262,80.0245175154011,65.5593705873423,71.49961228663068,9.344047461329549,29.13499570839135
19.74126966089401,49.962845166683955,208.28163254945605,6.888853428298803,188.90501401213896,89.51401739997941,56.45112393596107,35.572286123965455,16.74524224189853,22.54431456183634
30.921801885035766,68.87119371438138,93.14557628511965,8.859929124071723,127.98362127576013,71.74477414660092,25.927185935939598,54.0062700592944,14.331796958848138,28.069980200625746
18.68942413488798,41.168051589583,110.94200382072842,8.564128832133813,170.943516161316,10.691656708683677,76.5332020277387,81.83023861467656,23.137453193465543,28.836128000010188
20.347729381104262,36.77580792751054,280.97283414681436,6.804003854763719,56.85528509924476,68.68892877710627,33.82879354015411,23.796406485344356,2.9894977166797227,26.33208957920407
30.099944680721872,74.12616579055839,209.98835672234387,8.575558359196414,150.4884489856127,27.893631006897984,31.301788496923653,95.9981227810565,5.905700574040703,34.57096719534977
31.010963083776105,80.64136608655605,251.45840137588158,6.319370961281955,158.3958338234446,34.94886808750848,49.765743154935656,16.179001211743905,19.27552511386087,26.92599750250081
18.637712462062677,62.56041128707285,95.9112933419203,5.536892994104811,85.51270175354438,23.60795475619853,69.23421945012466,56.99278405716436,9.535277577423663,25.45547110478207
30.614289336034286,53.64912616744505,172.26125318036418,5.5470517956993834,82.95115604785019,78.69680010891943,93.24036770824416,90.61024570297143,4.561702762603736,31.28773842975955
36.44705555712001,58.08277637922097,291.9909547570595,7.480419859989571,134.98129035489237,66.6172016505415,18.428938097549874,93.22106186966224,12.831370851512,29.832335005784195
33.890955900466984,55.24650920167687,109.23709172790093,6.754816443182747,27.747459534441035,63.12433018692218,42.6644714714147,30.425588733420287,16.477480509478962,26.505954698569756
20.88607228625757,92.39901903544889,64.93341336877172,7.46527881152451,149.7685885413267,68.45739791858122,11.364011288699842,22.67067834690316,1.5982544967607155,24.498530732851858
31.03444224639953,79.92584383924412,163.04808230290593,7.587341839179764,18.148484369488074,27.493364833370823,77.06232100981553,73.7474640279744,7.644736289502395,29.580906375891857
32.78955500163269,43.52566896525717,128.58990484296532,4.600452928039729,46.21215721295694,47.241219360909355,47.53462451972927,13.693674008308864,20.33085217355305,24.992946013461474
18.819086438550418,54.97229488350871,64.6816251802798,4.743178165565561,136.1873138758598,65.15910354715398,72.15826784287759,52.701029274667654,13.24599188194976,24.333988392459993
36.817648711039695,65.36079893860213,268.794387156943,6.897049769660624,28.681496747473126,65.47643262373853,35.60847027774729,80.0792599578,1.3667907717463397,25.348127165441646
37.93788274037627,69.84408103413975,297.40269495505777,5.359659649920346,194.6499973805901,80.2259269617374,85.21013793360073,59.302415757481384,7.407799629230171,26.63477419961855
36.70995001396969,60.43195324186986,179.20301059319937,7.346401959619978,174.99527979776113,32.274876835370506,55.80866743281089,26.54516738811244,16.158946071495826,23.26578270142802
36.14189229576049,82.65823127577735,236.90949514456713,6.984835826267917,128.99744315727992,78.18193156119813,94.64274307324723,52.85989835335676,5.384307004661606,26.073517060281656
34.38923436613965,79.89439126478507,260.5307434729639,7.13592161266901,165.62091657717647,46.81752565860889,12.487390718683248,91.07217504750258,20.77108945237565,34.660062343924
31.935504688203125,62.835264710830835,216.27496168611154,5.861049209239548,178.6402092320179,68.66640574559881,53.856298331497065,64.31474206789636,17.076109723549774,31.307221104603123
32.92979410974154,85.53791014081247,32.36369375128474,7.379295778250535,59.300373418645506,48.29334110620224,77.81324836978138,73.49117522607375,12.048786993220931,25.3318392145246
35.74069645336962,78.82081947875508,64.13758488070897,8.232716864182603,171.3882017103707,95.1179661301396,62.014501566993395,39.591221410301316,22.93278263613623,20.24210953946399
32.5749660839487,80.6078201668418,39.87697352238821,8.991320641165068,47.01081889114434,22.033715150456224,7.203443340550062,26.58657221475036,10.099118887654212,22.79089834568962
25.20999304700556,92.16605066317209,22.76628985977584,8.272999737774963,88.53503018827492,69.12548341532393,97.37217444266868,32.49651623116512,6.259298558820089,26.39381316143733
26.271144247549785,47.32035117859817,105.67899445202623,7.008744418559763,116.06932993723387,59.77082507297509,33.33505084221035,56.91962825090596,16.70437331690417,29.499691914946784
37.73526430419042,47.3971305538452,129.85966893483675,5.370433162559804,145.63928298406617,21.409448890035737,28.681397304806296,34.659373517741926,14.54573209301864,22.79435012615233
18.376685887537562,87.7818966198916,87.4883250540592,7.566506442539194,15.726850367280328,11.270601902108453,51.137688182625055,57.692901293496895,8.713573572815015,20.28889014095239
33.374052787374204,80.19471427006917,38.089301464169864,8.719442035010902,65.1967884278559,80.91871695230805,56.50502021471815,72.28568960910357,8.91978175243744,29.35710309068885
39.00510615335474,90.22546019331578,168.36166543426972,5.453399428795361,125.61862865997415,19.957876696395193,77.7973730710334,74.62683710298653,10.256152561535494,27.336061760410594
33.53701973907542,34.10346042108945,96.52940958799967,5.651980292369597,77.90004903833255,22.718134864648718,42.360997477603966,24.492274690176224,7.632894903244547,27.711397910989533
39.866063741099204,70.80421002200379,242.89040336179744,5.17053844535243,157.25476056960375,97.95125127895874,46.79623576391016,76.03791469737996,17.9009144558426,28.670660465076534
33.12598792162328,39.40084197802408,22.254734055078735,7.815247396318807,133.8139106186361,73.13978089027992,55.82119201371394,69.1965562841276,16.45828092375453,27.964907371964486
18.755986642770942,62.75331788901787,255.90757436053087,6.329526765406467,54.5362762075098,28.796249952116135,42.466774475455864,11.056451736446189,11.299052487386621,20.1021276136872
36.19421739623232,40.123550570473874,287.331030104868,4.7821303749887285,37.726506122543285,61.14015121440212,91.88206751460982,15.180751407898075,10.24743955659131,22.201893148010704
24.26185806266502,38.32510308401715,220.51781768299946,8.437274961706262,129.51892878153956,55.740624648238764,85.86893683025396,66.86995616371347,9.443756099312775,31.209346402706572
27.813258964617702,30.790942449832155,225.42033827351864,7.00952357116155,95.58879226390397,85.22496041381552,48.22250103239844,43.76594316160645,7.444973874110212,29.294339233302587
24.866022149955803,70.96552280488879,281.3974472487653,5.989924314001601,42.10183780925053,74.28547104409931,5.018511922045128,22.857151962658598,2.5995682473479547,26.976434988998463
23.908190336612947,53.33647008485559,78.53995988409775,6.047923392274936,72.0110990104917,84.01350692185265,90.58877707528166,13.906897206927727,7.071014795301263,23.51717075539802
27.490925480735278,36.83723851713316,298.4783590984015,5.806130490859081,67.57888218053145,25.093125857849433,16.8119744767492,24.027053979173914,8.369433042980095,26.0814882065448
26.332531865694822,50.98445555253514,236.57473694599173,6.549660775766888,30.54507474448127,65.82082441486548,28.22867944343439,94.26122886030227,13.918258153500911,31.10097403949293
31.933448800536965,40.98136594435302,223.43979833178224,6.016687598196652,113.91271366039334,8.82288154974613,19.47432201471283,74.02577645824533,19.457818472412217,32.3667770468314
35.88932642172523,91.21016404760786,121.10536211868197,6.965758368317742,155.09324044338527,11.54935816652591,22.082479148197258,56.438077042217856,10.194702548433776,26.78091526214722
24.535950370119295,50.80031757448763,172.81769591357096,7.980827635220824,119.33870888206754,72.78506810693673,81.2733660995343,92.85556400480408,23.64654419337625,34.567568196554866
22.701865362084384,51.70697901381034,203.09698071653716,7.535075775499681,166.99535933809693,7.319909751173478,60.0526369582628,64.48171851598114,20.770074104308478,32.32509014300519
32.67169595914753,84.59077022097307,193.69600116882046,5.825056017393527,34.23802397093195,60.07767584554837,95.8290404969081,73.85677656869872,24.627645273151757,30.48821102530262
32.747041448277194,72.10412448359028,217.39569877372261,6.879334551929007,92.76625298622254,84.83848435223035,26.988083670753063,34.87336002851674,21.9669745055163,26.97584381182912
37.82488726429578,76.16115448119508,43.06688694195498,8.280567719605129,125.78886969503884,41.094471799712714,51.13531627246723,61.830402235849235,15.60978575807979,21.59048530616086
18.35080510197284,71.34011725928244,119.5815611928751,4.806928056342264,138.4402965789624,9.259841499791715,97.85569506283466,22.62599749820994,15.162742551509613,23.749831742963284
36.766894566563224,91.50275845665675,141.5200046467336,4.852337701441072,142.19939822045112,72.81550771472905,83.51213385610312,45.59451677740424,3.6733901054783176,23.630271704576803
29.46204780486385,43.45505405127294,92.97620340499061,7.002765306223891,148.5034311485974,93.32021298409433,74.21848951644665,12.92514859882169,18.198781597843407,26.97302900620239
31.668645961786176,94.28755071412672,68.33563567538265,7.376018077754114,133.77166431724316,73.13128224553544,22.952644130225234,29.06327170727588,15.205068011020447,27.06902988438387
20.010171692351125,84.01215154117335,58.899694375601584,5.451358570991569,27.903336898764852,59.95248808526365,78.09351308642303,16.588439389195372,12.919836533201625,23.71599732762856
27.517528523185007,68.28321827696224,122.58734983184384,7.853490570111831,142.1080787444363,26.852738838510703,38.01868664661219,44.124536116636364,17.48552837765357,29.824807710415413
23.000652959247525,73.05415558575618,158.16367615751844,7.408185196683274,147.70870478713363,6.460684284227215,55.40100521944198,84.18709448818713,11.379172149530845,32.24493228504708
23.592950661815202,72.17368197253992,37.633403241065,8.654801707063289,198.76118752338917,70.99385030551007,62.87031523875632,43.25820135836467,13.334561729003012,27.2508114936217
29.090092522872602,33.795754563845,285.0082664853539,5.2602939083634155,141.73886297321394,26.947486705207833,62.88955259480414,83.18428708752862,10.25963146767978,33.79101043804999
35.87403090886848,44.17107240457601,234.26813040101234,7.881184194111048,140.4977751927943,86.52545433232396,74.01972983178406,67.77185150694208,18.0755868875819,26.176954708242004
34.363180463186836,92.4956074941087,224.63849649193065,4.876393907624702,107.81452513457468,49.30459128909808,67.86169880100954,54.83859130351284,21.97696877842326,28.705954217457126
31.001999099890984,64.73368787585966,68.40094699684354,7.043815842830538,174.90535263117164,55.41038032538334,11.495233534506035,30.846469006997086,21.100701008748764,27.78948670779516
29.867200240576274,54.59298421202428,189.0642150434129,6.9835281277461565,199.39860477262008,76.62397170530484,48.44796746516519,91.14973617028541,19.757619165211985,34.552351197769156
27.40073295115878,79.53250012028988,168.32298510642687,6.2477327009103325,158.0185253375121,79.0459077413176,68.08205263839803,14.769671178098928,0.8377987613414974,26.476060469510536
39.3996194183505,64.09373127262762,295.0912768202743,8.300570164508553,126.3750717929836,66.05182914265397,33.11933330574422,70.62434555749574,22.841071364997756,26.89585936385828
30.324236193153133,30.855580143073343,229.34809562244422,4.519667901537055,25.001417116997956,94.15102246421058,34.740385285557025,64.66911056722446,7.2344551577231515,30.13038480750668
23.587260762868887,77.85544378648267,181.21332744054473,6.840807308543344,148.08043502862924,98.31835145043983,16.833917036688476,48.81165395857436,22.25536160260271,28.355031420076894
23.06199742488087,77.59414140343598,258.22754661163424,5.477190974258344,144.62669803057057,94.9541172155886,44.76842366761126,31.148244065749267,5.325718525689725,28.083712615841947
31.44976667705312,40.734666287148336,63.42639584099865,7.845743786023948,157.35794808379202,83.29702260767463,98.74889125908659,47.901242442383484,11.271320909906063,26.6092333056839
29.502205600840433,92.18290574757387,24.260628313473617,4.6938034183774375,33.66552379590297,72.03439592320389,32.10533932236355,86.80399984870103,18.860270461009385,28.296061212489356
18.16935166500368,44.55402855017243,213.2653333560665,8.2419960968171,134.20917502396725,68.01595649875841,55.486504805179315,83.63541770243597,16.186834159290726,28.32302940096401
36.261438188307146,59.753708879842954,47.52720886642649,8.271415020181282,66.18754194081819,14.856266807450721,75.60753901401301,92.84154999797857,10.690087481721033,22.923863971735422
33.49069179311356,37.45783748195945,52.321419195382575,8.247897055815763,154.4515362465384,30.791012947815688,6.282240734005713,37.085802183021826,17.12628449013682,23.816768135713478
32.56024437291828,69.21335076428824,228.51060339886854,5.186558370297014,55.67105126597858,5.540381235290818,90.5417581618384,44.065165936460815,13.949262996142668,29.186332432135536
19.513174469348495,54.40432280371881,95.74975635751694,7.336829333524702,139.95594859587803,18.053937672229228,41.72226754886916,11.647901434067972,7.255539512570541,20.051033180777182
25.96522870379481,52.95627504363085,196.01674035929,4.564653116325253,66.04865992695615,46.726800331072894,87.56601873754332,92.97959953536072,16.335071414679923,32.16611746893379
38.578409736121294,83.75349701936157,276.87393930596954,8.315831660801399,11.708915635311916,18.920972324961966,8.700027595450415,38.98632807991966,5.504053615440823,21.155113211003787
36.97696330951,30.621511335281085,108.61286885860034,7.753388370788793,130.33800327488814,90.658024394292,18.83803742704921,45.566416294903405,17.502712964349556,24.49573922689615
24.281944633129736,81.86654010800746,80.80036419517727,6.8901917890466375,31.52112580019525,81.54142260685178,35.64029817536812,89.88680580737072,0.5762165017694487,33.29821793815385
21.45529545018105,67.14415677362511,49.83760744749448,7.787661448934777,135.26537982976066,11.80313164850423,37.81886844101148,56.34066185467956,13.944926587163359,31.76998296540232
27.879935057708696,94.09640337621293,56.52946119752331,4.9244584349329745,185.86579518781812,28.646802969390272,85.54045118766157,59.82335967448206,10.326156875125454,26.053028560617015
25.828268330688537,68.31380933927619,37.422354706075964,6.878951244795854,194.15672750010717,82.81182903809334,6.064105961882344,25.50848975728068,7.926042458147709,27.399672963583985
33.008980287531806,33.59964371961726,44.539866072327236,5.810744213174004,54.82538659224639,81.28938202318798,65.90561876461956,53.88208183204159,13.13484519724862,25.17270261939179
39.26156582185503,33.29194621884221,140.96128486656312,8.87678758450338,163.75811325362443,94.81780226118994,17.474681436962275,90.80235687997214,16.310134997129257,30.111132586039087
25.98603189961635,87.40494411416907,109.84221260671153,8.357030777807559,77.17512260576366,99.76703735364923,83.2054868175497,59.16719175349749,24.15015052222989,30.712772406663817
19.368931798349323,84.67891945821845,217.83702801043944,7.799740631252896,181.08684382211666,97.74565600790658,78.96446026600167,32.45024008829871,20.910080002258393,26.332373294303476
37.747508183532474,52.48285491283151,263.6676643091605,8.701864358623794,159.623018039581,43.963108643536934,52.492497604064056,12.74391604385913,18.070172135553364,22.639421017044395
18.834894065277158,70.17211147177392,239.73649687986762,6.0607948705446315,24.04512616269509,28.78120216119306,25.20528642367564,39.59455606395798,12.234689336139088,20.314102280938005
38.96084973737332,61.82343820861402,168.57843186638263,8.553959545446816,87.35602883668268,77.04896809057094,65.27706214172784,60.3880004376723,10.10753093177668,25.969634844811868
32.620747416198874,92.8656635838434,48.68379254514296,5.9635720444801965,74.09038694183808,33.430924810682924,19.844540177476336,13.74996937663305,1.2969765373569317,22.758801653183504
38.71716258572288,91.74745855699794,218.734839503635,7.797585238610189,159.18439393742264,81.60803421247633,23.052260296302077,63.661746801621746,9.29787412494668,25.925862800176997
22.392513106277523,93.94953555515035,121.59204292352459,7.813876102994021,87.95428502410023,55.72569938780282,64.53554071140898,56.06041678639393,21.285239897479105,28.529583222336075
18.895395495583767,86.31917074122717,43.98211029631485,4.582574444043421,140.07179555408592,80.42309114732062,99.16670237841932,78.94232128665824,9.908602258419105,25.62632496767207
28.74061952208282,89.12085340038158,255.8905940195352,6.124768642251878,124.46269856218368,31.208588573115993,89.6507795389919,12.542159159932641,11.808832477022587,28.897680942049348
27.913715120542754,44.12312061986387,114.70062481110156,4.587447025838241,195.37135662855042,53.262594977612984,61.34519897994932,78.71456634404889,7.159943388610166,31.41156360204547
25.29283001160742,84.01544128433534,81.10967310323997,8.98691407924612,188.17914179230684,58.58226039220729,56.16099303290525,55.837180026713405,7.2162525909274855,32.1634856017016
39.068442436551344,76.07571235827785,264.00657809327606,5.049885428231571,91.26290780035656,94.59526643341255,99.84656360077031,42.606581284614606,2.0158581418478354,22.675203880642332
36.09684210755151,92.58112307382456,272.5974831651614,6.942649030416492,147.47986021181836,30.326769798889643,57.0027290252199,94.95370191957652,15.53819617768512,26.344984760514322
32.55480447026305,67.13201884877026,114.91183441363675,8.057503074431867,167.59741785643214,93.98538273206499,44.91106958614717,24.09052015677267,11.477700374610986,28.500748700814967
21.58288241603221,35.53586583618616,119.34439739878457,5.405686210174016,180.7882932338076,81.461596969243,91.40777589865743,57.63661048001737,15.346039783524468,29.9769880327932
34.15511498080754,68.83092792716494,182.29598772328035,6.682737006429627,22.9455101175319,74.43493513823606,27.247508107582384,38.2463696761381,13.898729050706892,24.15198993474139
33.994274003393926,74.6277603213837,225.36361826698428,7.233429424145179,67.3949718619644,79.7526755725869,14.264969078196852,56.41880133398955,20.071692388780782,27.68879283562165
27.351499819552163,44.32086686630784,37.68177653392177,5.220921394779954,70.84370778401914,62.515379358605415,65.23855326437388,58.600239827076265,18.89979185163108,24.563232464975705
38.3452900137083,55.61736992832735,186.1362240127721,8.003499569601924,92.54473073177694,28.187600993936154,14.105715208031155,17.871445861386427,19.400619401878046,20.31058000395137
21.67351340903823,68.90272191335919,286.78961729940283,5.847014057352144,42.16030263592961,23.00202203978601,40.44911101053121,68.17989292881478,12.731355670071052,27.30877137159324
23.881426373056613,54.31687292557286,93.38629121038703,5.449603843524781,104.27911719050154,87.30243640578709,45.23985163026345,65.83437164087303,9.170093108171297,29.759621912140556
19.39093546351394,54.37160162051316,274.47161994714145,7.0122993589683755,136.01072218670666,73.88824324660415,57.01611636967715,77.71312016783283,23.369196468057343,25.867390365034797
35.499921079906926,38.65063154623183,286.04713541366624,6.3464113243932205,104.49914484117636,25.25440686229016,99.20765684605642,17.97794744200705,1.8296094560555718,22.09163950790258
31.67870649409874,91.1485370000483,95.36301947190512,8.64128675086388,136.500688087547,63.43386975806815,25.993263716652173,36.15875212752452,4.239222042330643,29.513022411550374
24.92868672498749,78.78213499218128,231.17652244789815,8.460282141891692,22.623910045401058,47.516915734351265,40.69685595815664,67.20973277607291,10.780177758327673,29.219479688161517
21.60390059907494,30.08082352629663,86.8570023294768,6.675077985249974,176.43759302440796,20.072241146493923,17.562811819012513,22.032312680573547,15.541962487916273,27.93817018812378
18.883250940632287,79.76486346144074,226.53112528499716,6.116686986265189,188.423146499203,55.52642538893061,62.7232849731573,69.62864254938293,0.7009091827646803,26.94511294039622
21.668402509770605,78.08667452276082,243.27759196087126,5.964830917340693,127.40241058254324,31.74431378430964,74.12895231924418,15.194350552197223,18.12340907312298,25.507983774709594
27.97226221942848,30.632512410108994,89.21759703898184,5.704036303866783,177.46428974101042,14.143191794969297,50.79729820740849,39.47397666044724,14.188800298352911,28.487711938541082
23.437893318233336,54.024279344894694,220.4434722033058,6.950465341706147,34.97474316316036,49.361038361814025,28.353970487547247,84.51057876526168,12.375217587584668,31.515746966602247
23.69760790350327,69.4385998711595,247.38927088194515,8.122403721305446,161.51529481449893,61.060312448888375,63.98438557226603,78.1376335535421,10.875628451282772,29.841762682597654
37.26268006668971,59.42879237077233,120.4020841899353,5.89840473691601,32.63815675979286,9.456108986209298,56.2199837200407,66.73894293998373,13.2274322776453,23.870791162925144
29.333028816144214,80.56909771683297,66.95677727712354,5.355423403596367,87.52194398453197,43.1988111940447,21.262643723353186,86.60034066300891,4.463750494802817,28.19317254038955
34.04354340882512,57.65479162123821,45.7500788489038,6.639677127824791,71.52552156607226,29.477882384485103,43.53978054770238,72.41571988715364,3.1634376122860717,28.122466174356074
18.785640878619148,40.0010930144994,181.10687701078373,4.810654875589499,121.26244679188632,7.91180611718708,46.34372370534352,55.70500925855066,7.596118229420042,22.744131701388252
26.033593824916633,93.46701557779886,293.8674734083997,7.655755527583681,67.28776169551136,16.937942213093052,98.34868660828613,96.21514003394923,17.882867403640454,32.06168749485508
28.54172564269972,45.732599530443025,250.42608960622053,6.832612198358701,131.0895896367552,18.208245087745865,85.68215405477457,71.14733502146012,14.91305315396966,31.82805510649057
22.101170814624062,76.6500001851866,142.0350989016748,6.733686635877843,79.80358493887199,22.373053571207258,74.76522488599142,62.920311559544274,12.26301393166581,26.77259979560499
20.64421391180185,39.305160258164676,170.2538527993884,5.852004207975101,173.55017239578825,81.32086928660252,89.43381742278001,45.98060936391369,14.502263664451029,28.537960237736254
37.146683126996535,51.38581989595562,98.2678079153093,8.571030468892815,130.43792964172619,46.751727315423224,74.87101855372792,89.41229987495643,14.201821319463908,27.62405781261185
38.667495796195524,58.73179454797754,65.6584428608178,4.907188313322987,50.90667649107476,18.973169265686753,90.82317623694466,36.02240041323937,8.022527174503171,19.6711459243321
19.73374735699896,42.495080294259154,154.98272430503653,8.41420803999164,73.86459018533654,14.52821185814948,10.182545913553259,10.811324290559437,2.887670707495783,20.615946713620534
25.67841167593375,59.24737246395962,149.78043852681185,6.195173410871652,171.0099686490646,33.30434357925871,48.32628988035707,27.313165974047678,22.47116803224474,29.44593403032982
39.08228381917842,40.21558349446375,166.14038678505287,8.462805821887601,83.4311524976171,80.81147427692297,75.9553418479742,19.637539290927606,15.197825934285907,19.620567424265566
19.82955812891423,66.33542503408286,286.7852839579034,7.779426562495726,111.80182245747258,39.62368555426613,60.413100677951284,38.071452127230344,17.594825992180866,20.89862709473584
32.16011020333198,73.1413614138126,189.09068404053622,4.968768269979172,133.29896783094324,20.19024922792412,21.640785594324733,82.67732361634404,11.8679319969904,32.40692395456158
39.38887016127413,34.0582284618207,189.61611425426466,8.241913289292091,76.08383342132419,43.39103724688519,37.346748220210756,67.33461231212065,19.033774209425783,23.064415796074965
39.52092070879024,86.62358787034093,55.8469336011015,7.5697957516477725,65.85593984403297,57.754597942270465,35.18856562753567,24.8702918525667,14.820182967477347,17.00875865601429
28.36691327988235,42.034157527732305,299.0168825295097,4.645358608119068,100.29843149552543,7.810497445611316,29.82795675251192,79.41631145612578,1.8181274913811607,32.757691078640136
21.580480371212374,44.64855764582104,236.3965843857072,5.101662069493515,50.82738469762993,64.62597113681645,37.59787758382678,54.37134821674744,22.30737736714543,28.64990488644267
22.445854929503653,72.9877396053991,265.6169363463214,7.360326251260628,64.00001151462206,42.53457153640498,53.9110624038065,55.11888692241013,7.985635596303228,27.83729382620213
37.57123069273668,60.468818928236914,136.00411531267835,7.481702262961282,21.794911966086858,5.923958137463466,86.21255735441122,41.86587192631685,3.8783240468227196,20.73812073646564
38.05702609525419,62.46071394611927,160.59586681997496,7.859931447769178,67.75435243449104,69.01949289990618,75.49310292740685,86.08624010433806,2.6570046887557366,27.173368592370615
31.373352165218204,38.33007399660362,166.1834665654374,7.741104303487418,70.93377773907817,72.67682537845158,84.3487218815422,38.012802739309755,18.150787689131715,27.777656177401322
34.85588078833805,82.37282842196655,74.34647100108945,7.467839796014797,192.74830159535074,64.73977991307487,88.9423557334932,18.2842989389326,17.747224986706815,23.495874983537586
34.278487532348976,70.10852599677365,213.056963771548,7.948075057858901,122.04847683851722,37.48337067185011,44.53429332927269,36.64015146953117,17.65397205792513,25.45044605468142
32.56007515576035,38.79983281511464,272.83348261288785,7.087885676515677,159.60266082900307,55.31246113626631,37.87249698254098,72.95111207157395,22.935942930698367,34.850844931266195
36.20009300718266,54.30995885666374,65.83762907875732,5.673561234860047,18.621678028261265,41.77998208267636,10.474221259995371,67.86720603869294,9.049104038942462,18.96809120568432
33.07894570688706,82.67664562777696,44.16911657612606,8.605694761788232,30.241971785590664,71.55906436517097,93.39670407826127,26.54550951271485,14.247759880793618,23.520024951679186
29.748050726444987,66.94307798913034,226.7012935512958,4.581963139193901,164.76202256389254,60.440117692200424,11.253186704123674,19.8370183212349,15.677641783361562,30.148241315483904
23.21303997693945,37.06217064364048,96.49651286843498,6.149527739421706,128.47441438935078,12.770915813607726,75.40787396019469,68.15618673935367,24.497304799878332,31.243379580185046
34.36553917060962,54.23050797630364,194.6815116528522,7.779916318937235,46.286585802638555,66.09388803080475,40.92028892423078,69.52116153763228,8.152480521105499,28.586769624362546
28.415633092442036,45.77513589962275,214.81233463781058,6.422202185173535,86.91112711373026,70.28764936209114,95.1341735774227,42.22116807453022,23.93011439764654,25.976842425693455
24.485417048165203,63.63526098749222,110.13501380291011,4.611754833660064,112.34777499650833,40.216707158396446,44.862191988742254,84.16652175055901,4.143991160518343,29.820261435494842
35.64281806631906,84.81847337667932,248.24048727921962,4.7969140640229595,170.28586753611393,88.19964919117191,82.57779337869806,96.08205793439268,19.218035672682127,29.65732425848827
33.32769920776662,58.35736376228729,173.99691499198073,7.418868161122299,21.478278421953895,85.08636371027146,31.852209055549277,28.096779663546794,16.005704550500113,27.853772425947795
38.621470388743404,58.167231973941,263.3198342265048,8.841890697323848,123.37723497979886,21.640819770475098,33.41342813816543,60.782046982130495,20.513952913163692,24.73691981310962
21.63971608041531,88.8478086512574,233.7221947165053,6.983386361255246,146.23682510146995,90.90529930615752,61.57434393845125,10.470476952346647,1.2027965541762549,25.928793964993087
32.28216426200285,67.45205181297271,263.20117697048704,6.78041018110696,195.7994530029873,46.88287529203237,99.80835020221001,72.7487868503133,2.4142105520068675,33.78211364430159
23.373268297939873,66.80242068083145,25.645186993010345,5.932463458753203,163.36041487551503,73.75621700025786,54.16937970802365,46.45682599357197,2.2075465994440737,25.95483349613894
37.87882567663612,47.02414297190031,88.18175300680652,5.655108032397284,62.48318957740195,82.33921566188742,93.9493204573626,27.007691967478507,15.027506659683551,21.82200351038895
20.188987113645545,69.50197860941321,45.202223324862814,4.594432417903281,144.82004683687038,52.98568000162054,79.69373368362915,76.1955291152651,15.27193365560068,29.054745441086883
32.4355597417873,67.43418038213076,143.78324481301777,5.72829690438212,155.02279813612566,42.914684240227494,80.60710984683732,81.3370941849351,22.699569789196918,31.993221409650232
35.40388587361666,55.79534557222116,269.1888340522891,6.520996983893636,148.64974498449507,91.96788001843434,46.41619896723259,19.782652103482484,11.956286105701901,22.532299829863717
25.808192488023558,94.39521178344674,150.91127343472337,5.390774023720276,165.8273729108553,26.931087528865206,41.72151376641606,13.60762704174699,2.167201847621617,30.049885793531832
38.9910377464438,87.32291272162564,257.91965248251034,4.893065948166432,181.70869548059113,29.412157383318725,23.232571768627462,39.398902866882324,5.633470339751628,25.692885555113843
36.71607506089282,78.723108854993,111.60990664540901,7.7297754026457115,28.701675107974648,39.353929831276524,96.57442036344709,65.08716098697113,0.6977908230371512,25.419757587501152
24.481602593067876,64.92746324684504,115.07962038547068,8.525791210806302,29.90513295941258,86.64924890720373,96.1423931821629,79.82091839259971,19.529505865645923,28.605734589216137
18.16590403975197,60.03388712315096,270.75728449152575,8.715474313591885,161.31599786642275,94.18488510024221,75.97143475946737,58.05349970348028,20.482186203578976,27.514504155018237
24.52645787459734,42.01833068950796,139.22880102327645,7.280994278236452,57.950770539079464,25.906432901711877,33.14398273600361,61.105892315014295,24.949540198961333,30.006017509186208
24.188830350356334,49.87293581095054,241.1343365825066,4.737485621696768,21.12287017051481,87.06766402496831,28.292056332516808,80.38752351425441,10.598764001800811,27.604065139711597
37.57922136502,80.30745198850866,86.26019340693237,7.833881834827981,86.2335443863151,29.529281149514084,98.91797302676147,56.53821693125082,0.9728101973390166,25.057414342283014
39.27666592160445,59.49368200594084,285.66423230973794,4.995428873678489,165.77661324695484,97.21091844123937,11.321567435276862,63.781595139914444,6.250882096514119,25.648148670940238
19.549679691345727,87.34751857701758,180.8819090285599,7.513866529595208,34.04735452465627,61.75374973825032,85.13860775342435,55.42712591793722,14.900337257750747,20.796411649439676
28.368486227732966,39.61422386245937,232.61059920195254,8.00714626086544,137.6499746428488,5.6732144075013275,38.76851004583509,87.48032453635795,24.067602692792043,32.946089054257044
30.063303967655507,63.04256124088637,45.06439594256794,7.766391198719127,10.687013736597862,8.242340886761898,44.79262337408595,30.72546243548782,3.0376745110344605,23.4803411561649
20.044056549253472,72.05276946138507,157.94598323254803,8.783477125925089,30.85011497036549,19.011030426447306,84.03787663113953,33.23143543956482,3.4785389939381983,26.50292923753934
26.3049496010255,63.59514966001519,272.29077936552653,7.821658280103254,76.6615656960125,22.819449992781887,13.607286520509012,21.260608620960667,17.693095139334105,26.070372126328472
24.975813182644913,87.79974795302417,265.5708161321253,7.619444000918138,25.884433394638663,77.92381666852668,38.64611945942443,82.11307413150911,16.846572848027964,29.590856590726005
29.793239795195923,94.32161331889408,33.10790802558371,5.677844274823961,170.72131681305146,26.16275825961024,95.44230633110944,46.23640156948745,6.63740570513991,30.813220475832363
32.546199794102634,37.529252792189034,105.03557135610508,8.661459088961557,174.1733955976391,97.06845390473669,71.41126171326935,40.614666797549454,20.422047379855716,27.95878717296377
33.47667243092447,38.44706876499987,144.12960181414243,5.307947418573751,153.5584335889096,65.43064543427914,76.71922065655959,96.35868710366975,3.6550795091978485,35.08924661360757
21.008610519494525,38.47106738140787,68.2341480196207,8.572034751629069,56.071129965167316,70.78916337908419,76.96300359077026,91.55869624670112,23.180675197030617,28.469252755372914
35.88484944278167,74.2765112445843,224.3995270771917,5.906981445056597,109.41694429559617,25.692569332094713,10.754157900574729,95.534916026979,5.425282293144324,26.54943240866969
32.927924655396694,54.22394620722946,71.66335876763924,5.08573617244951,44.995819849440565,89.80709983903304,24.30472135974096,22.52231171476497,2.4931331317136225,22.629102758227138
37.55964816842783,77.6654529822839,117.05911442356813,8.220073622720268,63.442905513891056,68.44238441789349,51.67000932771512,88.43015955703864,8.818291118609439,24.25387191845799
27.885393307579548,56.35564573765362,205.7185783201891,4.511229541203731,108.04100551302031,87.11853431247707,39.97427208516064,38.926444746095726,5.102111569096351,27.381700079737783
37.66557477988822,70.79443688658414,154.98501646685438,8.244397429563739,149.6526236075516,95.86570423696656,44.03666784762108,11.113795778643901,13.410060013382806,21.811754645689135
37.047030691833655,80.04077036912807,226.79989081777026,5.680403289206891,27.98433227479144,16.935892825411663,79.2375009694389,44.43425356651005,17.32774016560729,19.78775134291794
27.64500531190393,65.63403419256983,289.1382123424007,8.481245727400296,66.37237254933638,14.17578687554984,6.394527331434851,54.80927907614925,12.527578672718136,29.471763584810756
26.38515293644553,65.0677333792504,52.6330725602553,7.611656320087106,186.05805622866524,81.32374352601539,67.74673300051768,19.52339727393167,16.684879629368954,23.83739134512054
38.52186432934565,35.73523114356624,218.67896059145707,7.497824997827655,91.53343037855875,87.28197561394617,5.0104720211731335,57.31563028493456,9.440552602799618,22.238337593345612
33.73362415984563,56.70081328911326,84.49636357699207,6.1439380342417955,188.38523804276974,60.457334983408636,10.990559929743151,82.11279540755237,1.1841036323466798,31.716101789717026
38.42139762163767,65.47551495962094,136.05348367411938,4.767313382508469,198.36610289490577,39.770052036299454,43.787181384574275,43.23328367384907,24.364571043516154,28.68991599455927
35.533445135707886,60.02875366831665,29.20156322263915,8.235328941925097,110.06536696116903,66.99981542714625,84.89010938145803,41.03274297501859,20.575630861229886,17.516830564421607
31.404543664411115,88.55083001224766,58.054067041955705,5.269067078294376,64.7283618591216,34.038086896283446,18.774597728623746,39.81531698029961,2.298761190073388,25.133977228761086
20.54876109408282,88.92449108776681,109.5376409336919,6.175163888526384,160.24759362879,27.646640754579476,57.6890338672181,91.23231123776489,11.504821705830194,32.37608236506806
24.412574796740167,83.42462973826952,115.75602548063578,7.201596084790868,40.26903974975284,51.37379490509022,69.45799654854069,14.290712693537522,16.05796721676093,24.423445553201717
39.31453295616461,54.394374899252796,271.88386060938683,6.670141823522798,57.8889033376934,25.53461362260607,26.80562399635525,49.16670049538007,5.169559629029628,23.99701049940477
25.027286171712497,76.62444485968973,227.70761459462423,5.393972858270931,159.12718280486362,50.95184278994142,53.671374250610384,33.28475196517508,14.6607209783879,29.677551885569663
20.051607135278157,55.69374996952463,292.2112310923715,5.132773605970278,92.39272569908567,95.87761801903933,91.58369189812827,88.65501823409949,13.574391143883332,30.919211343966985
33.56617383022503,45.11858393342434,187.74002289386735,5.054608225126308,48.292208027656685,84.77948338365209,53.661709909725616,18.452599195374745,5.602497119100267,23.40531608623317
34.14809359996106,52.2886718308073,87.67984498556903,8.383535466746405,133.71389154094163,94.45493735250211,19.945690869826556,46.20696346787615,3.959652577297605,30.30404636879988
24.280069846317318,34.612701163559805,111.74340837806,4.642017970776001,149.22475366251973,81.60125261049906,64.64235818531675,45.79982137873554,19.094576095656617,30.47704657306325
24.548783545618683,51.565538085302066,109.55405852175079,8.896564168199525,33.763535495608124,38.70133891489629,61.25901710080883,88.17870874413799,8.403367930666025,30.30211314626092
28.315645681193246,59.94824412197615,111.41841174571044,5.393379106734363,62.62624939523749,82.14429766239812,7.560702180822466,28.963423163605313,6.478993079134962,27.23251541670574
18.479356894769623,92.10625816075395,208.4299684713084,4.996450335955852,52.042583520724314,92.67699563755534,13.606468546018828,66.75079610654177,18.57801964374672,23.712171137474524
35.3651062279456,50.37168810427562,168.62621986531653,7.096372446495578,82.1723794648659,94.96839984452018,19.894228738396023,21.82773916612544,18.53368295456306,20.14911037503517
24.97595332003076,88.65948004835884,127.91876986426041,4.859936810733135,155.05453015945224,69.90379581507472,17.947462368377643,93.94986283908776,7.2718405802376145,33.62302290199768
36.7827882440435,44.87578792852731,61.74513524404065,7.211039684236177,145.6045394321216,25.079831162435752,29.649248203288646,62.185316415961154,21.877927300670414,23.6654652135566
35.65786927520074,42.41297835435121,26.198965623800852,8.32781990166126,135.87954297290375,8.77426956964563,48.140005707378954,65.110592268219,17.36212904427239,23.390313645244245
32.55084472861323,63.73470466809072,81.27370972455392,4.7155410966034115,11.194253715032328,18.984021675214798,40.31304830040352,48.17205934612155,8.971223336627684,27.84139384210538
25.14724707618435,73.71323900433138,50.09199311123076,8.099408720378449,37.00722954227399,96.72695719992481,89.61173968343671,40.12087871463636,10.973496429524143,22.808946578082697
29.35896435654574,32.881596302148296,239.92460863862703,6.2751484844195335,52.42653432939269,48.899198298313095,63.15039389360202,28.715525795549116,18.304387305300136,28.71859443736916
27.786243667155098,44.369281228069084,51.49942818788791,5.217707852240445,61.67161074738142,86.22367140904547,88.23371324637509,63.15092233723878,5.683803905939554,25.771934718918793
25.45540149747083,59.619438322585566,222.7839064459141,5.292434161203566,37.821042913291,49.17919458803765,55.068735867171895,94.00143359064495,11.98463941564299,31.09816206830253
36.65899836466992,51.515281838906795,127.98443313730314,8.63444044662402,87.95995478003903,67.77767042868474,13.537694715487296,41.661603960131465,16.512179385323442,21.114143548584497
28.637155640708635,76.32037015764092,40.54594912825728,4.99772588373299,24.284311152664923,7.293373826621696,49.01230766131131,87.71780620226077,13.717714426213474,27.212327984788235
36.31990815153722,63.22543874268559,247.56441384084403,8.400522542020457,152.50421617367834,28.737169558339843,83.09309195002467,23.092315530557972,15.404044474660084,23.69582617119548
20.314806431120132,40.423341864253516,182.29655966625174,6.949100794426266,159.66694958625993,46.44558160404598,23.43985788087527,92.37908983759847,13.882206237181101,34.72743209777207
21.102545349207386,88.14024965548089,86.01322360180046,4.675752804673976,119.11067102417064,64.9099494796455,13.665356481501727,40.84279298303073,5.381072372855493,30.992547964906045
39.50104671248549,49.03886890641837,270.510728813147,6.590142655728022,27.04392663797389,21.29451286505196,36.29630014213471,43.41599462021442,10.550030951829225,22.794510446114824
30.930906177333974,77.52352208268752,32.672327883754406,8.178522815143353,179.11580221388402,77.63238910569655,41.94529391081326,50.730118619020885,13.533644639199869,28.05609532749891
29.21493281697908,80.69452564185164,76.50949029537361,7.767912544375951,193.47080745454176,39.618447082942545,34.094479258560916,73.20549575539323,19.61153718747568,29.056413142250815
29.509433389170457,92.60525051664663,230.57313978564108,6.699520879581231,48.44907646113998,82.65635057721902,17.84787463433282,73.3295021646351,16.520653810653794,28.842731090044097
22.735913028722916,62.40298532406659,218.62582048676896,8.370224458632977,143.88156569373675,14.307063587531394,28.82978667356288,52.20379545533054,10.951478157055401,31.50930772230341
33.81148688904341,70.02930850518808,100.99607424285385,5.041641428011034,169.9683398220723,69.57687582982533,69.81682843720048,56.03745513962636,24.372795887899066,32.30896873521992
19.865173722054596,51.7669590761697,37.366965098779275,8.594734740265661,112.57026928311343,32.86619165461847,41.66320904785057,12.640922924124423,3.140990281153267,16.64716016831906
30.61312168826651,74.08165407178433,260.2618602229843,8.30898543817507,71.43138891008229,80.5614015416487,65.0921972387628,36.77810973713266,5.566719279596725,28.45552038790248
30.55691352488983,60.11992658131078,107.83533865957273,7.687245715457562,100.926155865267,43.206190569029005,55.948859092279584,40.449502532293636,8.862158945775768,29.230058856982595
38.11214533093724,58.447403707087446,74.79975617991425,8.18049483957937,107.33106264904588,68.20821506503881,57.160029286478554,59.16799964786683,6.100015886203799,20.209347897288975
29.576021822306927,85.60538939254685,164.49731026107358,6.947169780791997,86.12103839572531,93.75900052046498,28.612208005040618,59.130379528674794,15.823328921747278,30.263536337392257
21.01537931143195,33.26097482741476,274.86361579908527,7.538230930939501,186.6700737904042,6.959530041307614,54.546588112977254,72.47118220005284,1.4689928687382536,30.9567763625896
30.600571703459575,87.32755780907145,32.193041796145096,7.0226913181850055,151.33779107907537,6.056094321765495,7.241497817004169,73.09840206719113,4.84720121469869,25.23068853544656
20.009208176037312,85.38453945885621,234.42514464864857,6.099428387285772,55.847312028443156,78.17652895678778,46.01565552086799,30.698543730663303,7.687007322635807,26.332676118483853
22.483464376598278,62.91380648151629,180.29250382283848,7.059873588125299,121.25586559077502,66.40733989326742,59.39916820304193,77.77646929722458,17.241971489443255,32.03395691347595
18.684388852123156,61.863185523365836,139.12575263450873,5.658593996393666,140.85093867692183,32.8330734479211,22.289584028640384,11.72511398807282,21.958689623237635,21.582421685259593
29.29245881410896,53.517478922306864,228.3425243494168,6.481256268783534,36.62972012340475,51.96768676355493,29.373058093650382,73.02224584539141,20.063048378549833,33.87503429588137
19.859717536458593,94.62129645931273,290.43083884365706,5.763489332671094,78.10089105222828,8.98388823189253,25.855446882483843,18.981377109709232,4.960982864631244,21.64880483367377
28.32667632768924,37.22600662899968,84.17773912555349,5.05299505257625,182.05417350474403,23.282332509317875,11.703005750215297,74.20904234106727,14.352441081806193,32.79851958632832
38.52479077713117,68.36399031585945,60.221262220193495,5.948378353754578,117.76288903518828,45.32715558008091,38.04644550830855,56.38639197001958,1.2355548109448373,22.510556093276467
33.83475108642531,74.3093033573071,275.6068886623552,8.333942481831468,51.2295717514602,84.23421954104082,98.00174781293424,48.478396060112104,8.108150996145099,27.240884613238027
19.70305683295645,90.73145053410138,207.30686168804505,6.214863467890376,33.32911164263865,50.568382371708054,38.61863861404296,70.77864229900575,20.246602973294003,25.723092209913542
22.93261586859455,80.7132272956895,142.63608603735048,7.8660164203599106,108.46310976022677,60.70443792996798,48.750979074512685,13.200633369756478,11.688309986711818,26.766815784050706
32.82057323765555,71.85006818275055,180.51267967399926,5.2883903440717255,114.06028737553737,88.00661023940914,67.04328884085564,29.665388659450894,4.173562395757947,28.127194396105555
37.683440942532044,37.592800592787974,228.77189344934834,6.409886216254387,73.53874575737635,34.3377967909403,66.60728636106518,64.24673253715355,11.24455784646366,23.6743331838194
18.724208908806983,54.292678594045384,236.44893163760082,5.016852312008295,129.7790453996325,71.5664355046953,95.2400231017693,84.55495578351199,5.351806673824593,25.013481880999972
35.87392489785307,39.024706765619044,277.5703706293101,5.123794785153704,23.05009038168386,86.85838957443407,86.4685933379169,43.53747205117029,10.13319071766709,21.191920438111367
30.359905367442792,87.27882761025839,139.51598089077436,7.278463709505312,37.57654172056672,24.24849156613679,80.42531527498946,32.77100959175303,12.451920082322163,26.797162386141416
30.014009156520636,78.7253751116368,102.15505480543061,7.23366817852055,113.79202599213924,38.86542568904409,95.40458644893951,55.648806349431496,9.064173756520196,29.060695808179887
39.071890020573875,79.2398911418199,199.10599470115574,5.46017358309688,21.74498183044625,98.08196651948873,26.922711620901303,64.76374221004204,23.45573928562959,24.053589764013346
34.44818147712901,72.39667365528037,136.4038117982685,6.634904374299594,177.3726653483091,98.40576365564004,63.620148489070296,46.96906676370569,14.281992290131358,29.95643583277818
36.702615097234464,62.957829900886125,186.48756710571382,8.384877751400765,37.007810386738186,26.2068433779241,89.28369283860485,87.15054007405844,21.15087051169897,26.35806864059922
25.787902529982667,39.74811886512732,137.59602356766607,5.283906789044173,138.04477607606194,11.312354694799671,64.29312503641967,56.062606379681185,19.137849402861715,28.780667843082764
30.196008898225017,51.43016763582837,62.838820269888856,4.586447398830817,84.3286539257408,30.737553074455022,97.85494508765261,13.152475706211481,16.698574577060526,23.028106152839356
31.538924903410958,38.89952651099789,151.43949046450837,7.433978132986075,85.9596720330272,42.78453594385029,14.533507821106006,29.628748014144755,12.673774333413265,26.128062062265027
25.07484668797423,77.11935428540231,213.45699014348918,4.740741936399083,155.32901043611733,46.89553208846055,46.73639776535403,49.656938720767684,0.5532577026488938,27.771710893187805
30.54545874884279,40.414870441430324,243.79946614694197,8.909731073576006,104.89780549285365,63.78659919639024,97.84947625132044,71.39984567349013,15.529956213526054,30.562212579193723
23.206418348553704,75.63738076115956,158.13135750303312,7.243291277094965,147.8745380923346,90.4527622124969,41.05896271414295,29.338197453747817,9.220957598561194,30.60902291887359
21.15426476350127,74.99660032373382,66.26660925891225,6.616783587797875,105.98633346302616,36.38306113118043,75.25785563443392,95.91065469513305,3.38517308663231,27.604714433102195
26.227345704101317,59.85479113443378,136.11255870184084,6.43496643010938,122.65201486700005,85.74853087242481,7.888275602471673,38.033126720551344,11.393343458495904,28.67477881057541
34.26437183242162,38.7898625176734,240.16230007567552,7.078817963326191,154.53577929523618,13.880497488029556,71.00952588987974,56.85825820373178,18.521056395940967,31.835741837099604
38.156117257625525,50.46205369871238,135.6005957727804,4.9078099652409675,125.38866115504231,8.978096402455398,93.78953959011996,11.669041856331624,24.06110597011825,24.89134259932405
28.069709132961115,50.80605208991084,215.02862220918226,8.68508576468773,126.96687078386984,52.88429239672882,41.35709709305026,87.87038348591079,9.665569832491009,31.829568620880224
32.142121142059494,75.52503365431407,162.01983086986513,7.31538930848345,159.95172237124294,10.667911216407465,7.023484603058299,79.41744951021614,13.796720818271929,31.604429501335677
20.26681688145221,37.39329626189208,87.54247503063108,5.327903239249089,190.32649500568093,42.28653111725187,7.651431417570966,27.200304378012156,21.35548739240783,27.23251595644569
37.89820268815123,83.8894620040459,242.9221422464608,7.031614741940983,81.57606924771399,90.19392110257726,89.74221404255346,92.12482882910618,8.682985788775364,28.7122821935521
30.50929269853856,79.46547386208441,43.57976713979237,5.099654276248552,119.65225987293074,27.94088843970997,73.63903017414486,37.79389921417161,3.9853025017849766,24.115435640733732
35.167441447753454,42.109949681327805,166.96927917144217,4.578987229012404,26.391899969373664,72.0676986368658,15.135206501525085,70.9123933774503,7.406104865200882,23.644934821920472
35.477706420270664,76.74568481562781,78.48948958815339,7.337326433462991,78.17273730808472,33.724712277056355,10.186076319863673,82.0699159854608,22.528509330305507,20.355641208941677
23.64257158009833,73.45335679540841,38.77837599158518,7.4181750384155745,88.28935291898334,9.267405248002882,81.45840954347054,75.20047258887192,4.405131157315024,29.10778262950721
29.64183797000069,78.62785200721021,160.82150238330968,7.12663462261537,168.69509019656968,57.88560523397939,81.9367601165091,90.74728499462603,8.56591599466616,35.37107202466852
39.1305545343415,42.280356104165136,159.8774036617786,5.325674419620103,107.5445564038786,84.31108160099141,16.449574780244653,86.05617890998235,11.883687607258345,28.304048036252706
19.97195998605821,40.243370940170465,217.93225246920184,7.215434363226452,148.90261092670698,43.89950259254884,33.64443836942049,97.5258132400617,21.25427397552754,26.372129355708495
33.02709775665039,45.37145908497902,228.53019405453338,4.754299234160339,13.611406004877558,63.64291351351827,79.1024761345195,26.06980430670081,23.47397544949788,26.26853902580258
39.169809716773784,53.78166070468342,223.7816168340111,7.241572600073651,98.25360722937997,90.50224177748396,54.9141467406306,36.8190385079496,10.932352586014744,20.401589648137566
24.612696377188488,81.58822376732708,134.6764452166914,6.9930765859842845,181.25035638108102,80.02097871001384,95.87556176890344,65.98787633398345,23.332874184661133,31.991097687436657
36.95185427089566,77.96505593612525,196.87314042343752,7.448646738775948,52.61964276809917,23.418257942317833,50.70095130787047,74.50815235845937,4.455747824014987,25.32066141401443
38.54046599898197,90.15435349810465,181.5446679403089,8.529640225885771,15.989215208351457,74.67147613967555,69.31100406872369,57.04524480090241,4.342881151461075,23.34867871540162
34.43589660668615,33.81092134141,138.0372917127375,8.326611473577914,92.34765940556052,52.67983739021444,53.4294197454505,16.505696110022114,23.756645081052547,26.969363675869182
23.089222870753083,30.751158265922065,187.2195543720781,8.912943862031424,143.84204592304312,75.86684674917805,94.58172209007934,84.06037995843361,12.987163271444114,32.58962090979664
25.348015814185064,75.44402393055194,285.2294054777535,8.893084648214588,96.3480662998792,51.978977299610726,42.87261374642284,94.55694332987194,5.054741966171871,29.547872523294515
18.787804477190075,48.15368722662077,74.01024823078566,7.975438620181887,97.39587956714051,17.15602559028877,26.830663241967002,45.685482256722736,12.455764079101264,21.40543768507993
36.29197115339781,51.715128209698136,273.61618681994736,8.803888299799777,137.2629578352807,59.14139743547772,36.03021672669435,29.78349838949845,19.68867330678676,23.274351239557113
36.69144610324376,65.54213168444329,34.96754391529554,8.402777486501003,58.33387357377931,51.75272927774729,86.01364439569677,11.699610436663704,20.75954896022633,15.748716619351834
31.919626819256237,36.656853003241906,106.34897961246499,7.774121024527378,152.85906041197572,54.20256469593697,52.30416353365267,30.882315176235505,21.667246787906436,26.17367029063344
25.75561272780473,71.77513707562323,100.68066961122791,4.839229145896899,39.09157087208935,88.49573309635768,38.65396883271271,71.59285218578115,14.454487125641753,31.819292871190818
19.68984260807825,51.13458400502476,195.3822302066536,4.720724497214495,85.19261500433767,90.00951943709389,56.70470207190087,90.21986611520028,21.740177352013067,28.7683923967388
34.56726741812801,71.12648307956445,56.74298649764129,8.269198053775966,134.64154060947442,48.086025142743246,17.656822191300023,18.229149845995394,12.99574011567974,25.2100989108303
33.9835762594183,84.21044934977007,267.057331315131,6.703451360422642,167.39011137373757,48.294543921608394,5.509133939431628,58.68680847024983,15.372967608581394,30.028297038242684
38.07725547825582,41.12223666693293,251.99439437021155,8.165730079687144,160.3909035213605,53.94276109289852,31.655544950881623,71.20674986904125,19.088635155655307,23.128864731633236
34.071704462117964,90.50675103944381,202.57842951187777,5.908132217948487,147.1202638684626,54.36098144175441,62.47554337943652,34.321512257351635,10.92316467140746,29.83514502111024
36.231288729368046,64.49472916905884,148.35587290181536,6.289424362453557,78.2283128719143,95.2867786970157,72.60967311783179,60.15093944698658,2.3027464348999818,24.926671573979824
34.41100159388799,89.99030473630793,281.22769179978195,7.650840244553693,33.237820095807535,66.69304440086188,83.52804180343684,72.94186148850801,9.079075743013592,28.938111857388527
31.87511814287096,43.50245534311558,252.60903532175567,8.61897031619442,51.198501361668214,31.358414514354674,93.03303814247462,83.71929339591316,15.786633311501028,32.40872295895323
27.393260672202203,69.29657319927544,159.80824146274855,4.894926635154986,174.31842476953216,55.495995710629046,44.150672961652965,49.81998687215832,5.212143056167183,31.743963746107582
37.84658079013011,56.25266262603431,216.52453924720714,8.376651650855727,172.8929603252053,64.58624037625837,75.34909595795818,75.81143526486854,4.135441405741181,27.786917260039864
32.32130858196434,80.32444242514086,178.74038661031167,8.068557261957144,190.796561982413,65.77831349632663,12.093928368815941,36.55690151310677,7.680473342490222,29.793070987503473
26.76381708325,69.38408130886427,184.62382674871407,5.919926718284346,24.437843860152903,60.59915149262736,10.46534988334761,28.74811371594996,1.2867308258066232,25.865057550878575
19.83632449400306,62.1435047022907,112.67329944249195,6.098474763592018,111.99372620271666,21.884934689046048,16.855809238684877,26.483609655978732,18.713861003129534,23.378473105784753
24.395506829896405,89.34405141801557,149.38368929497108,4.709076647498593,133.2497785318044,8.19135296255321,47.614064293922425,41.580800400663904,6.8385322536143,27.70524508287472
29.961988166263623,54.51260917115921,41.874000621128374,4.570832750025231,145.02490164270276,37.09508997485117,25.07173665738124,13.157411997418716,3.543840717596688,24.59206567532511
24.06397814035628,44.2987133183818,120.05763366608589,6.6465275686097804,132.33401465198173,45.61460468322409,32.2578694840925,34.903281714541976,17.628670691104162,27.05805641349861
22.867177654193846,69.52657714538596,214.83198430140254,4.929928404737898,156.30216408143357,10.871402759728227,66.54861648366875,67.39560855100407,21.151736307310554,33.52252472333735
29.60265730993264,70.56184841623289,286.90048854173216,5.373008164868459,78.2995994949749,82.42189711188539,39.05960698627037,67.01687615009203,0.986952098613572,30.725534939269714
21.736047609706162,58.5411504021719,289.6579515736457,8.310452397869986,44.09222670574161,37.68735656347601,57.9502979832121,16.472734971251228,6.223194383160009,24.16732093935654
35.609021393152275,61.62965283980985,175.60240335496965,7.069627760627036,48.87084070858332,91.79511088695794,44.178356889976264,35.29257430309457,23.658191959304794,21.921716494463855
28.656099329538478,92.37097192949349,189.85423050668297,7.35134596769751,12.275950999331224,19.668960245015192,21.05207927438286,60.12107449165711,9.938726330352994,26.774525409277132
30.624981027178304,77.62456994079209,72.00193194027091,5.34365698874364,76.56115570018224,10.408820909044776,12.03189907430994,38.03258810027305,23.495505552857317,26.82999941857668
21.242431887141667,37.189113846367505,214.68627026618861,8.228978120044887,27.431369667195682,50.82002991670057,27.441992054439346,46.782946128620864,7.218207190081596,29.725577060340395
25.140679383846084,43.78845460658971,39.784461948828145,8.405908975978864,71.08285163013628,22.96728699844213,10.481544601649214,72.72734662618723,5.842657071512334,28.28418028654197
27.021973031745365,93.41248123831133,99.71199202384447,6.854974171708696,129.35991466158708,94.05293117989682,63.76813618953165,10.815480992183444,5.745656087335899,28.787421624088285
35.78068227136306,77.22026099657953,207.14173723992383,8.606509973453969,179.9508305614958,5.978822853105201,80.59317213927953,34.32263187978189,2.5881021804109876,24.572521084921217
34.94350950789536,89.47793319940246,106.88683683217701,8.301728812295618,169.52503568819813,44.19886913060832,37.27537298255308,22.528757453081468,22.46259106847358,29.338070160772677
22.90550444532899,49.750995159266935,33.95712475204721,7.790958795034971,58.00810027193961,93.04103827779099,41.775550258474034,21.229608083275274,24.505958054506078,24.69561743496545
31.55593979535417,78.22134590562851,252.92371461826986,7.803341620621328,35.47579701762892,41.51972963932799,82.53815096213413,94.39553904735774,23.88546577815513,31.252543670867322
23.35603987098395,76.41017605402824,106.89240199767765,4.974270632778885,46.68373202137895,13.845381657043772,26.148226675488228,43.13730917749276,21.374689425768214,27.491315160603015
39.741437425185396,49.15484905355938,37.669462960429954,5.718762169630496,194.4874638616853,33.77501957186978,16.32022519351305,56.383795472048305,21.248753737448894,24.80093781714092
38.94672531887915,65.80306115429585,40.94068606080225,4.800812489179542,114.40015114024325,52.31098741427118,52.606221146453215,74.57632606212766,16.696593945640195,24.22385605616907
30.39182385145365,70.78198223256919,90.49246366085102,4.539065441518389,44.67542237010922,22.589410297616645,66.38806610565753,14.175377787684416,20.742235942790032,23.89434759011536
33.375856581671144,61.273567703785226,69.84446522202735,5.212392891227596,169.74176939049488,49.32336198860988,61.96717037941553,31.209992193077454,5.60438792640467,22.61139070634889
35.631468408590194,83.76661593277083,236.80403297844222,8.46219232191123,85.08633641938543,84.45260359965457,72.81793930104718,83.2290052862467,10.003859444484648,26.09675505739187
33.861965240987885,84.13648771686931,110.07153306676965,5.579433265662232,180.8522088751982,87.89870716867824,10.39136230643727,85.85517395965353,16.200489185721324,30.340086825438476
33.39623120381326,85.2890356396012,245.31481981115311,8.865692831662749,59.52865409855244,9.679769797519551,45.67915321204542,42.81968101639058,21.93189764775911,26.129621559123976
39.088188174889616,82.22253199138058,68.67687939048278,7.187809498025428,84.71213417280487,20.28581901499448,27.664199774840846,42.98782076935561,16.6815018280352,18.821837909203968
31.122034338760233,61.7254260178144,158.00617027234347,5.567663194356107,105.94007493011607,31.152562897846394,77.1165196568723,76.6069251855816,21.056037979188044,30.39439204703866
31.998658780019223,54.79348937968547,212.65039739487605,6.737088615678958,179.596913476916,61.51225583432217,87.90939598573321,35.96617995398849,12.111763138307788,30.699889882102713
36.68391250963998,84.03945844143408,202.55743908243937,5.485926702150519,175.0639120049606,39.29450208528438,31.726895376609413,20.30427914031983,18.073941573773585,24.682139882420188
32.73759909288495,61.86309480615735,188.31623478047524,8.927881011820682,119.1274633577368,85.18388677737717,14.045717511593786,32.66311962117135,24.50952975618962,28.758709916559255
34.124517684385495,46.014140910818824,278.95004854072755,8.312692427572337,52.13734685836923,73.08382748687907,29.0756563891827,44.086336383948186,4.260469649679065,28.518414311975945
23.15171109632613,62.97732960094406,83.98704135788842,4.618074549520481,86.63782463019626,14.54332219578328,14.88080646059737,14.594014444368646,23.209556961739302,26.884458332706387
26.16787233053156,39.22023842475074,158.2413772493895,8.76499214160362,195.37028241944603,64.33296273864866,35.63010578077811,52.12386236961538,13.297916722126617,27.332069651126766
21.240629605661645,74.95591688892193,267.5179140202745,7.744792982862993,125.4769125367064,15.73619940796295,56.12886494057344,75.1206611240045,16.258841752886422,31.534487663665164
29.12683973136572,51.834883305553916,41.810254366643974,4.8707156340957525,158.40857347359736,29.228388615463707,97.49969066782961,55.20957271428062,22.00779066930756,24.890249204859387
28.02600281496542,46.942821899084535,35.64871511086107,7.517869858469005,95.47429211866975,21.897710185751667,42.94017416337906,16.326789965276614,10.536527227531765,23.97933825310284
39.937581914148055,92.17306850525843,85.3246405163216,7.411170140845584,111.08138233869322,21.44088517406697,25.903792766189007,48.73316755844435,10.75796808480624,20.98061883046987
31.446590361941936,80.49726472428999,197.24594147064516,5.484549356134125,91.50128132418338,63.557574853801626,20.84616533522933,72.38360550776929,13.415954990503959,30.350056264079164
35.30178611027731,81.15951767705556,92.76629540594593,7.91301015003409,143.5549896317739,58.54246764264534,21.43877778317422,15.112505551136714,0.9680010701728392,22.901754900755797
25.348322756668395,70.54192800314692,73.26716746646372,4.891791164908352,171.7794926385067,21.722674514834054,23.296779909838623,15.26655269596619,12.668321433112094,22.98027714597296
36.29399728954152,84.54623268316931,148.46464830032178,6.702503315540615,106.39907321266708,99.06641651475101,77.41536714105747,42.61292347992647,7.631637992358643,24.97958928341729
31.531869262729035,79.34556127561979,191.80745925543522,4.544654432233895,101.36481714088289,45.07448957498791,10.797632586079892,27.156828842886398,23.234877468598643,27.95977590517619
33.333831295165645,68.92029076868508,89.59615796468731,8.859318700026359,74.65442874869542,14.22158617471898,99.75325715958824,92.260709635141,2.6495148194492675,32.445182389542055
24.477477114887996,92.47308612036163,104.19353228264778,7.882036342996091,43.64837191587593,16.45405661073594,54.65520716079481,61.158237129097394,11.753351319485144,29.81262878991111
30.0700446173027,42.453671729487496,191.79660534722387,5.2148343427184525,188.4570673462707,60.469902804026496,56.70582995857844,35.284635147718866,23.712970174245342,29.053112027092936
31.94881341509939,91.31968173465881,284.8067581570468,6.037533179780773,70.05514654910596,98.01159332142991,38.96856847646246,72.02035216211567,22.5753636328027,30.390609399586587
30.960082867964783,56.093480529926225,208.9276836826647,5.222530700136794,162.13137807911423,59.33535465382379,70.57425914415144,42.99375651962094,17.68303683817648,29.69720544150326
38.134261651340466,64.34593392109663,239.21316020367678,7.949778588581916,145.9159340446201,95.15894027858053,49.78835238367578,21.626176705352883,14.93934577390383,22.629589400396416
37.761998618836174,37.97805577038008,122.70682653153126,4.765033464424718,160.27434405284453,47.19262082201254,36.260822071632234,30.876436226235075,7.377907959754584,22.66755516418508
39.36164927329115,65.10698352991642,96.2312206276505,8.281829950036714,187.98594534069946,46.40490484694114,30.188148352264072,66.56176103242507,9.490449262435142,25.220861617323937
32.683416132153766,69.72843887078257,147.19496809673433,8.739883524760785,128.44044444197047,52.500699135008816,92.93686465865966,14.565097327735266,2.7083041864761173,26.228729151124018
39.38211086276506,94.85060021755406,245.99719203926864,7.544825742628349,180.61056524258848,71.25541852477775,32.64400392997992,33.9966355242296,19.759653295076824,23.744020285998737
36.314516000702,93.38750671964922,147.76389970135563,5.458344525006454,41.8624913533358,39.9235168128766,46.457359645834984,28.331410032511364,8.434809313643388,19.99866614839229
23.958307087479106,92.81582397182868,257.0831144611611,6.120405431160979,129.07538943178963,87.06917310450092,38.282433201064485,27.699889739534818,16.86065652624008,29.075579640513613
27.403584730128536,52.64522390663373,296.8561545946356,6.647579436640191,156.7323664537764,7.781731552973892,13.186988605663416,70.08309225388545,9.26107204136603,29.982984782602944
23.244633728158213,94.43232241842783,40.16746640449418,7.220811474910142,61.61181484139307,46.77759852770202,22.663767475815376,82.67188867438408,11.876095814208435,27.588723652441722
18.092337538272435,59.6060798536822,32.71484370343703,7.508983904152593,150.74322224547336,53.544225748092195,23.00268765600629,72.99626150965477,14.097560573221678,25.604074933023725
22.13707256923199,85.36935681952353,61.88511681574131,6.993966218934973,157.910597532085,62.668062634994136,70.89670386701721,66.82404779044506,20.145384005569788,29.867829802776633
18.089332898311266,44.06079798623318,127.62350920561694,6.080912643698351,167.92571164312452,31.22683167475701,43.62561394675187,90.64775591997203,5.67333124974667,30.434775534106173
33.83644614971078,62.879156677679156,56.691818560721075,8.509127762542064,69.44775339322723,45.61059724365436,79.28691849171257,15.138529477338121,10.269751977331483,21.71386655999025
27.36175454986639,92.79078624829435,263.78605373325166,4.866264261080812,139.50525213197875,51.03108627033538,72.35033781174491,24.738511565909185,3.6869985113495307,28.945618156503873
24.876643995712882,91.55704080002279,26.480950287577866,6.598152244095727,67.8081238478548,70.25644797490526,23.244727807623576,46.46780329900683,2.356132370570853,23.47913114541044
34.757859604094136,74.44276705839275,108.42196057403031,7.990041773103663,150.4176736247065,78.48669754990233,58.47710741140956,42.77574462834036,15.3145217261354,29.016602109036548
36.31470904163219,81.8579309659489,71.7144962583775,4.773926993811304,97.96499637768532,75.09359609765978,75.57634037463626,46.78854106074598,5.132730586793116,20.429749496243097
39.45658985029736,41.46773527915609,280.83101244410904,7.674008475650855,123.5334311601718,37.4503899675106,65.13907773019369,28.16803164375813,1.965083877189421,21.860350836407072
32.124298862855305,76.90780571647024,207.45468136920783,8.188702302389963,89.0095964718081,99.94779968423654,62.001568268358184,23.156291771060094,22.478899314556934,26.08997428899418
28.153637087881137,70.1733025417992,275.36847180638483,7.4737408433717345,40.77675611666662,85.62320461978204,75.26303430307296,54.80900577629767,13.590703284742197,27.46019169319112
24.71581463536359,35.950862823830995,292.25203888691016,4.558216015239102,43.825610625019095,29.70222044877205,10.394170229349154,91.66862211805385,3.798391081373124,29.736411265292148
22.891000602712978,37.35533542832896,159.18750822966337,5.310616622094928,24.738092379805558,23.535051538918616,74.48508499933612,44.4933126867927,1.808940122464968,28.338847121548216
22.684370910617226,37.04883515383202,85.60935025344735,6.0395088550137785,127.43380914711574,34.832018805422095,30.902249999575695,13.815082842518471,3.436571308634575,26.38020780603239
27.002166243835575,77.08320076393932,74.244060135045,5.551605160371206,171.24129561108126,47.97276103496626,59.32786417838864,72.14272617427815,12.047762387855045,29.498398822039807
39.81929981633446,39.211488536092205,82.41728127203535,8.831934631023422,13.958996989795379,85.82594094036331,28.01897449616821,35.61723168639139,16.877398751637994,21.374223781496497
18.018781343622873,60.40259762244058,218.40612613416081,7.432172613512071,22.585505396787163,78.94441506048076,84.68766935964958,31.568360642830505,16.211361837158115,21.059268597027213
22.338529739082016,53.203817382054254,31.324803874440207,5.836369308082066,96.91872853755297,85.86838173305823,50.65313865857182,38.53470406142066,4.038365613480213,25.160357714749352
22.144645612878623,65.78276915006415,34.38110044916016,8.683638743994505,150.16693987195598,30.835925916481205,66.07941514237343,73.6957661038931,16.020479320023867,28.440874255704035
33.776628681710434,75.92097166926118,190.280023867282,7.832673897642841,39.96445249527075,61.378816132924435,80.43779413028916,82.05610604458676,10.419207793331186,32.49137283624465
25.75466400715736,74.50696491938658,199.77600108647383,5.780732453221689,61.613750714346835,31.908660916350573,90.05494923177962,61.7489339258288,11.886222715336894,30.31330687080628
28.059737701020055,63.50879453443448,206.2736188102888,6.2049670623088,54.08117824354336,15.357200268351848,74.54589922158739,38.37813032732054,20.13504495301027,27.17944704021304
21.26973087033791,60.18176678467506,124.12654128480554,5.397429862367805,85.81973154751928,69.99878563009466,19.133014738088544,37.32208451432048,8.64623463065114,27.031579738146927
26.90993485529285,55.85801368294682,245.6645688399629,8.869832992196198,52.74974863333852,18.584767363566684,86.18057511064971,20.939134791680747,4.101476655502167,25.551894491907607
20.270395861928392,86.02414663978466,169.41488456345292,6.82783423150533,76.99374892350308,68.43128736211479,63.764902007223085,92.13049224469712,21.89960177237534,32.536746632603446
29.72695233354883,51.50536731672192,49.530376402637444,8.53225509374093,148.4230937457694,66.55660896601387,62.89772704612599,66.15626710925612,5.697199108725281,30.510873382460343
20.15464403842283,46.85877837588717,243.18780597885666,6.0592489695758145,126.09175720629594,81.97360222028162,92.52735318146755,12.373766547316034,7.7037318285887455,24.452165150913636
35.39118438580944,78.31550708759264,286.8589801557283,8.373787213938641,25.42452402442165,18.257687433538617,28.638997788258894,68.2883043764279,17.81145644311425,24.96121696856533
30.46523778589077,53.38462501028722,36.81016764066043,4.742490817922238,131.17167658668637,79.43061410833704,27.760823756933164,49.3495013290287,17.24698276791138,28.261479093223976
33.92729322301737,85.05490898422245,129.57837483616237,8.919406428859297,100.64466259625055,99.93126996489252,53.75338769602138,95.58510074812891,20.109800521453803,30.429623606917474
27.207360506359045,51.31276671141441,156.50449255372934,8.604154651649862,187.56745919435636,85.8490326156607,76.3319913208122,82.07805658296381,5.004732715474557,33.04586739542732
26.392808451329003,75.62641359734823,61.01181282192874,6.134413251494947,64.96782024977011,76.4221472511283,47.48786728170837,25.07578633728624,9.130857386197981,21.708642352353742
20.160595559075,32.93208540854685,262.9585053792056,7.986249743915598,147.9716197428404,67.90570869599722,65.2196820397782,73.36977846098824,3.5841393544283964,32.474809089251416
29.5248233549421,55.0615872071708,99.56190056921233,7.885160669132217,148.86355637846827,45.069241045115795,47.98984880115829,52.72980833750318,13.755459105630804,29.658129396036294
29.319047626856026,52.30996137289085,239.24239118268483,8.555646586963192,52.0851483917456,74.39751594970221,62.98678214626203,26.45997440295368,7.66797951719818,25.963292319751016
28.29824497789132,83.08411805293503,207.8784549679285,5.88264741507965,181.61248874447787,73.79691333834306,83.11491874830256,71.48911184503552,17.37892320470979,31.734795011574686
34.29140402301388,92.85860120984015,187.45283029076657,6.594840023913672,103.32480808162458,64.9923368552924,22.145286128637714,58.17010692509359,0.5084370156212563,30.800349864792384
36.3150968007118,59.9572829850425,73.79999763503523,8.392498256727238,138.98783970896744,80.6464459382937,71.06096073056848,12.672901331898203,1.9622334622596918,19.13713834162841
34.51737284886718,83.61435801499428,81.7969857542536,8.003607543608473,37.712556187865864,47.63256940054929,79.80544523712742,66.89973964653669,11.097727362723912,29.452620441539736
21.165046341750564,75.48015556222873,33.25755332903941,6.270600234331257,58.98274422847416,16.51900765257711,47.475583710769335,65.87886390789478,23.97551182140143,26.690896734823248
31.685309204206376,92.88008919814006,87.39948033903458,8.305763548104549,121.36035240807233,58.111434122877554,35.70718982144616,22.679494172528713,22.32585899029998,28.100302902641946
19.767108325169733,82.72205343228362,116.72421064894395,4.711293176545807,70.61518099093641,30.17913522757755,6.286710772818198,40.710919975708975,24.85322118751859,22.276219435590964
33.28169032369048,35.036074287642485,253.2806850814791,8.019208363333455,104.94165452848495,41.52114425576927,80.72497712173889,61.55910942609151,10.712340509169099,32.57472402596841
26.40046012434479,76.36331195484536,122.58994668014549,5.430446367451653,81.06098788092496,6.654415874416472,36.15417260841887,22.212905241392228,1.6409279137069128,24.546060050102096
20.914977037858307,64.8074815024543,231.2940991743698,5.787544085207042,131.70522136236912,41.365105852198916,38.94439959376477,85.03965724945857,7.995925479484179,29.8483993349496
36.96511885347481,31.068343765601266,143.04383876273653,6.719466796180171,102.55761892835369,81.83610508286819,36.92058549438717,12.418772073317934,17.05638587826181,18.33163329151965
31.50818345885662,46.33534231715384,239.76312735828876,6.523805254814883,10.875887834901953,56.558624859134206,52.38023642717212,19.049692517303235,3.811513339301674,21.622110979143645
25.803949294845605,89.91409092674805,293.35604812237113,6.842565480914464,133.43935920962298,5.931050058727249,71.73745945581233,20.2174089472298,7.849318379620025,28.295934622201223
18.67599795231099,90.19398923113894,87.15563625612243,6.951490180524107,90.20309583953453,49.63516292278549,78.32699744504853,56.47342708580486,1.8760710313490376,25.14898763257904
29.82082569807943,81.92527991304124,261.45565134988533,5.991874609641736,74.92268469314234,32.68790652631371,42.29421843830004,64.57003307083903,12.136692440560738,31.47572107719336
38.31096932669712,93.81567421306931,194.11074416561692,5.288523808576635,27.887882933812477,50.367312262731254,67.99469332929107,45.52919009213082,5.618556603529655,20.61513554398843
31.120356319452046,82.42543960057331,248.84239324482334,7.9581655317928774,51.87024120763338,43.44580853754832,73.46500377577495,35.40268083479863,2.7355766590255577,27.987811473054805
39.37631330162885,30.66327217354094,202.44405263498547,6.29989267089214,52.51673540036215,93.53802585795124,33.20714650935125,81.21992905504905,10.574787332320737,25.633165125635124
21.001924601950087,48.70923211959827,138.70586203676203,6.7762838810657655,187.7202048868985,8.911843401486502,14.179039606023862,16.00916656792497,9.105022407166796,28.285017171905757
30.50271230108641,31.990571845454586,83.86098304370131,7.401135232580032,92.1774652018439,69.94086107178356,89.99324346122394,34.665683779685665,13.669184555164561,28.55523834943614
35.558751056141446,36.117017967941365,39.6098630927262,8.593370650379953,17.992510970882307,85.84752664866544,69.32601731925132,13.442170934749427,18.85144705518416,15.300801267603934
29.561896084765756,44.22465310180044,169.94514204900076,7.6839877401309895,36.37516962623097,96.12766554179517,66.57048884324769,11.222331877031586,3.257934042449378,28.506163645793876
20.0034598317244,62.73130551115896,297.29130646752236,4.70456651515673,25.016208389253293,21.87544152170811,10.595738945137908,41.09743005003371,19.882576960145208,28.785939028200794
30.82349203403879,85.08958022503116,226.65170540397776,8.273521635291079,121.88518413937015,55.47395618678842,82.69794046287302,27.144482295154013,1.144104506941913,26.811703335406683
31.458233928534376,86.02783915021203,111.65675159172466,8.952097568073835,45.45808339769708,9.141009845135132,58.77514482817505,33.61619522576567,11.35599661114827,24.962350199430176
34.03160346645775,70.05312080622427,251.61734402428587,6.62618261417122,104.72595165353744,52.42243482323341,85.54901964516878,82.2433498560372,14.892042028704108,31.542130778846687
34.746653333640424,90.33143603930527,235.31552004939383,8.863156514045702,80.31179194529535,16.918518506393283,97.58331245499234,24.342248469931484,23.94646749192504,26.82700338187349
34.95699914063336,62.50405122836353,98.8580221389679,6.962979340544172,162.73651165739787,84.60018409637777,95.924530483623,78.66053630935848,14.561114158306417,34.1459960274591
32.595776660057254,87.7873428686581,24.006097142385713,6.5682719814237736,70.89303108041884,15.81765024750966,86.32848790706971,69.40445483687999,4.38935523514902,25.217135641206287
22.747846101210477,59.51424166158078,53.08553878950589,5.991321441273548,97.07044165539358,53.76239423671705,6.040000513980045,38.72720621239328,13.179774230925775,25.467815744898083
26.893186628468545,48.01962548242235,265.6457332873761,7.4589969412500245,147.0442542335869,54.504126554311604,89.14408478251087,58.096940775513325,10.196706706189696,28.29511781009062
35.074859397516775,89.56683967652779,254.23764988536408,5.534191892362701,92.33672931682148,97.30679730350252,12.130919813626322,49.11033366015941,12.24421140620597,24.43009766926586
38.97539363481789,55.215779919126504,102.65852024594149,4.972203983314819,160.71095184250592,67.22316593369437,85.86342716679289,21.29878776379455,5.328876859147638,22.756865727266604
19.736833226405682,62.72126707489001,99.85471935963771,4.622566961628963,135.72002768496634,32.34482784229618,31.616536518104247,89.83230831260745,12.77026253662616,30.806004862136568
29.781806911538286,51.37594111449402,242.0021963886919,5.815710507218687,88.00053164987604,27.875934444123153,62.956492160669924,60.12638114754689,4.175974225126483,27.251117308471756
24.87548996913474,73.08444401889744,282.5664915707182,6.2809687447516716,105.75656588040891,17.183579536281165,8.61648195923857,87.46112403000004,18.729055476926312,34.167933812243334
22.958665674970256,94.67702962539231,238.158431903328,6.984345133265615,193.76865661001676,76.86889878466066,78.26226113123167,82.49673303956955,15.050703375527148,30.919364772616575
29.12783503743373,31.658380676210026,189.5620295686132,5.8173742133415285,135.70618433659456,70.62188233732216,15.612081612132291,17.020281427229243,2.423928443998691,25.084930789300476
31.333965492243806,88.4901203904616,87.94797809290527,8.928268075734351,181.9490929347417,62.938327094270065,44.01537630919833,28.239818609623818,22.295554464260004,26.38252550975649
18.21498909122859,30.25519370430225,167.20941594667298,5.812853257085254,43.96411565950223,8.879842080248892,82.65737022090363,22.78297806498511,15.60130031308314,21.07744947106544
35.164544588426196,53.67481227450372,85.3833204061141,6.484389248008839,101.81486968657886,77.46874230745797,71.05815466829183,83.10859888524885,8.24462285063187,24.924437088420884
36.037406887707846,40.95944240881843,246.2431976270966,4.9647427448935515,182.6457172705596,65.97931982910552,5.574056201516356,85.8953031280578,1.6182387884191025,26.50204133773501
39.24123814049453,79.22721574371585,128.34910226496643,5.67281931001684,71.29629167386935,96.5694424704964,43.288071781542136,56.4614928631362,15.98955404640501,24.24699666496335
21.974162130943288,33.289704649216276,253.43522075832735,4.71749462905046,193.85619764781995,60.78420233829715,8.983114111628263,19.16767038070461,9.649286403034253,29.088200662224803
31.080156371940856,65.97652198298132,126.85058103516309,7.017788850467976,28.444723189994914,33.875431132862275,68.98248677775456,21.934262431785427,22.736643569522947,25.383409414568224
27.38575821648068,49.17019869994532,250.76183345596957,7.879791074095943,181.507522352257,41.244452457985425,97.05010671656554,81.59229549456752,1.3545069014972766,32.91420536307821
25.366212734217715,38.68856617620564,113.32898824626774,5.380694164512306,94.59030319251315,21.704867010932087,67.24981991857211,91.76873201458106,1.4580096658849617,34.97666907367252
30.443935931625102,80.16818378667165,143.23715729294756,6.155599220172318,24.011391376820526,73.67684730913159,26.3153809561678,27.55386028973779,23.757832529219918,25.903291050078387
35.212428050918106,44.13209422659169,192.3367574159441,4.5747730202722225,177.10910259135662,72.2335577020639,38.74713804632131,10.98010672955123,24.139411669147904,23.629127801074606
18.507161235794623,44.538888783571025,39.68053192837723,8.277849250749954,57.86864035773156,24.061751470379242,97.78180278755443,39.12385565326846,1.1796845559296458,19.501664447951043
39.32680247645611,47.879991033965,285.49797730833006,8.009835862192514,14.227523844092788,20.056485702316465,26.284979143073254,12.683946289013559,18.042814256062524,17.652451747620912
35.81739488552564,68.13983964882178,180.6096201146649,4.784643138934316,35.803350058146535,12.315468654208487,58.34526194017205,82.86179261486734,5.9266238820565915,26.16984193320534
34.525381480202725,72.87828555989864,162.18960411342465,6.141904241941851,135.2318009609547,91.63769564976707,43.04311182476575,53.25307863591014,17.684122774008777,28.981186342887217
34.72852240797108,31.144164040587423,255.0303119135754,8.79878976232273,195.78418293625703,27.141634201010856,77.98995330318105,66.48374853114575,21.783953518120597,32.097904334157946
26.559335611610358,45.72152634739637,262.4135643711117,6.264121752355397,31.17780652086819,37.69553504142137,87.40198083808927,46.21066910001571,2.970371232125747,27.778513681258758
34.5356521185859,58.01310476284338,166.2329132681245,6.867939045258073,97.77012914370478,31.64792829586161,37.37954106327819,40.40466413709841,6.349777210670029,25.275648613512004
26.50894458926507,51.578501890480155,279.63345122221847,6.098592874546599,44.320944680031175,44.29433724802515,67.73765455144135,29.553636350695466,1.0899028739991232,23.836456615818665
37.77155025064545,87.4710928032076,38.12657450141458,7.182591246577179,151.5569414793025,72.83463594133592,57.159531264184096,77.80686413935682,1.5738312133887995,25.619876719480942
21.898892432742333,81.20106750761722,51.70322183034091,8.9017059403657,32.43119095474469,87.70658520399702,31.45222655526617,71.20818742856659,1.2256375263354675,25.349659143481805
24.431643332733334,70.68286401002379,187.10070440404323,8.988761265665387,55.56993221136902,22.346881205211314,30.83437626723516,41.74415063565558,20.116717732447157,26.526447711416537
30.129425939379672,51.97275703980759,119.13844130220343,7.986217401050361,47.31713385332356,70.20917265541068,56.17000651556888,38.2582198183281,7.808170621554028,27.25665785858895
25.022642789519995,75.54370241500038,149.98304653297566,6.319399941091977,114.9787582697258,38.49340351303609,19.63027298556848,10.109373321083751,12.583680269513733,25.52981613539841
27.333219396496013,84.83647083497664,111.86218101120663,6.724944903730448,175.90497748012012,98.15008098824282,82.02694016583479,15.592587444001575,19.8021844581269,28.391889117586715
28.83329916676908,68.66397452833414,133.32308720458198,6.1052909765053744,107.10713821971953,33.3973201319873,11.55545972403819,64.84648619055187,12.626119736314593,30.253178976538972
36.83977367389719,80.98999534806964,250.34097720096386,8.935085834569557,21.066256026579538,5.683330820746696,13.984576189790051,55.28544330072063,11.015303534302603,23.142065009859913
29.510229579391243,78.69182249098361,186.1733359592053,7.684921376214317,117.04389681339794,53.98579753188529,37.51149934809042,48.262681994681984,0.7835435589917408,28.14910491047914
25.97411666952033,67.16292522542093,299.25647379937953,6.520191504450801,161.52898987042178,19.319453006214083,16.218717028727667,82.82019719054594,14.416967812150526,33.1465878075735
23.450195608772546,50.29190909339821,240.32617538986963,4.55451871549321,35.109677487821315,9.226970547747914,50.19150201927179,54.343041987450505,3.556205414358617,29.70727053900563
26.99087153342834,78.47584027008267,96.62655114851147,6.842175364757468,23.815130725472425,71.33557703503232,42.96920959197768,43.83543516384415,19.233881899380144,26.131515103445683
29.34619429711614,43.44176381324442,94.01663296347495,8.92767690765728,45.68347773593812,74.56463183830337,73.57193060914312,24.190558582198676,6.8145742334679795,27.221891691702886
34.4145268584712,80.66674252064969,114.05151563276199,6.853774090378733,151.7564013361092,48.76640624606774,95.53539474492344,82.22054472288649,17.01759156481205,32.53543112706913
20.663073075791452,82.29553498926464,256.11265458136796,5.320920084701012,122.41927971108029,69.30412409187484,76.58806555021697,60.70984601066452,16.332476431704645,31.406895759041674
22.87540214126132,83.43941717207426,27.640542182158367,4.599421861971487,112.71298425273228,56.132747583477716,22.047622973657415,18.136477001202643,15.608552271785493,23.898334822680525
26.35238834911081,60.73953811359975,84.45075808395217,6.0961669115589405,57.401179980035984,64.83110523358351,93.8745221191183,67.10305902374267,7.040324184661219,29.466151941353246
25.92876491262932,42.511249905077406,273.37715769639476,8.63202625063473,73.1249530969033,61.686877452856315,42.252676092541385,47.40622560298007,7.04369954080142,28.77959163329102
26.618457927314658,36.48203400429447,199.17100210331054,8.984493486791465,193.51815245923504,68.25316258528127,50.047989288056726,81.40198767574364,21.64467706431258,35.20291840669757
35.45746782208714,78.31848128171507,83.5171867402958,8.754155886654011,55.71879307858328,23.96491162395127,45.049742550210375,90.86448453564766,0.8137796494454613,26.737680565746093
25.131396865167808,87.60698999443785,81.3605911051225,7.782389969644155,181.3126304184668,30.52712890348652,31.6519672123333,62.84099155950965,4.947304519621969,32.37132817949271
29.04175996885862,72.30449332439893,261.53306849264055,7.011642277982949,120.30098584696995,46.79649920323074,90.02920734076098,74.38192809957624,15.449187482228634,30.80384659454045
31.725954722873723,39.37040392524402,270.252102317573,7.1580876587201345,33.426328610537084,47.38216089482271,36.56269226017853,14.979994588990582,20.51763323287766,27.223255850322523
23.107928104039313,90.76826915364231,91.71670546939228,6.925464040913824,98.78935184946292,78.5691126007559,59.9666646195569,59.30248004010184,9.279464962485036,30.680491106591912
33.81129851724586,94.29163094505577,137.74290026142904,7.681721872153448,190.22425629856642,39.902397626805545,27.80319051556137,76.46991809528171,16.509364735964603,33.038641263631376
30.03644903424218,58.169609645769924,253.6868068159288,6.384929520129086,89.52746364609814,20.437989825622324,80.75066060316713,53.71506915407313,14.150332280695789,28.9037742968658
27.829185586690315,68.66364380279512,235.8820828107679,7.511418022300944,174.04344730997883,28.88926719665221,78.54887265527272,62.23240787638167,2.0812325598098673,32.92632398021978
35.81524858824291,80.51985380010775,247.89650983850365,5.047254517307405,58.721451983824466,25.3996827265017,33.14965315246918,89.1074403311319,15.732879824801614,25.393718150599152
23.356895702074006,77.8653363532529,165.15149342063125,5.6956288795266765,118.47520884207087,74.50770182932209,69.7476369486281,27.43276233874555,20.44063507067609,24.88981263953406
37.42987135351511,92.9061674756742,275.2337335254485,8.262013674638833,170.33189105837502,49.6822633894683,71.86798564402022,18.645692664568244,24.81498384733553,23.006892633469644
30.34307217806748,37.46740092012128,111.26643230724187,8.56687018834526,184.93080382224215,72.31991630724343,58.438584529952784,70.77663795627609,1.2261817799672101,34.14575397261845
31.401847346352483,67.74711629928237,63.86819761730505,6.925537069021349,102.30643975874713,44.54086967197456,62.05684631580866,82.41070368597508,16.671425228304766,31.025948306829964
37.25129721171675,74.97554227875099,218.44505311816215,4.642360277458196,131.54073940763152,89.52488223787098,59.5731906376256,84.84313659526559,10.656464052125074,27.257324800623056
35.98681913268539,87.85639757219855,171.019236481931,8.671381068562956,10.56622484864288,98.43442923365978,12.777118379510334,66.46471574402739,0.7398032733020294,23.59388325240772
31.23436551408181,86.8171258016798,259.2840152666547,7.659289161122789,58.112428427544025,68.6350383267481,68.67520774780957,83.3227807990307,15.551843120858528,31.607366681247267
34.57012948465983,93.56998658148385,42.72458975492019,6.363125656899124,62.95529971191969,87.0621929374408,49.62862593467567,71.65845010364954,3.4994688146130697,26.595257874234708
27.533028785123733,63.285099505949134,256.2338729626587,7.192705244397734,27.763672214341852,53.25366038134595,46.653441651434285,17.689168599797586,9.774887829633848,25.745015854857364
30.042310576994417,83.99945634285973,102.12250289847022,6.433986754986147,63.14205253782556,93.78897983362126,86.69992578427107,77.05982869387896,6.903493765965856,30.299524719664426
19.365543007587245,57.7733110282763,203.35958680709123,6.594026520294229,71.01318628104644,84.00071613891866,7.206537778806182,25.78365268042901,9.348503355641933,23.00000832584052
19.97687419600103,57.4504020606421,31.23606094191162,8.490644395467307,194.06554751795673,99.21896431777371,28.87491720608174,30.821622148005602,12.571041746773265,22.431511491846315
36.24735889209931,46.46764369073584,190.68276296500818,5.224879111127002,137.03445230655916,64.19390485613916,16.533332485060903,44.72925517588251,9.300633545993104,25.534371208655436
19.312776425014928,83.18542365624994,220.83607297245408,4.966511109670066,90.9409650891054,79.02464032548171,8.357399237923946,37.68190183671765,14.04193082944371,22.525394981516385
21.72678076391736,94.07798187787851,123.25006006157368,4.512279350308571,197.73034753214677,56.57247329793028,31.189314779215017,38.30535297065626,6.3469174107049176,32.90792616904883
35.50831849690971,46.66221234257176,80.31499747339927,5.91300169025457,39.11414084457613,29.61640990578517,98.90524591549438,24.894838129956028,16.06636330199535,21.499737780857213
18.02521091382164,33.6485532213697,170.5365894489926,5.163361949179923,100.44972684679206,38.70174125732699,30.671771454719508,35.860652145639904,21.41719360105891,23.24878778881728
24.212895234609014,83.01025843223547,253.29342524198103,5.489934728121501,132.94181933931938,89.93051439947503,68.05205288059828,11.730307917877596,5.989642649422704,25.45584654936614
30.84885047218568,70.31495341475915,110.59326032306222,4.550575421994196,20.560320551974634,10.315054926868953,16.238394553868538,51.61616330857269,12.942991788462752,27.394891745502477
31.099898492324527,92.38042203581529,90.69140330595827,5.522379366094665,146.22978303579256,61.19058917706877,62.175524854486845,77.636004371743,16.392899721472272,32.30704565150925
35.09736398104842,46.3955492400019,98.10188641855255,5.997202118695682,28.97479705517808,40.385983087890324,98.52574089813976,85.87776849178589,14.333340214728695,24.26820147580998
29.13037759882775,34.61679777008327,285.75700281666604,4.642053733844466,36.65363863393862,41.73579111052779,32.724564728744205,82.19771318843058,9.458411431709536,29.870414109099585
29.206841129681347,62.008746956322604,120.5975364140767,7.235568559337165,40.341007367795974,89.0342646093079,85.56718355568037,46.64827927156996,16.233892846140833,27.289982461926996
33.95683266189541,35.55529149273459,21.00918716872041,7.059601569976911,186.48906706454838,86.11312558189152,99.76928113482087,74.27753034241935,1.1920320521468677,29.75586476006934
28.969738191858237,47.01635007167599,238.8707382286935,4.936661003294663,139.81475357625186,61.89002567938452,60.91263842847068,35.3343881203787,9.562702683912608,25.978985636092926
31.38680390439957,38.18856095324594,215.79694269390924,7.177543998832805,134.53122520958976,30.927290503411722,34.39310454066336,14.889497599150378,13.548999258704578,26.67887850106743
37.75102950161112,44.56859167790512,55.99911408883129,8.993942633739948,115.5437643283485,50.16835288539228,68.98546969041985,69.48549423443146,1.0050223914786844,22.303695550701587
26.831922167472182,36.89940243339047,295.77318975777547,8.750110287651932,65.63313975206954,43.78787240997552,85.26057959551879,67.09406249680373,12.937396327265345,29.648861570348338
26.47275156022289,92.00388996277354,190.25743988543113,4.512019470154485,127.96904387387677,38.593712774237055,21.27827308138794,80.54338680073305,16.529234288757895,33.55576667080657
18.07807782102497,48.1065763742328,160.21825746336842,8.079202400986619,87.92844677884156,14.76462996294316,47.98899756493807,64.21734618985343,19.100588593969604,27.974549868946916
31.495377753467103,58.853343089516756,127.0213949344095,6.091223743064187,37.62906851759683,56.59581923795543,35.32283246176489,23.806462997704642,3.2776649945310448,26.67466420963525
18.654981962956903,88.40976749622445,271.6283715578186,4.786431166505824,141.02348516226928,33.67397329807594,31.919104711426087,85.07829050041744,24.768839434846523,25.775099685179278
29.09126677402296,74.02590321749582,88.30977479719772,5.831924461722936,34.62061190668531,67.7767545781152,86.7780197703164,65.19824534564566,15.35110868270984,28.390161438036557
35.69314335870899,70.17243623651532,100.01529206157252,5.9478143234083305,46.22703039402291,35.324373903425425,45.05713064807466,81.06965351508035,9.398247919002085,26.30405785233352
30.098263551432588,75.8616073734544,54.27502587223873,6.854599076890755,165.3628692510451,45.960531847806166,37.21225247137171,78.12142659309158,6.602774934189489,30.281907257111765
23.93199563476687,83.87344671184982,232.55334676359283,7.474876952709845,135.42224826377927,9.974235548468716,62.3335014354713,36.21207487580778,14.535973111243658,30.08639955851982
35.29570527188616,87.04850241036445,186.7537985136389,7.870750254937835,129.88831930059206,99.29111664102038,25.84315006555122,16.56066178698061,22.101935355580984,21.776592837534395
23.933774089815856,71.77157859322672,190.53852739125952,5.6065636915347,89.45852902511757,53.222986411141704,26.839881603967502,25.53238799988347,13.253852205463437,26.286511253944767
34.12669918080977,87.85047285511375,81.17172068544981,5.947967566118237,85.29329846548052,7.302571445596417,54.42742943279294,18.171885419566067,16.706065362321525,28.78825280874895
31.42568601418509,64.800839282656,202.32714895558348,5.887717680868809,141.14989574522622,56.41691258230868,43.88090922138749,31.420294023052005,9.263562768743725,28.42462734180314
21.739918528456027,48.02390565744752,234.3283652291219,6.132315906543944,150.6010523357187,87.68362993403672,33.02332647262082,50.43884002628738,10.00973105817983,28.522116684785694
37.912945246572086,87.20498607744989,120.208788603193,8.998453390303524,106.94050844921901,78.39245275528926,10.125357566039709,89.79933323835289,7.511290091411354,29.53545731360199
22.414161025058306,65.19573378185066,244.37720030927943,8.000744862723415,194.16115642621997,71.58613499229814,54.47355267065955,86.73765052101585,17.788113712021875,31.578091933114
39.77091563109474,88.89894319187023,117.66136478896587,8.887457093709138,191.58291619458566,18.249142186908315,82.57787453210213,73.23678372842406,9.300095058705844,22.44803318843273
18.160830750408696,32.61090790678778,232.27876922260054,7.618999767961757,88.36160310242414,67.48502250380987,85.8808345021755,12.121887640208687,5.172551899010362,21.891063210321537
23.796634297143868,55.83852385018031,29.444430088161315,6.328218157412779,165.91822831379918,77.79834591116473,27.36679807397762,40.04224971620871,9.550313993572829,27.887796000109628
22.396926540032375,91.60732619356043,174.32608841262274,6.253848826321387,113.22088990369892,59.37981107672218,61.965914375011394,70.04666153063775,21.41876659190253,31.489170133442034
18.30785502375018,46.22725602928968,291.46743697916827,6.698615152387703,107.23361863586315,89.8111554294334,86.30872439897934,21.354542921838018,18.587175067634625,19.89935168047623
34.11209380324094,91.19985599250202,294.7484881910694,6.375914025139968,20.44317166194385,31.314029269564116,43.828963186245154,80.49573080139996,8.698700689357315,29.760217114487393
33.25536764619112,92.00365997340126,98.89072193568737,8.227468107417355,119.05519498897893,28.003746475228805,93.55299764421521,90.48248383890824,22.716819638499206,32.20244974656143
35.431721215808466,87.33925042468096,143.59174550249952,6.592509058620118,181.10980680700126,87.60912576955137,90.78296026730753,41.16119130412864,2.3333995603779405,24.109157924131733
23.647368022220434,66.63842293106441,37.63381423625725,5.830264620948807,158.2254313470675,64.41283308418798,24.772720254786893,72.11418944401734,1.7189678896342588,31.051747928676658
27.77537367582534,72.0510641902415,264.53556612928793,7.986871209134933,159.4002574928598,5.137485949494936,29.601659125519358,23.041963674846777,3.623023692238411,26.461363155897406
32.500497475674045,86.5251048992415,179.20020287925996,8.344891842216276,40.38651732950446,38.54748380854999,22.141989871367045,70.79184752194638,3.353141518535776,29.9452348280054
27.67490708553916,80.43331035529698,127.82819010334477,6.391930302632032,78.1053949553771,86.49631865239408,23.625163388196718,11.88807628125981,2.6519407178023426,27.30422447710219
33.34116694699415,70.95610021460175,51.57575637696286,7.505138573574894,54.3089341635448,7.595353605965612,91.24689828148232,23.267892599376886,16.702893993950813,23.5197723791996
31.947414985689726,93.84686151159568,285.094839939129,4.764620402497371,70.02390366657083,5.308553184843344,93.45810137329919,72.46956730156296,15.220638301557885,32.05972101619951
20.522251666487882,74.56898136169012,168.46133338987823,6.8825918338716,120.11247526380782,31.719632599887326,9.93023791258744,72.64281961311494,16.366335009252012,32.05924715796875
35.182948663693296,93.40632950910447,99.21982014321308,4.702415119854786,79.3089245403471,91.8300035158814,61.392318788859455,66.42231811437559,17.364968326969734,25.543988445695035
33.8548799000354,33.7302508494609,118.06023643682266,4.6313587822251066,116.53258531821055,90.64037023965155,58.6019984714693,52.00803414580989,19.043553935776657,30.041546741277223
32.42835652758292,39.03242409824381,95.79521065820134,7.258161827352326,93.31523717216963,54.28238485114325,42.102026438823685,69.39191202313117,5.575834723417054,31.337822605269114
21.412059337962052,59.34482499003189,188.5067464799546,5.865009220777442,64.45695610544826,57.55750275826415,65.01127131819516,78.09447024941336,15.746436074252596,29.958388095943643
23.895921873498,55.01716495748048,280.3898012185428,7.841417231049594,28.12665249898014,36.540761075132934,94.99994342353075,95.05038599523346,14.711192153741145,29.2137531517891
26.64989469492721,80.87776468820681,259.874264931438,8.532371522846665,179.4493068955087,28.154982892641936,21.174213858603885,88.20041077627724,23.619670632185105,35.076084117207316
24.158451676441757,40.439911720498245,148.9066451192737,5.127260281786578,12.160939540883247,82.44607615015123,16.439036423063285,79.91900982581896,6.19300924387139,31.37935302764183
23.01182639487489,93.44618664224676,251.4198214442822,7.760352773605158,10.313972746974521,15.098011747465936,8.172104228752689,71.13866147086482,1.9387118921711193,29.27534058896774
35.717868743559066,50.47928189195941,138.46953475737234,6.815339992297545,167.09157055507373,51.298665233470395,39.564164244813625,60.52568799804832,16.510629208006307,25.36132302149378
32.04110941992445,57.880041003110364,90.64599941241865,5.004536625732145,199.3940786619001,65.26773965222303,37.07470532239727,20.61357645496863,18.63423458579944,26.300392014841037
30.440386894105508,47.85842710860149,295.3562322745998,7.432166729163261,148.1495372655947,14.849627585247775,45.92787037507117,24.56900210465858,7.438302142284991,28.057221563569666
22.970959638771586,67.65863512622558,105.08851903183012,7.242600613979128,12.9020292319481,54.36267406987289,52.81445293369015,82.18460133903915,14.48578655802189,27.809383174685138
38.19768436991011,33.81086552746795,110.64278467633434,6.820388403303522,53.07114306701754,59.8645223516821,76.99327943289319,80.6915362742354,1.9586336055866893,23.283264509322294
22.20602686014096,39.72903786207917,297.11400298022625,8.66912042051846,194.64631304977263,75.53712574819966,42.25077209346424,64.07238548565593,24.02109860862308,31.987619807824387
35.4889205221429,78.47685072221708,57.49969808638337,6.844858632468075,163.63480791302862,27.309424669015623,36.40824538931719,48.6179316790215,3.193161845829631,21.016476440800268
39.26679866751645,42.12253792131226,232.94951664271463,8.957318019525957,117.6919703228951,32.866112812622035,83.55348792466455,12.290873184477297,2.155478135723895,21.855073595463242
33.996040042933195,45.30843935118308,282.0275723751634,6.791529662316499,55.00353479366821,59.104508930138174,85.73068371209736,38.79157094251187,1.5806989076181668,26.9644529674315
39.842893054061854,81.54384532211445,163.3025983971172,5.021334172356154,12.730339126082306,98.39700894825334,27.11276660786855,47.01628986574797,10.96816170933214,21.105958122447568
32.32312457351483,36.06457659322148,20.70609327678961,6.617120629837637,13.96367980110771,25.66185236791087,34.89382315757429,52.751833183261006,2.880413714701156,21.942047629589585
22.78412755928569,58.43579848010466,125.01650435166975,5.32047943149782,126.27636407074306,98.66086357672908,83.38605523645839,91.78056467338641,18.743881903411594,31.58864026654024
22.48402886176325,31.499120154819753,51.23931786775159,7.187100683478423,14.148056506960392,72.86254064017572,12.543783208287659,19.566427182412568,22.52241693534694,20.624070569655576
25.140414253620477,52.54248095566375,136.5325450614348,7.619094788371205,198.78972696582082,83.4777966148522,35.9554441371201,55.66028894061979,6.875363841958998,29.590656144293558
18.156860444862133,75.43379116969905,241.2074932598397,6.607958754181921,44.84292836381024,13.515920482452227,47.59326016888181,42.377162132328614,15.904941421659274,21.793465094998915
32.99736634182236,35.85671318161984,142.83923368746412,4.939663354574167,145.0343987551627,33.539917805910065,22.771803444054246,97.12863449101255,1.5372919517895354,31.95010074762228
23.910691261812207,87.74175074061941,140.9390339768583,6.608886293625988,39.46134706835855,10.484946566843199,22.091848678016326,85.84403343289567,9.970829556473488,30.411135495062005
35.93403111044056,89.11743779114654,175.90105353727705,4.866543966304802,112.61775000856576,40.29696452530165,45.361895511285226,48.61315517302504,7.677081778979344,24.5020242345163
25.901798312304606,36.82437438313378,182.87336372935044,7.569566799779403,25.31614480858134,98.22251769240494,76.67956384981129,97.97321362321892,6.101167862788791,30.104925054445378
28.55904285619288,94.39760836442548,259.76296646371196,8.056657011892893,155.6879006613162,15.000940909602155,84.8221330570246,55.23756568949168,16.295725495903127,31.170876212513534
39.24515616432812,49.33942097070678,106.33952298410641,8.830711472521676,121.13500799771764,58.42541432526395,98.02733379093647,24.70636610004326,3.690584685784139,20.357172641086258
23.327786707040097,35.46660862355439,250.06795402304448,5.169609482078054,26.371671746268856,5.5767091673121705,12.02848475871331,58.91697288075088,21.587407820776214,26.57252516779101
33.86759014345427,30.329362442322047,178.46144963377324,6.895891509899869,171.23137594800104,72.70486752418596,25.584809108869305,29.9061073907209,16.788479706034,28.647290163780543
34.61259136471918,56.553988224651064,104.14827392080115,7.053918153909384,113.93353680757338,23.7333057753439,76.87983502649878,65.99552992671018,17.91301187785742,31.58887476812124
22.861959465519973,70.93764907089765,102.6352923217016,8.65114440201441,185.10253890253043,17.310531026852477,56.356877075287876,92.49473538978546,23.41593556211287,35.40272892146734
29.021930405468304,51.59165124371536,121.11850478960287,7.322744882684314,184.1584409988414,37.016692155274825,36.129578526429725,79.18547476148248,23.58813535181161,35.436592734131764
25.704442356885302,84.38662875585047,194.35410793359313,5.154793405403945,184.89648000245066,78.24920830420325,24.531017818488134,34.03840475687686,14.015481933571277,28.8561186683729
34.98193735480196,76.57940791172825,84.62728478078576,6.463580957834352,24.779188038088915,15.128243199565027,31.645367406032562,36.12355899700863,12.63680552350652,26.19421650250501
31.694633018638825,52.760499577922126,277.6933972682349,7.4464313782781275,32.98197473335945,26.834704600876062,45.78245027859043,16.09736187194746,8.716849401559298,23.398415150896007
28.471627206932034,77.7301283295593,180.9755235698121,7.651279944311838,197.6641038460776,5.8041200536444055,21.82936585307311,35.15636953687241,18.031504449960472,27.88514214188481
35.1459918310498,91.13170290300124,277.6044175588819,8.383832993657581,102.64415606575413,96.99941195608372,96.60146580829131,18.150982371647917,13.686117731005417,21.847819840538204
23.173422540185175,36.051239905296114,32.99322040216332,5.312282039299787,55.260670037538056,61.25383199894207,15.220902236988065,53.95148730065657,23.355439453633053,24.257525135633923
34.5796813728559,49.8967574102451,115.93118372921255,8.781939660399743,156.23625281474503,73.39046545654645,98.6298562764758,72.33454299584668,6.346335743458831,33.76005729598857
37.03823486604213,60.11618604258506,26.38614499253446,4.766127354070165,60.21419203037158,66.88140125982139,84.9798621700639,76.10394221192594,8.101190813137023,20.09902061976042
37.3296751297666,62.36935830405996,96.23050822743154,8.926929605560058,148.17098072354204,18.714633092619067,45.199403663805214,15.238572437839759,8.244215961789234,22.912035218235065
35.240819046431284,65.24271691759478,261.3618122352047,8.359951917898838,169.08429779145462,61.51929420442944,75.28255176687996,39.91611904496178,20.246962136639322,23.06636662120049
26.976311673961913,49.54074892501215,30.250720435816238,7.471227522429771,159.0100416861033,17.4844815384199,68.79394815115668,35.359115456174166,2.926488130132732,24.778257370057872
39.59977649979219,73.37187698885269,142.12118797640858,7.807479751189897,62.069083557607726,43.11746312649715,25.26225720514844,19.178428422885446,11.663403464230003,21.584324042861038
26.351060164093678,71.93049272943892,52.91877973250378,4.827114026634584,86.30752907505504,59.05149791290284,37.21165818129991,41.8974753620165,10.97572805583966,24.06412795630056
32.04975878025336,67.55839790765489,136.71538459290298,4.686659383025035,88.5176906143225,58.09370583970481,53.7466434665185,36.34016960425278,2.2919207148370857,26.903891279346823
21.54363191752831,37.394511911206976,254.87844359402567,4.9579460844811445,103.34185443984964,16.31197546836039,65.59519708933405,65.83593218185635,10.564526464336506,29.115474118018152
39.569875770000635,61.002912921236394,194.45988935270535,4.89311916598862,41.800841792625846,8.271417116419606,56.57502322887904,87.73063440856674,13.077760590457542,28.53201227595802
33.487690281022594,53.154747686809415,226.2917766927985,6.963215550612459,95.96930957872506,80.83225981801232,49.933808795615015,50.026071436843,2.0950649663703746,27.995242439901926
34.574305995420104,61.91750053947797,117.74915232588268,5.469497942003051,107.04876819794114,73.96263151462051,47.09946597821551,75.70653520348003,12.99162214689435,31.274826506386372
19.44708747504518,89.92131830847669,284.43135460283963,8.370925367430269,111.02470935039996,12.772795933650116,52.335127433026706,22.848912305739336,24.001328664743326,21.745536771045536
34.795191912854776,61.23453730529654,218.59338625826004,6.505868803806324,165.78108169704706,17.10447428614758,46.26339438536718,88.7570413206601,24.48340091745754,33.74831053218014
35.04391544285323,30.90875146956827,138.10366939966866,7.629797144062238,108.2935547111041,89.79545875701393,56.426357366843014,23.42833696292812,13.526154575450374,21.11803263080743
32.77899997996906,58.524387975468514,139.4101440635754,7.437928918365719,53.84894527759828,78.0672456540691,89.35860340943334,26.90490389274626,13.119874848772495,25.92814536515919
24.42201150338756,83.34213170320984,277.2315698241233,5.939338675183695,135.99446026639555,99.63522814058405,65.1187847401881,19.36881471571553,7.49495007720159,27.860322396076054
28.773180927539393,80.70396000918093,181.3933141619097,5.594254080865781,161.4896873764588,29.128807674477063,73.64898312391131,37.25179613380721,24.92932905694649,27.915426731229264
20.429556168791763,63.37035477933176,217.78617877285168,6.0410532838348585,70.68061662326974,51.341283942537416,61.76089770442377,58.61211931096629,7.218614690118038,30.73656391228493
28.374915462101356,46.2349858358555,136.76986286368782,8.084962682324269,132.60812651334498,27.46365972592379,66.08667982933022,96.94348180375675,11.59608186077893,35.185861853129886
23.364124757208906,60.23076308944543,82.63397413411995,7.138245817888283,37.918219229742405,64.16601315534442,59.94323370257712,79.81638704986386,0.571884416165575,31.05341428782207
25.680133702869803,66.64064426218246,222.5966017584372,5.6409239813362895,74.96599786983217,15.964352713675208,7.552319608603204,43.47835065449441,9.056191127273854,28.082402585150923
21.57720898488137,94.99164348781869,190.1906561995886,8.180308993771936,182.75254661443049,17.088101410588145,99.96184630900188,60.6744530955142,2.2502873649161854,27.02310500762294
23.061196090431736,71.87157586100952,160.37600651893823,4.74641723749638,183.14855100088846,11.829349683486651,8.192877820225185,64.85110672265029,18.72370687443574,32.48749625681149
19.684510120042557,75.12722045406989,194.72586319844987,7.646325187456329,119.31166996118209,70.89067781509586,42.539060782197105,82.39999546976654,14.24485409923334,26.39123742896167
38.23783006161227,61.944519331923374,78.31996409798542,6.475953625871899,143.44677756437028,51.936894856154645,14.985989438398676,74.80775711694244,14.518210993547584,23.48414450351649
29.669035135458873,53.04182080086444,242.30283782894776,7.7908067372964975,172.26292888912886,63.684465553689854,14.208202791888583,60.09761917346035,7.519526504542723,28.40700211587518
26.728323367780273,82.8419439370684,285.48558540568564,8.673575761095421,192.12510520939907,88.5335994259891,80.38506040907595,68.88810637948978,20.464959111197853,33.09393334335845
29.770642680913248,62.170601082050354,269.50888036695676,7.875153440761068,103.0784236550562,75.33120605175907,45.46294903901731,75.64074976473518,0.5801376706156293,28.939956884039503
31.82245102659416,94.65485844769414,110.0020086859648,6.488844098901221,116.69938995894653,48.863677225835644,81.10817728838266,21.71667720373958,8.673228889522706,27.248958794465192
38.28133345412568,59.71283732742286,133.68161651898123,5.179390566812463,88.97189766308774,98.51381889745151,30.914714714678993,27.640080594873435,16.65768851624226,23.34763062371639
21.931244950298893,34.42001843709253,246.35264394331713,8.128579391124452,23.676568040721463,48.344329608487456,29.363965221592302,70.59541742386148,22.744102166714566,28.41717248274702
24.50215496997479,74.36757891085537,186.63279663088906,6.573174871146172,90.33265976527551,15.682813957185653,28.866981272373902,84.83744945491162,6.24809094466821,33.4177267395411
39.467365399570525,33.03169431017772,173.4160442294618,4.838905455557084,160.21919448278467,99.30220098900801,63.53383450875233,46.01508087757957,13.756951267321742,23.76510479255129
26.16624570626754,46.282603797505715,279.45975090936463,7.735749289995897,162.92824461839044,7.167969351410494,82.42494203533201,96.23034837746613,13.680789803066366,34.8576423776616
18.496356316661206,52.99298643069372,170.08698907357422,5.813333846624653,179.55165177272696,57.238938151336455,47.96479595714785,29.014312475256812,21.917272041570644,21.954999406287293
21.248156838017493,78.06643306538629,164.18283028444677,4.719997032773334,19.778673983434125,34.36407142647238,41.02864461090282,46.66953681982262,1.7376637942161375,28.675832077275277
18.579451438468144,62.12533521649483,31.765205554580703,8.56237956738335,110.15937202032043,52.837454346613555,97.49005764915668,43.31002782476628,10.899651246232327,21.981975240256645
39.77830913325603,31.86198553516668,39.43674840523854,6.673954914422595,30.41065270804449,58.07773049647955,16.091633421105687,91.86604278392576,4.970409032402323,23.660033361320544
24.135158677806906,70.09524033293494,22.07768620658205,5.764324739278597,48.14101480149123,27.809110146456323,51.23010479426479,35.113309546383476,1.0275487073156522,23.18195885481979
38.317940652596974,56.743355432733054,275.70838321941744,7.723739510482102,181.04113545231522,57.901581795039874,43.80633655223627,51.42958846771497,4.10225804275183,23.632188851321338
39.90949806671375,89.91924314786196,134.34826480495616,8.486560699571537,104.39033910164221,76.82580564052606,14.322026675754586,26.476577886148995,24.423531484780877,21.61997254009558
31.196506865148514,62.471550224115305,151.19718531735552,4.5013818376519,154.1235349703566,30.318434538179844,30.479034398380822,55.87142899349506,5.763788483246564,32.21764578250892
18.73031893144236,76.08338448605704,256.70834532588935,7.595334832689692,22.232980126449355,41.425482664821175,7.701915195015642,85.45156691279601,23.4082539467271,25.47572776290634
19.795015868512394,44.22645200142055,190.58896690521783,7.951552623082897,89.19703574572188,30.4830558505855,88.31065745338091,36.75547264636965,5.528731394458071,20.394823132355334
28.59495921237331,79.46328169455745,190.6604469893627,5.4446734227577185,138.10565332622417,82.95317444387923,62.74570525408811,81.34970235032888,23.31673307091987,30.582997795420884
26.93578428405269,76.8620951814387,103.02964021934748,6.703307241345785,35.34723144286053,73.87331462491169,82.42675729767382,90.19541923145509,16.5382129124077,32.80230526865204
31.33590072719889,88.76531105518504,253.49434469886538,4.901786545130711,71.9053970300798,87.7636615357487,54.547672978284034,16.4202942948816,3.273855148797206,26.483600612383952
27.654651813650005,32.19840671174795,66.43239329105826,7.860374471319064,22.264082954537816,21.154739825657632,61.95343379507996,76.5653591960941,14.756921300601155,24.719510213668393
38.549690683972656,59.08754534513432,34.88188580842541,8.313552083535086,133.75458876520696,11.990065625176397,71.58117539187066,32.47022238124319,8.303593919736826,17.623962321541704
29.76427373909724,74.14510117807596,73.64894010518904,4.986839957960973,194.46933922104253,16.341432866573967,91.26110460910041,25.42883430322336,9.88725232146272,24.986130326778618
33.261973352173726,36.18565350521398,94.9664212568781,8.174071140447756,167.13864331713762,20.296741618302455,13.716429343455347,62.89877049820317,11.28418846695684,28.597636444214128
37.722675998134925,56.6892643646793,99.04709619917789,7.972065767180402,195.17839219343747,55.64285276410622,36.44009749989405,72.09303022812557,10.856322051993196,27.437258527108295
21.231181268330563,91.2395291993027,207.74380761325492,6.061109941669038,170.66491106869532,97.23664668446266,72.35748811650005,44.738966744698814,16.77066781683421,33.669853618704266
23.05416239060763,58.335741907923335,80.99088445202018,7.606302884701124,172.48720317742595,38.93736457859429,96.04330348513231,13.447286223232773,19.325017680473696,25.130092847858386
20.36101053042833,94.05131092624104,209.46432525859566,4.500216557524403,119.66366712055509,96.0582855892195,98.17670570655052,89.9659981293178,8.564853385427472,32.31151469794721
21.072044783058068,33.694538970188276,45.51700850546393,8.693089445096994,108.46793916850989,8.629075523972073,65.61978586803993,74.30572868257957,23.1469170612994,30.08170694097344
29.276847272553127,76.65893544915792,61.216689107414524,6.976724558887678,87.18831062128724,93.05285926739253,23.39185538671239,33.90667898810529,23.492424693462475,25.57993231892431
25.065943697284208,67.76605535613751,162.4700055774786,7.291524888278998,165.4380300587172,22.209497693972263,16.32484658432589,53.72401930553711,1.4969157102030133,30.383571073418604
27.309802469588607,62.53507901358815,278.13082472145993,7.490967360925944,44.59284633282467,91.68512364333814,94.87414620664042,12.445765517102865,0.8652653276339533,24.667995162772428
39.614776299469355,93.10508109652561,260.6789248671119,7.02616057748265,20.682734006596707,10.34160586096881,46.22313049893821,39.856884798922884,10.914125088700994,19.868340790408897
21.44749565151086,38.42727603192336,291.25096388398487,8.355437493927584,190.09982631008825,95.0808475120281,23.507523159955056,55.98310073149041,14.970808649197634,30.87916092971267
29.897865557557665,88.23993185925937,202.13413827788784,7.2436582446819475,10.717855188660641,24.075835110291777,93.7197889988721,55.515678130230015,7.30866631257551,28.02077242555181
20.17516541118032,74.93062672387967,209.22816259650577,8.584919960582127,195.59757115641185,33.75783570695027,14.929805798609628,28.32026926475162,6.855636901601471,30.835243279219505
25.00691889180533,46.83474476447613,195.00643970081777,7.120492300053041,148.4821402760155,51.63952268978102,74.30925420142214,78.35376822418239,17.11917882787517,31.307680828182765
29.605570320841167,88.60849446609907,194.38929840029525,5.270050898912549,72.41479474258725,41.168483717370144,64.39998761661676,36.29986995034462,15.24175497406146,27.067532798784125
38.82589841123743,57.90416966096586,61.1936966189237,8.611031501276862,142.58577018639895,68.41515707999925,13.334793116184724,61.07608203966159,4.5950984373311865,21.313981745765883
26.607020868236624,82.92477632474962,172.24690772590003,7.567323742618996,165.3962798651742,97.60673788875735,37.18113558574701,33.89395584734178,22.170273599996392,29.357429834401582
19.427947316722737,55.274373608081,128.0990213664832,7.646575474960002,56.61879063742282,62.61051662646937,19.243415506301012,47.41477282283577,17.15941371894621,24.101226814038764
26.539551855126973,85.31050378316067,143.91042041764217,8.934667877572208,156.47017982312056,73.54111389647218,62.427366290650326,28.261287022020262,9.383118104640705,29.334778578368876
21.20630586922751,71.38089269892816,166.60816045658646,4.838384493943106,162.83022875156564,13.360498779041642,50.32573800935574,65.70468574281938,17.248804904783174,29.757698821293328
23.059771492411798,39.168031182942265,55.95092810463045,6.428666731928271,57.37737972381563,64.64218076165051,5.406136842746641,47.451423692438865,3.2600006258114904,25.163956304056043
31.59799370962979,72.22810562551929,120.65656547859356,5.5759292684397685,17.966007331816872,48.11572881940925,97.69250379697127,11.418322794923256,11.972275052064374,23.256817177854916
19.483325056480997,42.43740957562172,37.765877045449,7.336919091211457,48.78323406603856,89.1493240023647,38.21054173950634,12.478519473475416,4.640118034209203,18.490521262678055
28.22392263750082,56.774970813120575,294.30707651827174,8.130652576866323,48.122817688984945,41.880054466094684,29.529417319519748,51.45982002548515,1.5150655301466973,27.837272871658204
31.408154892236816,41.06921297638219,53.18784806963532,8.848398190015857,22.395686293341804,69.54814368474231,26.132080800439752,26.123876287671184,8.788993622063344,20.258553821518902
27.280884632084934,31.431047518362707,92.38692679258726,6.54568248129624,147.9414030844872,26.674604184612512,20.087510136488945,61.48370023673733,4.19301934527919,30.54782002221713
18.42077971372207,43.77262506424724,269.5620194769512,8.03798203789172,82.19523564709756,29.640390684798618,99.91802224056843,45.92087679593787,16.021189945368704,24.005283710415302
39.68142585186304,64.86418154206817,155.1588129469597,8.626732164181707,178.03337181623309,40.73163093761599,33.03539944875246,67.5889455274956,17.0146634034339,27.33379217323851
26.076546881491776,61.30146290552749,57.97841642577649,7.574964446411482,57.91251007638533,33.88603606311776,43.52378223630676,93.81077531762774,4.142961502551782,27.895418206459954
35.12869811253187,62.59731120984414,127.5845506510177,5.592296486023971,96.1141113689862,29.118489742057108,87.77881203691845,56.528779861982315,1.1030186372839437,23.566674531531593
25.16422282812397,46.099647099029085,52.44303837358803,7.2353436799850614,131.41331149608493,9.718527060576882,65.97931283657343,79.28931711592877,19.923858760061428,27.49015500187153
28.450368653855215,74.53547803992211,76.0604791836605,8.86478421517734,176.71834043763783,84.4909015164836,40.02596911580089,76.26760767580247,0.550397007849776,29.043650992313996
26.54620013744192,75.77711364332248,34.56835714595661,8.943992229877043,109.67800930768121,11.10864543467201,90.34120141276604,91.11761718050015,8.925870685002824,28.199451110804933
25.53586304921137,53.26790866137826,142.70369847374798,7.390619206725502,80.96967928435274,89.29972398228192,76.22379921029201,28.833572316944547,12.61729080211891,28.381208350308587
18.48073029857113,87.27605575082133,245.85811408307273,8.49144491042395,174.7328649096817,16.919211961465727,26.650548216461466,82.8047734290748,20.556733619191604,26.76733308642219
25.920460632799077,71.8615090813106,184.07137003597074,5.401572137318713,68.946820690646,11.199865020952608,66.15520448699245,89.68579330841244,21.044686747280448,31.737226572029215
37.56877978878966,76.34755289181106,189.77668553569129,5.607353722284976,25.090502930189526,58.485452578166225,92.62785733777814,44.563142323386835,18.261016294956157,22.14831729946424
33.18865344906104,48.02709466603106,76.1635284233073,8.787994257981868,94.5580004269456,52.73197029459857,52.16378345278919,37.6158251247092,6.556341752227498,26.31892719034301
21.199302900099678,30.039756285113157,116.29027611066262,5.108559189726636,159.16772823461847,51.667284039029084,74.69317826900838,93.77916005168933,18.144579890819685,35.31973980226507
31.005410101700264,86.24941478663712,256.66778907543295,5.359978971420655,15.848358033169387,59.57791111263279,97.25485567897013,65.23168834822039,6.540210347985071,29.579457143443012
37.62907891887517,83.45758499768755,44.599731611424076,6.392468696040233,121.31762654802249,32.27037758131979,70.58934338504523,43.49953070124921,5.75790069742669,21.435707501995584
33.40074890122682,38.007472722783966,260.22058302718943,7.153129294890077,122.94816922017486,67.98018097581306,14.731675527777659,79.68083944198347,13.904634878648043,30.260461320621086
21.27105663184733,54.316833772159924,155.43320735413997,7.217177485357222,186.4229350512025,52.72821087218241,28.233157338472488,36.79370334218292,17.131933873934532,28.068649836791298
37.09231492815893,72.98705504525788,254.40128077103284,5.813892038995039,64.42831525755415,36.800629360945905,61.53416154755165,25.52386757414786,1.7997682648361746,20.061939481435488
24.63396829235504,72.38720571921733,109.0417974304321,8.642762540776566,62.978956510032276,83.51756336316917,31.17780246033108,57.869327950198084,1.9705537275529068,30.017006865658367
27.98967517487152,85.92277176255618,114.87602644324582,8.617949584235383,93.69189375453885,74.13350415103746,95.96646201196829,59.8266599521331,19.71218182701135,29.76996556363738
29.57514071316122,39.11743050630285,230.44936313047998,6.264306238735676,77.81383127958789,42.392982484739086,43.50844323210651,82.66569043952575,21.557682648654254,32.47251772185716
36.711145296320296,57.94608360603272,239.79892854982165,6.454312962436337,149.90571391097208,85.52368959674291,48.43688854457468,50.21840724179784,15.308802450376403,26.519790959043394
38.49536489324854,36.31958716521761,84.3005098372411,7.661237025707603,131.9328946549944,92.42453376061854,71.65219887966114,81.68361547647005,11.006286237818706,26.08441928076862
38.45236331139223,55.32369114851083,292.40397095013356,7.483481533795054,154.1949972021906,56.002295373014434,54.80372447747804,37.396395782653784,21.210253750180055,24.123723097991896
18.174991988127893,30.981983963200786,43.65722918855211,6.220336567324331,165.80794032775094,25.420482764907472,41.30386685443299,60.63240179164569,18.35601730299559,23.14726043186129
38.28154668288006,88.38774923215826,39.180829668596644,6.364099131844515,185.36641521948806,92.00025487196375,12.280598139684983,28.34560454326299,14.70005786156608,20.483295133414476
19.196513252034592,64.25785979386427,186.74118028010878,6.066175245396925,91.87797903908306,23.000563909074135,61.66233100324707,43.919243680660486,8.334049487744704,22.548834793447433
23.847020449983578,85.23714695215298,222.367414976054,5.559232531289886,197.0925039995944,9.600206509640568,87.4201029254333,85.46349340929089,5.350879010591997,35.556062807851745
29.329732804012323,33.89380556521864,289.04811618299266,6.5616226331586285,50.97555454669402,36.11126584294743,70.14743196720534,29.006961022346445,10.757489462152133,26.41802556279485
28.55836515809667,44.78477718073984,133.38481862368124,7.588953593561432,145.72938076999242,74.06180272379878,41.24202595446046,81.30107273513556,7.527153111025183,32.43839061705034
31.303615465522626,46.85969968937674,27.081594517097273,7.838850173914318,111.46177028836595,92.7110382035872,17.133976139197294,34.89270589057175,8.811835399494292,23.816485364710164
28.547817032214127,55.134947151521224,188.81097504499394,8.004931417151832,165.21111299012784,65.54213644737179,82.55212775590317,13.035095331791926,13.132960855144795,28.35984853196617
38.55626495208926,82.18631420584049,101.11488576765612,6.186294060539047,100.58639891522094,95.4246619618327,94.46609441196445,19.67424216500247,4.64280194531444,20.078006100247592
